word	pos	band_median	votes	by_role
-able	suffix	1	3	wordlist-1=2,wordlist-2=1,wordlist-3=1
-al	suffix	1	3	wordlist-1=1,wordlist-2=1,wordlist-3=1
-ance	suffix	2	3	wordlist-1=2,wordlist-2=2,wordlist-3=2
-ation	suffix	1	3	wordlist-1=1,wordlist-2=1,wordlist-3=1
-dom	suffix	3	3	wordlist-1=4,wordlist-2=3,wordlist-3=3
-ed	suffix	1	3	wordlist-1=1,wordlist-2=1,wordlist-3=1
-en	suffix	2	3	wordlist-1=3,wordlist-2=2,wordlist-3=2
-er	suffix	1	3	wordlist-1=1,wordlist-2=1,wordlist-3=1
-ful	suffix	1	3	wordlist-1=2,wordlist-2=1,wordlist-3=1
-hood	suffix	2	3	wordlist-1=4,wordlist-2=2,wordlist-3=2
-ic	suffix	2	3	wordlist-1=2,wordlist-2=1,wordlist-3=2
-ify	suffix	2	3	wordlist-1=3,wordlist-2=2,wordlist-3=2
-ing	suffix	1	3	wordlist-1=1,wordlist-2=1,wordlist-3=1
-ish	suffix	2	3	wordlist-1=2,wordlist-2=1,wordlist-3=2
-ism	suffix	2	3	wordlist-1=3,wordlist-2=1,wordlist-3=2
-ist	suffix	2	3	wordlist-1=2,wordlist-2=1,wordlist-3=2
-ity	suffix	2	3	wordlist-1=2,wordlist-2=1,wordlist-3=2
-ive	suffix	2	3	wordlist-1=2,wordlist-2=1,wordlist-3=2
-ize	suffix	2	3	wordlist-1=2,wordlist-2=1,wordlist-3=2
-less	suffix	1	3	wordlist-1=2,wordlist-2=1,wordlist-3=1
-like	suffix	2	3	wordlist-1=3,wordlist-2=2,wordlist-3=2
-ly	suffix	1	3	wordlist-1=1,wordlist-2=1,wordlist-3=1
-ment	suffix	1	3	wordlist-1=2,wordlist-2=1,wordlist-3=1
-ness	suffix	1	3	wordlist-1=2,wordlist-2=1,wordlist-3=1
-ous	suffix	2	3	wordlist-1=2,wordlist-2=1,wordlist-3=2
-s	suffix	1	3	wordlist-1=1,wordlist-2=1,wordlist-3=1
-ship	suffix	2	3	wordlist-1=3,wordlist-2=2,wordlist-3=2
-sion	suffix	2	3	wordlist-1=2,wordlist-2=2,wordlist-3=2
-tion	suffix	1	3	wordlist-1=1,wordlist-2=1,wordlist-3=1
-ward	suffix	2	3	wordlist-1=3,wordlist-2=2,wordlist-3=2
-wise	suffix	2	3	wordlist-1=3,wordlist-2=2,wordlist-3=2
-y	suffix	1	3	wordlist-1=1,wordlist-2=1,wordlist-3=1
a	det	1	3	wordlist-1=1,wordlist-2=1,wordlist-3=1
a.m.	abbr	2	3	wordlist-1=3,wordlist-2=1,wordlist-3=2
ability	n	1	3	wordlist-1=2,wordlist-2=1,wordlist-3=1
able	adj	1	3	wordlist-1=1,wordlist-2=1,wordlist-3=1
about	adv	1	3	wordlist-1=1,wordlist-2=1,wordlist-3=1
about	prep	1	3	wordlist-1=1,wordlist-2=1,wordlist-3=1
above	adv	1	3	wordlist-1=2,wordlist-2=1,wordlist-3=1
above	prep	1	3	wordlist-1=2,wordlist-2=1,wordlist-3=1
abroad	adv	2	3	wordlist-1=2,wordlist-2=2,wordlist-3=2
absolutely	adv	1	3	wordlist-1=2,wordlist-2=1,wordlist-3=1
absorb	v	2	3	wordlist-1=3,wordlist-2=2,wordlist-3=2
abstract	adj	2	3	wordlist-1=3,wordlist-2=2,wordlist-3=2
abstract	n	3	3	wordlist-1=3,wordlist-2=3,wordlist-3=2
academic	adj	2	3	wordlist-1=2,wordlist-2=2,wordlist-3=2
accelerate	v	3	3	wordlist-1=4,wordlist-2=3,wordlist-3=2
accent	n	2	3	wordlist-1=3,wordlist-2=2,wordlist-3=2
accept	v	1	3	wordlist-1=1,wordlist-2=1,wordlist-3=1
access	n	1	3	wordlist-1=2,wordlist-2=1,wordlist-3=1
access	v	2	3	wordlist-1=3,wordlist-2=1,wordlist-3=2
accessible	adj	2	3	wordlist-1=3,wordlist-2=2,wordlist-3=2
accessory	n	2	3	wordlist-1=4,wordlist-2=2,wordlist-3=2
accident	n	1	3	wordlist-1=2,wordlist-2=1,wordlist-3=1
account	n	1	3	wordlist-1=1,wordlist-2=1,wordlist-3=1
accurate	adj	2	3	wordlist-1=2,wordlist-2=2,wordlist-3=2
ache	n	3	3	wordlist-1=3,wordlist-2=3,wordlist-3=2
ache	v	3	3	wordlist-1=4,wordlist-2=3,wordlist-3=2
acid	n	2	3	wordlist-1=3,wordlist-2=2,wordlist-3=2
acquaintance	n	3	3	wordlist-1=4,wordlist-2=3,wordlist-3=2
across	adv	1	3	wordlist-1=2,wordlist-2=1,wordlist-3=1
across	prep	1	3	wordlist-1=1,wordlist-2=1,wordlist-3=1
act	n	1	3	wordlist-1=1,wordlist-2=1,wordlist-3=1
act	v	1	3	wordlist-1=1,wordlist-2=1,wordlist-3=1
action	n	1	3	wordlist-1=1,wordlist-2=1,wordlist-3=1
active	adj	1	3	wordlist-1=1,wordlist-2=1,wordlist-3=1
activity	n	1	3	wordlist-1=2,wordlist-2=1,wordlist-3=1
actor	n	1	3	wordlist-1=2,wordlist-2=1,wordlist-3=1
actual	adj	1	3	wordlist-1=2,wordlist-2=1,wordlist-3=1
actually	adv	1	3	wordlist-1=1,wordlist-2=1,wordlist-3=1
acute	adj	3	3	wordlist-1=4,wordlist-2=3,wordlist-3=2
ad	abbr	2	3	wordlist-1=2,wordlist-2=1,wordlist-3=2
adapt	v	2	3	wordlist-1=3,wordlist-2=2,wordlist-3=2
add	v	1	3	wordlist-1=1,wordlist-2=1,wordlist-3=1
addiction	n	2	3	wordlist-1=3,wordlist-2=2,wordlist-3=2
address	n	1	3	wordlist-1=1,wordlist-2=1,wordlist-3=1
adequate	adj	2	3	wordlist-1=3,wordlist-2=2,wordlist-3=2
adjacent	adj	3	3	wordlist-1=4,wordlist-2=3,wordlist-3=2
adjective	n	2	3	wordlist-1=3,wordlist-2=2,wordlist-3=2
admiration	n	3	3	wordlist-1=4,wordlist-2=3,wordlist-3=2
admire	v	2	3	wordlist-1=3,wordlist-2=2,wordlist-3=2
adolescence	n	3	3	wordlist-1=4,wordlist-2=3,wordlist-3=2
adopt	v	2	3	wordlist-1=3,wordlist-2=2,wordlist-3=2
adoption	n	2	3	wordlist-1=4,wordlist-2=2,wordlist-3=2
adult	adj	2	3	wordlist-1=2,wordlist-2=1,wordlist-3=2
adult	n	1	3	wordlist-1=2,wordlist-2=1,wordlist-3=1
advanced	adj	2	3	wordlist-1=3,wordlist-2=1,wordlist-3=2
advantage	n	1	3	wordlist-1=2,wordlist-2=1,wordlist-3=1
advertise	v	2	3	wordlist-1=3,wordlist-2=2,wordlist-3=2
affect	v	2	3	wordlist-1=2,wordlist-2=1,wordlist-3=2
affection	n	3	3	wordlist-1=4,wordlist-2=3,wordlist-3=2
afford	v	1	3	wordlist-1=2,wordlist-2=1,wordlist-3=1
afraid	adj	1	3	wordlist-1=1,wordlist-2=1,wordlist-3=1
after	adv	1	3	wordlist-1=1,wordlist-2=1,wordlist-3=1
after	conj	1	3	wordlist-1=2,wordlist-2=1,wordlist-3=1
after	prep	1	3	wordlist-1=1,wordlist-2=1,wordlist-3=1
afternoon	n	1	3	wordlist-1=1,wordlist-2=1,wordlist-3=1
again	adv	1	3	wordlist-1=1,wordlist-2=1,wordlist-3=1
against	prep	1	3	wordlist-1=1,wordlist-2=1,wordlist-3=1
age	n	1	3	wordlist-1=1,wordlist-2=1,wordlist-3=1
age	v	2	3	wordlist-1=3,wordlist-2=2,wordlist-3=2
agency	n	2	3	wordlist-1=3,wordlist-2=1,wordlist-3=2
aggressive	adj	2	3	wordlist-1=3,wordlist-2=2,wordlist-3=2
ago	adv	1	3	wordlist-1=1,wordlist-2=1,wordlist-3=1
agree	v	1	3	wordlist-1=1,wordlist-2=1,wordlist-3=1
agreement	n	1	3	wordlist-1=2,wordlist-2=1,wordlist-3=1
agricultural	adj	2	3	wordlist-1=4,wordlist-2=2,wordlist-3=2
ah	interj	1	3	wordlist-1=3,wordlist-2=1,wordlist-3=1
aha	interj	2	3	wordlist-1=4,wordlist-2=2,wordlist-3=1
ahead	adv	1	3	wordlist-1=2,wordlist-2=1,wordlist-3=1
aim	n	2	3	wordlist-1=2,wordlist-2=2,wordlist-3=1
aim	v	2	3	wordlist-1=3,wordlist-2=2,wordlist-3=1
air	n	1	3	wordlist-1=1,wordlist-2=1,wordlist-3=1
airport	n	1	3	wordlist-1=2,wordlist-2=1,wordlist-3=1
aisle	n	2	3	wordlist-1=4,wordlist-2=2,wordlist-3=2
alarm	n	2	3	wordlist-1=2,wordlist-2=2,wordlist-3=2
alas	interj	4	3	wordlist-1=5,wordlist-2=4,wordlist-3=3
alive	adj	1	3	wordlist-1=2,wordlist-2=1,wordlist-3=1
all	det	1	3	wordlist-1=1,wordlist-2=1,wordlist-3=1
all	pron	1	3	wordlist-1=1,wordlist-2=1,wordlist-3=1
allergic	adj	2	3	wordlist-1=4,wordlist-2=2,wordlist-3=2
allergy	n	2	3	wordlist-1=4,wordlist-2=2,wordlist-3=2
alley	n	3	3	wordlist-1=4,wordlist-2=3,wordlist-3=2
alliance	n	2	3	wordlist-1=4,wordlist-2=2,wordlist-3=2
allow	v	1	3	wordlist-1=1,wordlist-2=1,wordlist-3=1
almost	adv	1	3	wordlist-1=1,wordlist-2=1,wordlist-3=1
alone	adj	1	3	wordlist-1=2,wordlist-2=1,wordlist-3=1
alone	adv	1	3	wordlist-1=2,wordlist-2=1,wordlist-3=1
along	adv	1	3	wordlist-1=1,wordlist-2=1,wordlist-3=1
along	prep	1	3	wordlist-1=1,wordlist-2=1,wordlist-3=1
alongside	prep	2	3	wordlist-1=3,wordlist-2=2,wordlist-3=2
alphabet	n	2	3	wordlist-1=2,wordlist-2=2,wordlist-3=2
already	adv	1	3	wordlist-1=1,wordlist-2=1,wordlist-3=1
alright	adv	2	3	wordlist-1=2,wordlist-2=1,wordlist-3=2
alright	interj	2	3	wordlist-1=3,wordlist-2=1,wordlist-3=2
also	adv	1	3	wordlist-1=1,wordlist-2=1,wordlist-3=1
alter	v	2	3	wordlist-1=3,wordlist-2=2,wordlist-3=2
alteration	n	3	3	wordlist-1=4,wordlist-2=3,wordlist-3=2
although	conj	1	3	wordlist-1=1,wordlist-2=1,wordlist-3=1
altitude	n	3	3	wordlist-1=3,wordlist-2=3,wordlist-3=2
always	adv	1	3	wordlist-1=1,wordlist-2=1,wordlist-3=1
am	abbr	2	3	wordlist-1=2,wordlist-2=1,wordlist-3=2
amateur	adj	2	3	wordlist-1=4,wordlist-2=2,wordlist-3=2
amateur	n	2	3	wordlist-1=3,wordlist-2=2,wordlist-3=2
ambitious	adj	2	3	wordlist-1=3,wordlist-2=2,wordlist-3=2
ambulance	n	2	3	wordlist-1=3,wordlist-2=2,wordlist-3=2
amid	prep	3	3	wordlist-1=4,wordlist-2=3,wordlist-3=2
amidst	prep	4	3	wordlist-1=4,wordlist-2=4,wordlist-3=2
among	prep	1	3	wordlist-1=2,wordlist-2=1,wordlist-3=1
amount	n	1	3	wordlist-1=2,wordlist-2=1,wordlist-3=1
amount to	phrv	2	3	wordlist-1=2,wordlist-2=3,wordlist-3=1
amphibian	n	3	3	wordlist-1=3,wordlist-2=3,wordlist-3=4
an	det	1	3	wordlist-1=1,wordlist-2=1,wordlist-3=1
analysis	n	2	3	wordlist-1=2,wordlist-2=2,wordlist-3=1
analyze	v	2	3	wordlist-1=3,wordlist-2=2,wordlist-3=1
ancestor	n	3	3	wordlist-1=3,wordlist-2=3,wordlist-3=2
and	conj	1	3	wordlist-1=1,wordlist-2=1,wordlist-3=1
anger	n	2	3	wordlist-1=2,wordlist-2=2,wordlist-3=2
anger	v	3	3	wordlist-1=3,wordlist-2=3,wordlist-3=2
angle	n	2	3	wordlist-1=2,wordlist-2=2,wordlist-3=2
angry	adj	1	3	wordlist-1=2,wordlist-2=1,wordlist-3=1
animal	n	1	3	wordlist-1=1,wordlist-2=1,wordlist-3=1
anniversary	n	2	3	wordlist-1=3,wordlist-2=2,wordlist-3=2
annual	adj	2	3	wordlist-1=3,wordlist-2=2,wordlist-3=2
another	det	1	3	wordlist-1=1,wordlist-2=1,wordlist-3=1
another	pron	1	3	wordlist-1=1,wordlist-2=1,wordlist-3=1
answer	n	1	3	wordlist-1=1,wordlist-2=1,wordlist-3=1
answer	v	1	3	wordlist-1=1,wordlist-2=1,wordlist-3=1
anti-	prefix	3	3	wordlist-1=3,wordlist-2=2,wordlist-3=3
antibiotic	n	3	3	wordlist-1=3,wordlist-2=2,wordlist-3=3
anxiety	n	2	3	wordlist-1=3,wordlist-2=2,wordlist-3=2
anxious	adj	2	3	wordlist-1=3,wordlist-2=2,wordlist-3=2
any	det	1	3	wordlist-1=1,wordlist-2=1,wordlist-3=1
any	pron	1	3	wordlist-1=1,wordlist-2=1,wordlist-3=1
anybody	pron	1	3	wordlist-1=2,wordlist-2=1,wordlist-3=1
anyone	pron	1	3	wordlist-1=2,wordlist-2=1,wordlist-3=1
anything	pron	1	3	wordlist-1=1,wordlist-2=1,wordlist-3=1
anyway	adv	1	3	wordlist-1=2,wordlist-2=1,wordlist-3=1
anywhere	adv	1	3	wordlist-1=2,wordlist-2=1,wordlist-3=1
apart	adv	1	3	wordlist-1=2,wordlist-2=1,wordlist-3=1
apartment	n	1	3	wordlist-1=2,wordlist-2=1,wordlist-3=1
apologies	n	3	3	wordlist-1=3,wordlist-2=2,wordlist-3=3
apologize	v	2	3	wordlist-1=3,wordlist-2=2,wordlist-3=2
app	abbr	2	3	wordlist-1=2,wordlist-2=1,wordlist-3=2
app	n	2	3	wordlist-1=2,wordlist-2=1,wordlist-3=3
appeal	n	3	3	wordlist-1=3,wordlist-2=2,wordlist-3=3
appeal	v	2	3	wordlist-1=3,wordlist-2=2,wordlist-3=2
appear	v	1	3	wordlist-1=1,wordlist-2=1,wordlist-3=2
appearance	n	2	3	wordlist-1=2,wordlist-2=2,wordlist-3=1
appetite	n	2	3	wordlist-1=3,wordlist-2=2,wordlist-3=2
appetizer	n	3	3	wordlist-1=4,wordlist-2=3,wordlist-3=2
appliance	n	3	3	wordlist-1=3,wordlist-2=2,wordlist-3=3
apply	v	1	3	wordlist-1=1,wordlist-2=1,wordlist-3=3
appointment	n	2	3	wordlist-1=2,wordlist-2=1,wordlist-3=2
appreciate	v	2	3	wordlist-1=2,wordlist-2=1,wordlist-3=2
approximately	adv	2	3	wordlist-1=3,wordlist-2=2,wordlist-3=2
apt	abbr	3	3	wordlist-1=4,wordlist-2=3,wordlist-3=2
apt.	abbr	3	3	wordlist-1=4,wordlist-2=3,wordlist-3=3
arcade	n	3	3	wordlist-1=3,wordlist-2=3,wordlist-3=3
archive	n	3	3	wordlist-1=3,wordlist-2=2,wordlist-3=3
archive	v	3	3	wordlist-1=4,wordlist-2=3,wordlist-3=3
arduous	adj	4	3	wordlist-1=5,wordlist-2=4,wordlist-3=3
area	n	1	3	wordlist-1=1,wordlist-2=1,wordlist-3=4
arena	n	2	3	wordlist-1=3,wordlist-2=2,wordlist-3=1
argue	v	2	3	wordlist-1=2,wordlist-2=1,wordlist-3=2
argument	n	2	3	wordlist-1=2,wordlist-2=1,wordlist-3=2
arid	adj	4	3	wordlist-1=4,wordlist-2=4,wordlist-3=2
arm	n	1	3	wordlist-1=1,wordlist-2=1,wordlist-3=3
army	n	1	3	wordlist-1=2,wordlist-2=1,wordlist-3=1
aroma	n	3	3	wordlist-1=4,wordlist-2=3,wordlist-3=1
around	adv	1	3	wordlist-1=1,wordlist-2=1,wordlist-3=3
around	prep	1	3	wordlist-1=1,wordlist-2=1,wordlist-3=1
arrest	n	2	3	wordlist-1=3,wordlist-2=2,wordlist-3=1
arrest	v	2	3	wordlist-1=2,wordlist-2=2,wordlist-3=2
arrival	n	2	3	wordlist-1=3,wordlist-2=2,wordlist-3=2
arrive	v	1	3	wordlist-1=1,wordlist-2=1,wordlist-3=2
arrogance	n	3	3	wordlist-1=4,wordlist-2=3,wordlist-3=2
arrogant	adj	3	3	wordlist-1=3,wordlist-2=3,wordlist-3=2
art	n	2	3	wordlist-1=2,wordlist-2=1,wordlist-3=3
artery	n	3	3	wordlist-1=3,wordlist-2=3,wordlist-3=3
artist	n	1	3	wordlist-1=2,wordlist-2=1,wordlist-3=1
as	conj	1	3	wordlist-1=1,wordlist-2=1,wordlist-3=1
as	prep	1	3	wordlist-1=1,wordlist-2=1,wordlist-3=1
as well as	prep	1	3	wordlist-1=2,wordlist-2=1,wordlist-3=1
asap	abbr	3	3	wordlist-1=3,wordlist-2=2,wordlist-3=3
ash	n	3	3	wordlist-1=3,wordlist-2=3,wordlist-3=3
ashamed	adj	2	3	wordlist-1=3,wordlist-2=2,wordlist-3=2
ask	v	1	3	wordlist-1=1,wordlist-2=1,wordlist-3=2
asleep	adj	2	3	wordlist-1=2,wordlist-2=2,wordlist-3=1
assemble	v	2	3	wordlist-1=3,wordlist-2=2,wordlist-3=2
assess	v	2	3	wordlist-1=3,wordlist-2=2,wordlist-3=2
assessment	n	2	3	wordlist-1=3,wordlist-2=2,wordlist-3=2
asset	n	2	3	wordlist-1=3,wordlist-2=2,wordlist-3=2
assignment	n	2	3	wordlist-1=3,wordlist-2=2,wordlist-3=2
associate	v	2	3	wordlist-1=3,wordlist-2=2,wordlist-3=2
assume	v	2	3	wordlist-1=2,wordlist-2=2,wordlist-3=2
assuming	conj	3	3	wordlist-1=3,wordlist-2=3,wordlist-3=2
assumption	n	2	3	wordlist-1=3,wordlist-2=2,wordlist-3=2
asthma	n	3	3	wordlist-1=3,wordlist-2=3,wordlist-3=2
at	prep	1	3	wordlist-1=1,wordlist-2=1,wordlist-3=3
athlete	n	2	3	wordlist-1=3,wordlist-2=2,wordlist-3=1
atm	abbr	2	3	wordlist-1=3,wordlist-2=2,wordlist-3=2
atmosphere	n	2	3	wordlist-1=2,wordlist-2=2,wordlist-3=3
attack	n	2	3	wordlist-1=2,wordlist-2=1,wordlist-3=2
attack	v	2	3	wordlist-1=2,wordlist-2=1,wordlist-3=2
attempt	n	2	3	wordlist-1=2,wordlist-2=2,wordlist-3=2
attempt	v	2	3	wordlist-1=2,wordlist-2=2,wordlist-3=2
attention	n	1	3	wordlist-1=1,wordlist-2=1,wordlist-3=2
attic	n	3	3	wordlist-1=3,wordlist-2=3,wordlist-3=1
attitude	n	2	3	wordlist-1=2,wordlist-2=1,wordlist-3=3
atypical	adj	4	3	wordlist-1=4,wordlist-2=4,wordlist-3=2
audible	adj	4	3	wordlist-1=4,wordlist-2=3,wordlist-3=4
audience	n	2	3	wordlist-1=2,wordlist-2=2,wordlist-3=3
aunt	n	2	3	wordlist-1=2,wordlist-2=1,wordlist-3=2
authentic	adj	2	3	wordlist-1=3,wordlist-2=2,wordlist-3=2
authentically	adv	4	3	wordlist-1=4,wordlist-2=4,wordlist-3=2
author	n	2	3	wordlist-1=2,wordlist-2=2,wordlist-3=3
authority	n	2	3	wordlist-1=2,wordlist-2=2,wordlist-3=2
auto-	prefix	2	3	wordlist-1=4,wordlist-2=2,wordlist-3=2
automatic	adj	2	3	wordlist-1=3,wordlist-2=2,wordlist-3=2
autumn	n	2	3	wordlist-1=2,wordlist-2=2,wordlist-3=3
available	adj	2	3	wordlist-1=2,wordlist-2=1,wordlist-3=3
ave	abbr	3	3	wordlist-1=4,wordlist-2=3,wordlist-3=2
avenue	n	3	3	wordlist-1=3,wordlist-2=2,wordlist-3=3
average	adj	2	3	wordlist-1=2,wordlist-2=2,wordlist-3=2
average	n	2	3	wordlist-1=2,wordlist-2=2,wordlist-3=2
awake	adj	2	3	wordlist-1=3,wordlist-2=2,wordlist-3=2
aware	adj	2	3	wordlist-1=2,wordlist-2=1,wordlist-3=2
awareness	n	2	3	wordlist-1=3,wordlist-2=2,wordlist-3=2
away	adv	1	3	wordlist-1=1,wordlist-2=1,wordlist-3=2
awful	adj	2	3	wordlist-1=2,wordlist-2=2,wordlist-3=1
baby	n	1	3	wordlist-1=1,wordlist-2=1,wordlist-3=1
back	adv	1	3	wordlist-1=1,wordlist-2=1,wordlist-3=1
back	n	1	3	wordlist-1=1,wordlist-2=1,wordlist-3=1
back up	phrv	2	3	wordlist-1=2,wordlist-2=2,wordlist-3=2
backpack	n	2	3	wordlist-1=3,wordlist-2=2,wordlist-3=2
backup	n	2	3	wordlist-1=3,wordlist-2=2,wordlist-3=2
backward	adv	2	3	wordlist-1=3,wordlist-2=2,wordlist-3=2
bacon	n	2	3	wordlist-1=3,wordlist-2=2,wordlist-3=2
bacteria	n	2	3	wordlist-1=3,wordlist-2=2,wordlist-3=2
bad	adj	1	3	wordlist-1=1,wordlist-2=1,wordlist-3=1
badly	adv	2	3	wordlist-1=2,wordlist-2=2,wordlist-3=2
bag	n	1	3	wordlist-1=1,wordlist-2=1,wordlist-3=2
baggage	n	2	3	wordlist-1=3,wordlist-2=2,wordlist-3=1
baggy	adj	3	3	wordlist-1=4,wordlist-2=3,wordlist-3=2
bake	v	2	3	wordlist-1=3,wordlist-2=2,wordlist-3=2
bakery	n	2	3	wordlist-1=3,wordlist-2=2,wordlist-3=2
balcony	n	2	3	wordlist-1=3,wordlist-2=2,wordlist-3=2
bald	adj	3	3	wordlist-1=3,wordlist-2=3,wordlist-3=2
ball	n	1	3	wordlist-1=1,wordlist-2=1,wordlist-3=2
band	n	1	3	wordlist-1=1,wordlist-2=1,wordlist-3=2
bandage	n	3	3	wordlist-1=3,wordlist-2=3,wordlist-3=2
bandage	v	3	3	wordlist-1=4,wordlist-2=3,wordlist-3=2
bang	v	2	3	wordlist-1=3,wordlist-2=2,wordlist-3=2
bank	n	1	3	wordlist-1=1,wordlist-2=1,wordlist-3=2
bankrupt	adj	3	3	wordlist-1=4,wordlist-2=3,wordlist-3=2
banquet	n	3	3	wordlist-1=4,wordlist-2=3,wordlist-3=3
barely	adv	2	3	wordlist-1=2,wordlist-2=2,wordlist-3=2
bark	n	3	3	wordlist-1=3,wordlist-2=3,wordlist-3=2
barley	n	3	3	wordlist-1=4,wordlist-2=3,wordlist-3=3
barn	n	2	3	wordlist-1=3,wordlist-2=2,wordlist-3=2
barren	adj	4	3	wordlist-1=4,wordlist-2=4,wordlist-3=3
barring	prep	4	3	wordlist-1=4,wordlist-2=4,wordlist-3=3
basement	n	2	3	wordlist-1=3,wordlist-2=2,wordlist-3=2
basic	adj	1	3	wordlist-1=1,wordlist-2=1,wordlist-3=1
basically	adv	1	3	wordlist-1=2,wordlist-2=1,wordlist-3=1
basis	n	2	3	wordlist-1=2,wordlist-2=2,wordlist-3=1
basket	n	2	3	wordlist-1=2,wordlist-2=2,wordlist-3=2
bath	n	2	3	wordlist-1=2,wordlist-2=1,wordlist-3=2
bathroom	n	1	3	wordlist-1=2,wordlist-2=1,wordlist-3=1
battery	n	2	3	wordlist-1=2,wordlist-2=2,wordlist-3=2
battle	n	2	3	wordlist-1=2,wordlist-2=2,wordlist-3=2
battle	v	3	3	wordlist-1=3,wordlist-2=3,wordlist-3=2
bay	n	2	3	wordlist-1=3,wordlist-2=2,wordlist-3=2
be	aux	1	3	wordlist-1=1,wordlist-2=1,wordlist-3=1
be	v	1	3	wordlist-1=1,wordlist-2=1,wordlist-3=1
beach	n	2	3	wordlist-1=2,wordlist-2=1,wordlist-3=2
beak	n	3	3	wordlist-1=3,wordlist-2=3,wordlist-3=3
beam	n	2	3	wordlist-1=3,wordlist-2=2,wordlist-3=2
bean	n	2	3	wordlist-1=3,wordlist-2=2,wordlist-3=2
bear	n	2	3	wordlist-1=3,wordlist-2=2,wordlist-3=2
bear	v	2	3	wordlist-1=2,wordlist-2=2,wordlist-3=2
beard	n	2	3	wordlist-1=3,wordlist-2=2,wordlist-3=2
beat	n	2	3	wordlist-1=3,wordlist-2=2,wordlist-3=2
beat	v	2	3	wordlist-1=2,wordlist-2=1,wordlist-3=2
beautiful	adj	1	3	wordlist-1=1,wordlist-2=1,wordlist-3=1
beauty	n	2	3	wordlist-1=2,wordlist-2=2,wordlist-3=2
because	conj	1	3	wordlist-1=1,wordlist-2=1,wordlist-3=1
become	v	1	3	wordlist-1=1,wordlist-2=1,wordlist-3=1
bed	n	1	3	wordlist-1=1,wordlist-2=1,wordlist-3=1
bedroom	n	2	3	wordlist-1=2,wordlist-2=1,wordlist-3=2
bee	n	2	3	wordlist-1=2,wordlist-2=2,wordlist-3=2
beef	n	2	3	wordlist-1=2,wordlist-2=2,wordlist-3=2
beer	n	2	3	wordlist-1=2,wordlist-2=1,wordlist-3=2
before	adv	1	3	wordlist-1=1,wordlist-2=1,wordlist-3=1
before	conj	1	3	wordlist-1=1,wordlist-2=1,wordlist-3=1
before	prep	1	3	wordlist-1=1,wordlist-2=1,wordlist-3=1
begin	v	1	3	wordlist-1=1,wordlist-2=1,wordlist-3=1
beginning	n	1	3	wordlist-1=1,wordlist-2=1,wordlist-3=2
behavior	n	2	3	wordlist-1=2,wordlist-2=2,wordlist-3=2
behaviour	n	2	3	wordlist-1=3,wordlist-2=2,wordlist-3=2
behind	adv	1	3	wordlist-1=1,wordlist-2=1,wordlist-3=1
behind	prep	1	3	wordlist-1=1,wordlist-2=1,wordlist-3=1
belief	n	2	3	wordlist-1=2,wordlist-2=2,wordlist-3=2
believe	v	1	3	wordlist-1=1,wordlist-2=1,wordlist-3=1
belong	v	2	3	wordlist-1=2,wordlist-2=2,wordlist-3=2
belong to	phrv	2	3	wordlist-1=2,wordlist-2=2,wordlist-3=2
belongings	n	3	3	wordlist-1=3,wordlist-2=3,wordlist-3=2
below	adv	1	3	wordlist-1=2,wordlist-2=1,wordlist-3=1
below	prep	1	3	wordlist-1=2,wordlist-2=1,wordlist-3=1
belt	n	2	3	wordlist-1=2,wordlist-2=2,wordlist-3=2
bench	n	2	3	wordlist-1=3,wordlist-2=2,wordlist-3=2
bend	n	3	3	wordlist-1=4,wordlist-2=3,wordlist-3=2
bend	v	2	3	wordlist-1=3,wordlist-2=2,wordlist-3=2
beneath	prep	3	3	wordlist-1=3,wordlist-2=2,wordlist-3=3
benefit	n	2	3	wordlist-1=2,wordlist-2=1,wordlist-3=2
benefit	v	2	3	wordlist-1=3,wordlist-2=2,wordlist-3=2
benign	adj	4	3	wordlist-1=4,wordlist-2=4,wordlist-3=4
bent	adj	3	3	wordlist-1=3,wordlist-2=3,wordlist-3=2
bereavement	n	4	3	wordlist-1=4,wordlist-2=4,wordlist-3=5
berry	n	2	3	wordlist-1=3,wordlist-2=2,wordlist-3=2
beside	prep	2	3	wordlist-1=2,wordlist-2=2,wordlist-3=1
besides	adv	2	3	wordlist-1=2,wordlist-2=2,wordlist-3=2
besides	prep	2	3	wordlist-1=2,wordlist-2=2,wordlist-3=2
between	prep	1	3	wordlist-1=1,wordlist-2=1,wordlist-3=1
beverage	n	3	3	wordlist-1=3,wordlist-2=3,wordlist-3=3
beyond	prep	2	3	wordlist-1=2,wordlist-2=2,wordlist-3=2
bias	n	3	3	wordlist-1=3,wordlist-2=3,wordlist-3=2
bibliography	n	4	3	wordlist-1=4,wordlist-2=4,wordlist-3=4
bicycle	n	2	3	wordlist-1=3,wordlist-2=2,wordlist-3=2
big	adj	1	3	wordlist-1=1,wordlist-2=1,wordlist-3=1
bike	n	2	3	wordlist-1=2,wordlist-2=1,wordlist-3=2
bill	n	1	3	wordlist-1=1,wordlist-2=1,wordlist-3=2
bill	v	3	3	wordlist-1=3,wordlist-2=3,wordlist-3=3
billboard	n	3	3	wordlist-1=3,wordlist-2=3,wordlist-3=4
bin	n	2	3	wordlist-1=2,wordlist-2=2,wordlist-3=2
bind	v	3	3	wordlist-1=3,wordlist-2=3,wordlist-3=2
bio-	comb	4	3	wordlist-1=4,wordlist-2=3,wordlist-3=4
bird	n	1	3	wordlist-1=1,wordlist-2=1,wordlist-3=1
birth	n	2	3	wordlist-1=2,wordlist-2=2,wordlist-3=2
birthday	n	1	3	wordlist-1=1,wordlist-2=1,wordlist-3=2
bit	n	1	3	wordlist-1=1,wordlist-2=1,wordlist-3=2
bite	n	2	3	wordlist-1=3,wordlist-2=2,wordlist-3=2
bite	v	2	3	wordlist-1=2,wordlist-2=2,wordlist-3=2
bitter	adj	2	3	wordlist-1=3,wordlist-2=2,wordlist-3=2
bizarre	adj	3	3	wordlist-1=3,wordlist-2=3,wordlist-3=3
black	adj	1	3	wordlist-1=1,wordlist-2=1,wordlist-3=1
blade	n	2	3	wordlist-1=3,wordlist-2=2,wordlist-3=2
blame	n	2	3	wordlist-1=3,wordlist-2=2,wordlist-3=2
blame	v	2	3	wordlist-1=2,wordlist-2=2,wordlist-3=2
bland	adj	3	3	wordlist-1=4,wordlist-2=3,wordlist-3=3
blanket	n	2	3	wordlist-1=2,wordlist-2=2,wordlist-3=2
blazer	n	3	3	wordlist-1=4,wordlist-2=3,wordlist-3=3
bleach	n	3	3	wordlist-1=3,wordlist-2=3,wordlist-3=3
bleed	v	2	3	wordlist-1=3,wordlist-2=2,wordlist-3=2
blend	v	2	3	wordlist-1=3,wordlist-2=2,wordlist-3=2
blender	n	3	3	wordlist-1=3,wordlist-2=3,wordlist-3=3
bless you	phr	3	3	wordlist-1=3,wordlist-2=3,wordlist-3=2
blind	adj	2	3	wordlist-1=2,wordlist-2=2,wordlist-3=2
blizzard	n	3	3	wordlist-1=4,wordlist-2=3,wordlist-3=3
block	n	2	3	wordlist-1=2,wordlist-2=1,wordlist-3=2
blonde	adj	2	3	wordlist-1=3,wordlist-2=2,wordlist-3=2
blood	n	1	3	wordlist-1=1,wordlist-2=1,wordlist-3=1
bloom	n	3	3	wordlist-1=4,wordlist-2=3,wordlist-3=3
bloom	v	3	3	wordlist-1=3,wordlist-2=3,wordlist-3=3
blossom	n	3	3	wordlist-1=3,wordlist-2=3,wordlist-3=3
blow	v	2	3	wordlist-1=2,wordlist-2=1,wordlist-3=2
blue	adj	1	3	wordlist-1=1,wordlist-2=1,wordlist-3=1
blunt	adj	3	3	wordlist-1=3,wordlist-2=3,wordlist-3=3
blvd	abbr	4	3	wordlist-1=4,wordlist-2=3,wordlist-3=4
board	n	1	3	wordlist-1=1,wordlist-2=1,wordlist-3=2
board	v	2	3	wordlist-1=2,wordlist-2=2,wordlist-3=2
board game	n	2	3	wordlist-1=3,wordlist-2=2,wordlist-3=2
boat	n	2	3	wordlist-1=2,wordlist-2=1,wordlist-3=2
body	n	1	3	wordlist-1=1,wordlist-2=1,wordlist-3=1
boil	v	2	3	wordlist-1=2,wordlist-2=2,wordlist-3=2
bold	adj	2	3	wordlist-1=3,wordlist-2=2,wordlist-3=2
bomb	n	2	3	wordlist-1=2,wordlist-2=2,wordlist-3=2
bone	n	2	3	wordlist-1=2,wordlist-2=1,wordlist-3=2
bonus	n	2	3	wordlist-1=2,wordlist-2=2,wordlist-3=2
book	n	1	3	wordlist-1=1,wordlist-2=1,wordlist-3=1
boot	n	2	3	wordlist-1=2,wordlist-2=2,wordlist-3=2
bore	v	3	3	wordlist-1=3,wordlist-2=3,wordlist-3=2
bored	adj	2	3	wordlist-1=2,wordlist-2=2,wordlist-3=2
born	adj	1	3	wordlist-1=1,wordlist-2=1,wordlist-3=2
borrow	v	2	3	wordlist-1=2,wordlist-2=2,wordlist-3=2
boss	n	2	3	wordlist-1=2,wordlist-2=2,wordlist-3=2
both	conj	1	3	wordlist-1=1,wordlist-2=1,wordlist-3=1
both	det	1	3	wordlist-1=1,wordlist-2=1,wordlist-3=1
both	pron	1	3	wordlist-1=1,wordlist-2=1,wordlist-3=1
bottle	n	2	3	wordlist-1=2,wordlist-2=1,wordlist-3=2
bottom	n	2	3	wordlist-1=2,wordlist-2=1,wordlist-3=2
boulevard	n	3	3	wordlist-1=3,wordlist-2=3,wordlist-3=3
boutique	n	4	3	wordlist-1=4,wordlist-2=3,wordlist-3=4
bowl	n	2	3	wordlist-1=2,wordlist-2=2,wordlist-3=2
box	n	1	3	wordlist-1=1,wordlist-2=1,wordlist-3=2
boy	n	1	3	wordlist-1=1,wordlist-2=1,wordlist-3=1
bra	n	2	3	wordlist-1=3,wordlist-2=2,wordlist-3=2
bracelet	n	3	3	wordlist-1=3,wordlist-2=3,wordlist-3=3
brain	n	2	3	wordlist-1=2,wordlist-2=1,wordlist-3=2
brake	n	2	3	wordlist-1=3,wordlist-2=2,wordlist-3=2
brake	v	3	3	wordlist-1=3,wordlist-2=3,wordlist-3=2
branch	n	2	3	wordlist-1=2,wordlist-2=2,wordlist-3=2
brave	adj	2	3	wordlist-1=3,wordlist-2=2,wordlist-3=2
bravo	interj	4	3	wordlist-1=4,wordlist-2=4,wordlist-3=4
bread	n	1	3	wordlist-1=1,wordlist-2=1,wordlist-3=2
break	n	2	3	wordlist-1=2,wordlist-2=1,wordlist-3=2
break	v	1	3	wordlist-1=1,wordlist-2=1,wordlist-3=2
break down	phrv	2	3	wordlist-1=2,wordlist-2=2,wordlist-3=2
break in	phrv	3	3	wordlist-1=3,wordlist-2=3,wordlist-3=2
break out	phrv	2	3	wordlist-1=2,wordlist-2=2,wordlist-3=2
break up	phrv	2	3	wordlist-1=2,wordlist-2=1,wordlist-3=2
breakfast	n	1	3	wordlist-1=1,wordlist-2=1,wordlist-3=1
breath	n	1	3	wordlist-1=2,wordlist-2=1,wordlist-3=1
breathe	v	1	3	wordlist-1=2,wordlist-2=1,wordlist-3=1
breed	n	2	3	wordlist-1=3,wordlist-2=2,wordlist-3=2
breed	v	2	3	wordlist-1=3,wordlist-2=2,wordlist-3=2
breeze	n	2	3	wordlist-1=3,wordlist-2=2,wordlist-3=2
bridge	n	1	3	wordlist-1=2,wordlist-2=1,wordlist-3=1
brief	adj	2	3	wordlist-1=2,wordlist-2=2,wordlist-3=2
briefcase	n	3	3	wordlist-1=3,wordlist-2=3,wordlist-3=3
briefly	adv	2	3	wordlist-1=3,wordlist-2=2,wordlist-3=2
briefs	n	4	3	wordlist-1=4,wordlist-2=3,wordlist-3=4
bright	adj	1	3	wordlist-1=1,wordlist-2=1,wordlist-3=1
brighten	v	3	3	wordlist-1=3,wordlist-2=3,wordlist-3=3
bring	v	1	3	wordlist-1=1,wordlist-2=1,wordlist-3=1
bring about	phrv	2	3	wordlist-1=3,wordlist-2=2,wordlist-3=2
bring back	phrv	2	3	wordlist-1=2,wordlist-2=2,wordlist-3=2
bring in	phrv	2	3	wordlist-1=2,wordlist-2=2,wordlist-3=2
bring up	phrv	2	3	wordlist-1=2,wordlist-2=1,wordlist-3=2
bring up	v	2	3	wordlist-1=2,wordlist-2=2,wordlist-3=2
broad	adj	2	3	wordlist-1=2,wordlist-2=2,wordlist-3=1
broom	n	3	3	wordlist-1=3,wordlist-2=3,wordlist-3=2
broth	n	3	3	wordlist-1=4,wordlist-2=3,wordlist-3=3
brother	n	1	3	wordlist-1=1,wordlist-2=1,wordlist-3=1
brother-in-law	n	3	3	wordlist-1=3,wordlist-2=3,wordlist-3=3
brown	adj	1	3	wordlist-1=1,wordlist-2=1,wordlist-3=1
browse	v	2	3	wordlist-1=3,wordlist-2=2,wordlist-3=2
browser	n	2	3	wordlist-1=2,wordlist-2=2,wordlist-3=2
bruise	n	3	3	wordlist-1=3,wordlist-2=3,wordlist-3=2
bruise	v	3	3	wordlist-1=3,wordlist-2=3,wordlist-3=2
brush	n	2	3	wordlist-1=2,wordlist-2=2,wordlist-3=2
brush	v	2	3	wordlist-1=2,wordlist-2=2,wordlist-3=2
bucket	n	2	3	wordlist-1=2,wordlist-2=2,wordlist-3=2
buffet	n	3	3	wordlist-1=3,wordlist-2=3,wordlist-3=3
bug	n	2	3	wordlist-1=2,wordlist-2=2,wordlist-3=2
build	v	1	3	wordlist-1=1,wordlist-2=1,wordlist-3=1
building	n	1	3	wordlist-1=1,wordlist-2=1,wordlist-3=1
bulk	n	2	3	wordlist-1=3,wordlist-2=2,wordlist-3=2
bull	n	2	3	wordlist-1=3,wordlist-2=2,wordlist-3=2
burn	n	2	3	wordlist-1=3,wordlist-2=2,wordlist-3=2
burn	v	2	3	wordlist-1=2,wordlist-2=1,wordlist-3=2
burn down	phrv	3	3	wordlist-1=3,wordlist-2=2,wordlist-3=3
bury	v	2	3	wordlist-1=3,wordlist-2=2,wordlist-3=2
bus	n	1	3	wordlist-1=1,wordlist-2=1,wordlist-3=1
bush	n	2	3	wordlist-1=2,wordlist-2=2,wordlist-3=2
business	n	1	3	wordlist-1=1,wordlist-2=1,wordlist-3=1
bustling	adj	3	3	wordlist-1=4,wordlist-2=3,wordlist-3=3
busy	adj	1	3	wordlist-1=1,wordlist-2=1,wordlist-3=1
but	conj	1	3	wordlist-1=1,wordlist-2=1,wordlist-3=1
but	prep	1	3	wordlist-1=1,wordlist-2=1,wordlist-3=2
butcher	n	3	3	wordlist-1=3,wordlist-2=3,wordlist-3=2
butter	n	1	3	wordlist-1=2,wordlist-2=1,wordlist-3=1
button	n	2	3	wordlist-1=2,wordlist-2=2,wordlist-3=2
button	v	3	3	wordlist-1=3,wordlist-2=3,wordlist-3=2
buy	v	1	3	wordlist-1=1,wordlist-2=1,wordlist-3=1
buyer	n	2	3	wordlist-1=3,wordlist-2=2,wordlist-3=2
buzz	n	3	3	wordlist-1=3,wordlist-2=3,wordlist-3=2
buzz	v	3	3	wordlist-1=3,wordlist-2=3,wordlist-3=2
by	prep	1	3	wordlist-1=1,wordlist-2=1,wordlist-3=1
by the way	phr	2	3	wordlist-1=2,wordlist-2=1,wordlist-3=2
bye	interj	1	3	wordlist-1=2,wordlist-2=1,wordlist-3=1
cabinet	n	2	3	wordlist-1=2,wordlist-2=2,wordlist-3=2
cable	n	2	3	wordlist-1=2,wordlist-2=2,wordlist-3=2
cake	n	1	3	wordlist-1=2,wordlist-2=1,wordlist-3=1
calculate	v	2	3	wordlist-1=3,wordlist-2=2,wordlist-3=2
calendar	n	2	3	wordlist-1=2,wordlist-2=2,wordlist-3=2
calf	n	3	3	wordlist-1=3,wordlist-2=3,wordlist-3=2
call	v	1	3	wordlist-1=1,wordlist-2=1,wordlist-3=1
call off	phrv	2	3	wordlist-1=2,wordlist-2=2,wordlist-3=2
call up	phrv	2	3	wordlist-1=3,wordlist-2=2,wordlist-3=2
calm	adj	2	3	wordlist-1=2,wordlist-2=2,wordlist-3=2
calm	n	3	3	wordlist-1=3,wordlist-2=3,wordlist-3=2
calm	v	2	3	wordlist-1=3,wordlist-2=2,wordlist-3=2
calm down	phrv	2	3	wordlist-1=2,wordlist-2=1,wordlist-3=2
calorie	n	2	3	wordlist-1=3,wordlist-2=2,wordlist-3=2
camera	n	1	3	wordlist-1=2,wordlist-2=1,wordlist-3=1
campaign	n	2	3	wordlist-1=2,wordlist-2=2,wordlist-3=2
campaign	v	3	3	wordlist-1=3,wordlist-2=3,wordlist-3=2
can	modal	1	3	wordlist-1=1,wordlist-2=1,wordlist-3=1
canal	n	3	3	wordlist-1=3,wordlist-2=3,wordlist-3=3
cancer	n	2	3	wordlist-1=2,wordlist-2=2,wordlist-3=2
candidate	n	2	3	wordlist-1=2,wordlist-2=2,wordlist-3=2
candy	n	2	3	wordlist-1=2,wordlist-2=2,wordlist-3=2
canyon	n	3	3	wordlist-1=4,wordlist-2=3,wordlist-3=3
capacity	n	2	3	wordlist-1=3,wordlist-2=2,wordlist-3=2
capital	n	2	3	wordlist-1=2,wordlist-2=2,wordlist-3=2
capsule	n	3	3	wordlist-1=3,wordlist-2=3,wordlist-3=3
car	n	1	3	wordlist-1=1,wordlist-2=1,wordlist-3=1
car park	n	3	3	wordlist-1=3,wordlist-2=2,wordlist-3=3
carbohydrate	n	3	3	wordlist-1=4,wordlist-2=3,wordlist-3=3
card	n	1	3	wordlist-1=1,wordlist-2=1,wordlist-3=1
cardigan	n	3	3	wordlist-1=4,wordlist-2=3,wordlist-3=3
care	n	1	3	wordlist-1=1,wordlist-2=1,wordlist-3=1
care	v	1	3	wordlist-1=1,wordlist-2=1,wordlist-3=1
care for	v	2	3	wordlist-1=2,wordlist-2=2,wordlist-3=2
career	n	2	3	wordlist-1=2,wordlist-2=1,wordlist-3=2
careful	adj	1	3	wordlist-1=2,wordlist-2=1,wordlist-3=1
carefully	adv	1	3	wordlist-1=2,wordlist-2=1,wordlist-3=1
careless	adj	2	3	wordlist-1=3,wordlist-2=2,wordlist-3=2
carpet	n	2	3	wordlist-1=2,wordlist-2=2,wordlist-3=2
carriage	n	3	3	wordlist-1=3,wordlist-2=3,wordlist-3=3
carry	v	1	3	wordlist-1=1,wordlist-2=1,wordlist-3=1
carry on	phrv	2	3	wordlist-1=2,wordlist-2=2,wordlist-3=2
carry out	phrv	2	3	wordlist-1=2,wordlist-2=2,wordlist-3=2
cartoon	n	2	3	wordlist-1=2,wordlist-2=2,wordlist-3=2
case	n	1	3	wordlist-1=1,wordlist-2=1,wordlist-3=1
cash	n	1	3	wordlist-1=2,wordlist-2=1,wordlist-3=1
casserole	n	3	3	wordlist-1=4,wordlist-2=3,wordlist-3=3
cast	n	2	3	wordlist-1=3,wordlist-2=2,wordlist-3=2
casual	adj	2	3	wordlist-1=3,wordlist-2=2,wordlist-3=2
cat	n	1	3	wordlist-1=1,wordlist-2=1,wordlist-3=1
catch	n	2	3	wordlist-1=2,wordlist-2=2,wordlist-3=2
catch	v	1	3	wordlist-1=1,wordlist-2=1,wordlist-3=1
catch up	phrv	2	3	wordlist-1=2,wordlist-2=1,wordlist-3=2
categorize	v	3	3	wordlist-1=4,wordlist-2=3,wordlist-3=3
category	n	2	3	wordlist-1=3,wordlist-2=2,wordlist-3=2
cater	v	3	3	wordlist-1=4,wordlist-2=3,wordlist-3=3
cattle	n	3	3	wordlist-1=3,wordlist-2=3,wordlist-3=2
cause	n	1	3	wordlist-1=2,wordlist-2=1,wordlist-3=1
cause	v	1	3	wordlist-1=2,wordlist-2=1,wordlist-3=1
cave	n	2	3	wordlist-1=2,wordlist-2=2,wordlist-3=2
ceasefire	n	3	3	wordlist-1=4,wordlist-2=3,wordlist-3=3
ceiling	n	2	3	wordlist-1=2,wordlist-2=2,wordlist-3=2
celebrate	v	2	3	wordlist-1=2,wordlist-2=2,wordlist-3=2
cell	n	2	3	wordlist-1=2,wordlist-2=2,wordlist-3=2
cemetery	n	3	3	wordlist-1=3,wordlist-2=3,wordlist-3=3
center	n	1	3	wordlist-1=1,wordlist-2=1,wordlist-3=1
central	adj	2	3	wordlist-1=2,wordlist-2=2,wordlist-3=2
centre	n	1	3	wordlist-1=1,wordlist-2=1,wordlist-3=1
century	n	1	3	wordlist-1=2,wordlist-2=1,wordlist-3=1
ceo	abbr	2	3	wordlist-1=3,wordlist-2=2,wordlist-3=2
cereal	n	2	3	wordlist-1=2,wordlist-2=2,wordlist-3=2
ceremony	n	2	3	wordlist-1=3,wordlist-2=2,wordlist-3=2
certain	adj	1	3	wordlist-1=1,wordlist-2=1,wordlist-3=1
certainly	adv	1	3	wordlist-1=2,wordlist-2=1,wordlist-3=1
chain	n	2	3	wordlist-1=2,wordlist-2=2,wordlist-3=2
chair	n	1	3	wordlist-1=1,wordlist-2=1,wordlist-3=1
challenging	adj	2	3	wordlist-1=2,wordlist-2=2,wordlist-3=2
championship	n	2	3	wordlist-1=3,wordlist-2=2,wordlist-3=2
chance	n	1	3	wordlist-1=1,wordlist-2=1,wordlist-3=1
change	n	1	3	wordlist-1=1,wordlist-2=1,wordlist-3=1
change	v	1	3	wordlist-1=1,wordlist-2=1,wordlist-3=1
chapter	n	2	3	wordlist-1=2,wordlist-2=2,wordlist-3=2
character	n	1	3	wordlist-1=1,wordlist-2=1,wordlist-3=2
charge	n	2	3	wordlist-1=2,wordlist-2=1,wordlist-3=2
charge	v	2	3	wordlist-1=2,wordlist-2=1,wordlist-3=2
charger	n	3	3	wordlist-1=3,wordlist-2=2,wordlist-3=3
charity	n	2	3	wordlist-1=2,wordlist-2=2,wordlist-3=2
charm	n	3	3	wordlist-1=3,wordlist-2=3,wordlist-3=2
cheap	adj	1	3	wordlist-1=1,wordlist-2=1,wordlist-3=1
check	n	1	3	wordlist-1=1,wordlist-2=1,wordlist-3=1
check	v	1	3	wordlist-1=1,wordlist-2=1,wordlist-3=1
check in	phrv	2	3	wordlist-1=2,wordlist-2=2,wordlist-3=2
check out	phrv	2	3	wordlist-1=1,wordlist-2=2,wordlist-3=2
checked	adj	3	3	wordlist-1=3,wordlist-2=3,wordlist-3=2
checkpoint	n	3	3	wordlist-1=3,wordlist-2=3,wordlist-3=3
checkup	n	3	3	wordlist-1=3,wordlist-2=3,wordlist-3=3
cheer up	phrv	2	3	wordlist-1=2,wordlist-2=2,wordlist-3=2
cheerful	adj	2	3	wordlist-1=2,wordlist-2=2,wordlist-3=2
cheers	interj	2	3	wordlist-1=2,wordlist-2=2,wordlist-3=2
cheese	n	1	3	wordlist-1=1,wordlist-2=1,wordlist-3=1
chemical	adj	2	3	wordlist-1=2,wordlist-2=2,wordlist-3=2
chemical	n	2	3	wordlist-1=2,wordlist-2=2,wordlist-3=2
cheque	n	3	3	wordlist-1=3,wordlist-2=3,wordlist-3=2
chest	n	2	3	wordlist-1=2,wordlist-2=1,wordlist-3=2
chew	v	2	3	wordlist-1=3,wordlist-2=2,wordlist-3=2
chicken	n	1	3	wordlist-1=1,wordlist-2=1,wordlist-3=1
child	n	1	3	wordlist-1=1,wordlist-2=1,wordlist-3=1
chimney	n	3	3	wordlist-1=3,wordlist-2=3,wordlist-3=2
choice	n	1	3	wordlist-1=1,wordlist-2=1,wordlist-3=1
choose	v	1	3	wordlist-1=1,wordlist-2=1,wordlist-3=1
chop	v	2	3	wordlist-1=3,wordlist-2=2,wordlist-3=2
chronic	adj	3	3	wordlist-1=3,wordlist-2=3,wordlist-3=3
church	n	1	3	wordlist-1=1,wordlist-2=1,wordlist-3=1
cinema	n	2	3	wordlist-1=2,wordlist-2=2,wordlist-3=2
circle	n	1	3	wordlist-1=1,wordlist-2=1,wordlist-3=2
circuit	n	3	3	wordlist-1=3,wordlist-2=2,wordlist-3=3
circumstance	n	2	3	wordlist-1=3,wordlist-2=2,wordlist-3=2
citation	n	4	3	wordlist-1=4,wordlist-2=3,wordlist-3=4
cite	v	3	3	wordlist-1=4,wordlist-2=2,wordlist-3=3
citizen	n	2	3	wordlist-1=2,wordlist-2=1,wordlist-3=2
city	n	1	3	wordlist-1=1,wordlist-2=1,wordlist-3=1
civic	adj	3	3	wordlist-1=4,wordlist-2=3,wordlist-3=3
civil	adj	2	3	wordlist-1=3,wordlist-2=2,wordlist-3=2
claim	n	2	3	wordlist-1=2,wordlist-2=1,wordlist-3=2
claim	v	1	3	wordlist-1=1,wordlist-2=1,wordlist-3=2
clarify	v	3	3	wordlist-1=3,wordlist-2=2,wordlist-3=3
class	n	1	3	wordlist-1=1,wordlist-2=1,wordlist-3=1
classification	n	3	3	wordlist-1=4,wordlist-2=3,wordlist-3=3
classify	v	3	3	wordlist-1=3,wordlist-2=3,wordlist-3=3
classmate	n	3	3	wordlist-1=3,wordlist-2=2,wordlist-3=3
claw	n	3	3	wordlist-1=3,wordlist-2=3,wordlist-3=2
clay	n	2	3	wordlist-1=3,wordlist-2=2,wordlist-3=2
clean	adj	1	3	wordlist-1=1,wordlist-2=1,wordlist-3=1
clean	n	3	3	wordlist-1=4,wordlist-2=3,wordlist-3=2
clean	v	1	3	wordlist-1=1,wordlist-2=1,wordlist-3=1
clean up	phrv	2	3	wordlist-1=2,wordlist-2=2,wordlist-3=2
clear	adj	1	3	wordlist-1=1,wordlist-2=1,wordlist-3=1
clear	v	1	3	wordlist-1=1,wordlist-2=1,wordlist-3=1
clear up	phrv	2	3	wordlist-1=2,wordlist-2=2,wordlist-3=2
clearly	adv	1	3	wordlist-1=2,wordlist-2=1,wordlist-3=1
clever	adj	2	3	wordlist-1=2,wordlist-2=2,wordlist-3=2
client	n	2	3	wordlist-1=2,wordlist-2=1,wordlist-3=2
cliff	n	2	3	wordlist-1=3,wordlist-2=2,wordlist-3=2
climate	n	2	3	wordlist-1=2,wordlist-2=2,wordlist-3=2
climb	v	2	3	wordlist-1=2,wordlist-2=1,wordlist-3=2
clinic	n	3	3	wordlist-1=3,wordlist-2=2,wordlist-3=3
clock	n	1	3	wordlist-1=1,wordlist-2=1,wordlist-3=1
close	adj	1	3	wordlist-1=1,wordlist-2=1,wordlist-3=1
close	adv	2	3	wordlist-1=2,wordlist-2=2,wordlist-3=2
close	v	1	3	wordlist-1=1,wordlist-2=1,wordlist-3=1
closed	adj	2	3	wordlist-1=2,wordlist-2=1,wordlist-3=2
closely	adv	2	3	wordlist-1=2,wordlist-2=2,wordlist-3=2
closet	n	2	3	wordlist-1=2,wordlist-2=2,wordlist-3=2
cloth	n	2	3	wordlist-1=3,wordlist-2=2,wordlist-3=2
clothes	n	1	3	wordlist-1=1,wordlist-2=1,wordlist-3=1
cloud	n	1	3	wordlist-1=1,wordlist-2=1,wordlist-3=1
cloud over	phrv	4	3	wordlist-1=4,wordlist-2=4,wordlist-3=3
club	n	1	3	wordlist-1=1,wordlist-2=1,wordlist-3=1
clutch	n	3	3	wordlist-1=3,wordlist-2=3,wordlist-3=3
clutch	v	3	3	wordlist-1=3,wordlist-2=3,wordlist-3=3
cm	abbr	2	3	wordlist-1=3,wordlist-2=2,wordlist-3=2
co	abbr	3	3	wordlist-1=3,wordlist-2=3,wordlist-3=3
co-	prefix	2	3	wordlist-1=2,wordlist-2=2,wordlist-3=3
coach	n	2	3	wordlist-1=2,wordlist-2=1,wordlist-3=2
coalition	n	3	3	wordlist-1=4,wordlist-2=2,wordlist-3=3
coast	n	2	3	wordlist-1=2,wordlist-2=2,wordlist-3=2
coastal	adj	3	3	wordlist-1=3,wordlist-2=2,wordlist-3=3
coat	n	1	3	wordlist-1=1,wordlist-2=1,wordlist-3=1
code	n	1	3	wordlist-1=1,wordlist-2=1,wordlist-3=2
code	v	2	3	wordlist-1=2,wordlist-2=2,wordlist-3=3
coffee	n	1	3	wordlist-1=1,wordlist-2=1,wordlist-3=1
cognition	n	4	3	wordlist-1=5,wordlist-2=4,wordlist-3=4
cognitive	adj	3	3	wordlist-1=4,wordlist-2=3,wordlist-3=3
coin	n	2	3	wordlist-1=2,wordlist-2=2,wordlist-3=2
cold	adj	1	3	wordlist-1=1,wordlist-2=1,wordlist-3=1
cold	n	2	3	wordlist-1=2,wordlist-2=1,wordlist-3=2
coldness	n	4	3	wordlist-1=4,wordlist-2=4,wordlist-3=3
collar	n	2	3	wordlist-1=3,wordlist-2=2,wordlist-3=2
colleague	n	2	3	wordlist-1=2,wordlist-2=1,wordlist-3=2
collect	v	2	3	wordlist-1=2,wordlist-2=1,wordlist-3=2
college	n	1	3	wordlist-1=1,wordlist-2=1,wordlist-3=1
collision	n	3	3	wordlist-1=4,wordlist-2=3,wordlist-3=3
color	n	1	3	wordlist-1=1,wordlist-2=1,wordlist-3=1
color	v	2	3	wordlist-1=2,wordlist-2=2,wordlist-3=1
colour	n	1	3	wordlist-1=1,wordlist-2=1,wordlist-3=1
colour	v	2	3	wordlist-1=2,wordlist-2=2,wordlist-3=1
comb	n	2	3	wordlist-1=3,wordlist-2=2,wordlist-3=2
comb	v	3	3	wordlist-1=3,wordlist-2=3,wordlist-3=2
come	v	1	3	wordlist-1=1,wordlist-2=1,wordlist-3=1
come across	phrv	2	3	wordlist-1=2,wordlist-2=2,wordlist-3=2
come along	phrv	2	3	wordlist-1=2,wordlist-2=2,wordlist-3=2
come back	phrv	1	3	wordlist-1=1,wordlist-2=1,wordlist-3=2
come from	phrv	1	3	wordlist-1=1,wordlist-2=1,wordlist-3=2
come in	phrv	1	3	wordlist-1=1,wordlist-2=1,wordlist-3=2
come on	phrv	1	3	wordlist-1=1,wordlist-2=1,wordlist-3=2
come out	phrv	1	3	wordlist-1=1,wordlist-2=1,wordlist-3=2
come over	phrv	2	3	wordlist-1=2,wordlist-2=2,wordlist-3=2
come up with	phrv	2	3	wordlist-1=2,wordlist-2=2,wordlist-3=2
comfort	n	2	3	wordlist-1=2,wordlist-2=2,wordlist-3=2
comfort	v	3	3	wordlist-1=3,wordlist-2=3,wordlist-3=2
comfortable	adj	1	3	wordlist-1=1,wordlist-2=1,wordlist-3=2
comic	n	2	3	wordlist-1=3,wordlist-2=2,wordlist-3=2
commerce	n	3	3	wordlist-1=4,wordlist-2=3,wordlist-3=3
commercial	adj	2	3	wordlist-1=2,wordlist-2=2,wordlist-3=3
commission	n	2	3	wordlist-1=3,wordlist-2=2,wordlist-3=2
common	adj	1	3	wordlist-1=1,wordlist-2=1,wordlist-3=3
commonly	adv	2	3	wordlist-1=3,wordlist-2=2,wordlist-3=1
communicate	v	2	3	wordlist-1=2,wordlist-2=2,wordlist-3=3
community	n	1	3	wordlist-1=1,wordlist-2=1,wordlist-3=2
commute	n	3	3	wordlist-1=4,wordlist-2=3,wordlist-3=2
commute	v	3	3	wordlist-1=3,wordlist-2=3,wordlist-3=3
commuter	n	3	3	wordlist-1=3,wordlist-2=3,wordlist-3=3
compact	adj	3	3	wordlist-1=3,wordlist-2=3,wordlist-3=3
companion	n	3	3	wordlist-1=3,wordlist-2=3,wordlist-3=3
company	n	1	3	wordlist-1=1,wordlist-2=1,wordlist-3=2
compare	v	1	3	wordlist-1=2,wordlist-2=1,wordlist-3=1
comparison	n	2	3	wordlist-1=3,wordlist-2=2,wordlist-3=2
compatible	adj	3	3	wordlist-1=4,wordlist-2=3,wordlist-3=3
compete	v	2	3	wordlist-1=3,wordlist-2=2,wordlist-3=2
competence	n	3	3	wordlist-1=4,wordlist-2=3,wordlist-3=3
competition	n	2	3	wordlist-1=2,wordlist-2=1,wordlist-3=3
complete	adj	1	3	wordlist-1=1,wordlist-2=1,wordlist-3=2
completely	adv	1	3	wordlist-1=2,wordlist-2=1,wordlist-3=1
complex	adj	2	3	wordlist-1=2,wordlist-2=2,wordlist-3=2
complexion	n	4	3	wordlist-1=4,wordlist-2=4,wordlist-3=3
compost	n	4	3	wordlist-1=4,wordlist-2=3,wordlist-3=4
compost	v	4	3	wordlist-1=4,wordlist-2=4,wordlist-3=4
comprehend	v	3	3	wordlist-1=4,wordlist-2=3,wordlist-3=3
compress	v	3	3	wordlist-1=4,wordlist-2=3,wordlist-3=1
computer	n	1	3	wordlist-1=1,wordlist-2=1,wordlist-3=3
conceive	v	3	3	wordlist-1=4,wordlist-2=3,wordlist-3=3
concept	n	2	3	wordlist-1=3,wordlist-2=2,wordlist-3=2
concern	v	2	3	wordlist-1=2,wordlist-2=2,wordlist-3=2
concerning	prep	3	3	wordlist-1=3,wordlist-2=3,wordlist-3=2
concert	n	2	3	wordlist-1=2,wordlist-2=1,wordlist-3=2
conclude	v	3	3	wordlist-1=3,wordlist-2=2,wordlist-3=3
conclusion	n	3	3	wordlist-1=3,wordlist-2=2,wordlist-3=3
condense	v	3	3	wordlist-1=4,wordlist-2=3,wordlist-3=3
condiment	n	4	3	wordlist-1=4,wordlist-2=3,wordlist-3=4
condition	n	1	3	wordlist-1=1,wordlist-2=1,wordlist-3=1
condition	v	2	3	wordlist-1=2,wordlist-2=3,wordlist-3=2
conditioner	n	3	3	wordlist-1=3,wordlist-2=2,wordlist-3=3
conduct	v	2	3	wordlist-1=2,wordlist-2=2,wordlist-3=2
confidence	n	2	3	wordlist-1=2,wordlist-2=1,wordlist-3=2
confident	adj	2	3	wordlist-1=2,wordlist-2=2,wordlist-3=2
conflict	n	2	3	wordlist-1=2,wordlist-2=2,wordlist-3=2
confuse	v	2	3	wordlist-1=2,wordlist-2=2,wordlist-3=2
confused	adj	2	3	wordlist-1=2,wordlist-2=1,wordlist-3=2
confusion	n	2	3	wordlist-1=3,wordlist-2=2,wordlist-3=2
congestion	n	3	3	wordlist-1=3,wordlist-2=3,wordlist-3=3
congratulations	interj	2	3	wordlist-1=2,wordlist-2=2,wordlist-3=2
congress	n	2	3	wordlist-1=3,wordlist-2=2,wordlist-3=2
connect	v	1	3	wordlist-1=1,wordlist-2=1,wordlist-3=2
connected	adj	2	3	wordlist-1=2,wordlist-2=2,wordlist-3=2
connection	n	2	3	wordlist-1=2,wordlist-2=1,wordlist-3=2
conscience	n	2	3	wordlist-1=3,wordlist-2=2,wordlist-3=2
conscious	adj	2	3	wordlist-1=3,wordlist-2=2,wordlist-3=2
consciousness	n	2	3	wordlist-1=4,wordlist-2=2,wordlist-3=2
consequence	n	2	3	wordlist-1=3,wordlist-2=2,wordlist-3=2
conservation	n	3	3	wordlist-1=3,wordlist-2=2,wordlist-3=3
conservative	adj	2	3	wordlist-1=3,wordlist-2=2,wordlist-3=2
consider	v	1	3	wordlist-1=1,wordlist-2=1,wordlist-3=1
considerable	adj	2	3	wordlist-1=3,wordlist-2=2,wordlist-3=2
considerably	adv	3	3	wordlist-1=3,wordlist-2=3,wordlist-3=2
considering	prep	2	3	wordlist-1=2,wordlist-2=2,wordlist-3=2
consist	v	2	3	wordlist-1=3,wordlist-2=2,wordlist-3=2
consist of	phrv	2	3	wordlist-1=2,wordlist-2=2,wordlist-3=2
constant	adj	2	3	wordlist-1=2,wordlist-2=2,wordlist-3=2
constantly	adv	2	3	wordlist-1=2,wordlist-2=2,wordlist-3=2
constitute	v	3	3	wordlist-1=4,wordlist-2=3,wordlist-3=3
constitution	n	2	3	wordlist-1=3,wordlist-2=2,wordlist-3=2
construct	v	2	3	wordlist-1=3,wordlist-2=2,wordlist-3=2
contagious	adj	3	3	wordlist-1=3,wordlist-2=3,wordlist-3=3
contain	v	2	3	wordlist-1=2,wordlist-2=1,wordlist-3=2
container	n	2	3	wordlist-1=3,wordlist-2=2,wordlist-3=2
contemporary	adj	3	3	wordlist-1=3,wordlist-2=2,wordlist-3=3
contest	n	2	3	wordlist-1=3,wordlist-2=2,wordlist-3=2
context	n	2	3	wordlist-1=3,wordlist-2=2,wordlist-3=2
continue	v	1	3	wordlist-1=1,wordlist-2=1,wordlist-3=1
contract	n	2	3	wordlist-1=2,wordlist-2=1,wordlist-3=2
contract	v	2	3	wordlist-1=2,wordlist-2=2,wordlist-3=3
contrast	v	3	3	wordlist-1=3,wordlist-2=3,wordlist-3=2
contribute	v	2	3	wordlist-1=3,wordlist-2=2,wordlist-3=2
control	n	1	3	wordlist-1=1,wordlist-2=1,wordlist-3=1
control	v	1	3	wordlist-1=1,wordlist-2=1,wordlist-3=1
convenient	adj	2	3	wordlist-1=3,wordlist-2=2,wordlist-3=2
conventional	adj	3	3	wordlist-1=3,wordlist-2=2,wordlist-3=3
conventionally	adv	4	3	wordlist-1=4,wordlist-2=4,wordlist-3=3
conversation	n	2	3	wordlist-1=2,wordlist-2=1,wordlist-3=2
convey	v	3	3	wordlist-1=3,wordlist-2=3,wordlist-3=2
convict	v	3	3	wordlist-1=4,wordlist-2=3,wordlist-3=3
conviction	n	3	3	wordlist-1=3,wordlist-2=3,wordlist-3=2
convince	v	2	3	wordlist-1=2,wordlist-2=2,wordlist-3=2
convincing	adj	3	3	wordlist-1=3,wordlist-2=3,wordlist-3=2
cook	n	2	3	wordlist-1=2,wordlist-2=2,wordlist-3=2
cook	v	1	3	wordlist-1=1,wordlist-2=1,wordlist-3=2
cooked	adj	3	3	wordlist-1=3,wordlist-2=2,wordlist-3=3
cool	adj	1	3	wordlist-1=1,wordlist-2=1,wordlist-3=1
cool	v	2	3	wordlist-1=2,wordlist-2=2,wordlist-3=2
cool down	phrv	2	3	wordlist-1=2,wordlist-2=2,wordlist-3=2
copy	n	1	3	wordlist-1=1,wordlist-2=1,wordlist-3=2
copy	v	1	3	wordlist-1=1,wordlist-2=1,wordlist-3=2
corn	n	2	3	wordlist-1=2,wordlist-2=2,wordlist-3=2
corner	n	1	3	wordlist-1=1,wordlist-2=1,wordlist-3=2
correct	adj	1	3	wordlist-1=1,wordlist-2=1,wordlist-3=2
correct	v	2	3	wordlist-1=2,wordlist-2=2,wordlist-3=2
correctly	adv	2	3	wordlist-1=2,wordlist-2=2,wordlist-3=2
corridor	n	3	3	wordlist-1=3,wordlist-2=3,wordlist-3=3
corrode	v	4	3	wordlist-1=5,wordlist-2=4,wordlist-3=4
corrupt	adj	3	3	wordlist-1=3,wordlist-2=3,wordlist-3=3
corruption	n	3	3	wordlist-1=3,wordlist-2=2,wordlist-3=3
cost	n	1	3	wordlist-1=1,wordlist-2=1,wordlist-3=1
cost	v	1	3	wordlist-1=1,wordlist-2=1,wordlist-3=1
costume	n	3	3	wordlist-1=3,wordlist-2=2,wordlist-3=3
cotton	n	2	3	wordlist-1=3,wordlist-2=2,wordlist-3=2
cough	n	2	3	wordlist-1=2,wordlist-2=2,wordlist-3=2
cough	v	2	3	wordlist-1=2,wordlist-2=2,wordlist-3=2
could	modal	1	3	wordlist-1=1,wordlist-2=1,wordlist-3=1
council	n	2	3	wordlist-1=3,wordlist-2=2,wordlist-3=2
count	v	1	3	wordlist-1=1,wordlist-2=1,wordlist-3=2
counter-	prefix	4	3	wordlist-1=4,wordlist-2=3,wordlist-3=4
country	n	1	3	wordlist-1=1,wordlist-2=1,wordlist-3=1
couple	n	1	3	wordlist-1=1,wordlist-2=1,wordlist-3=2
courage	n	2	3	wordlist-1=3,wordlist-2=2,wordlist-3=2
course	n	1	3	wordlist-1=1,wordlist-2=1,wordlist-3=1
court	n	1	3	wordlist-1=1,wordlist-2=1,wordlist-3=2
courthouse	n	3	3	wordlist-1=4,wordlist-2=3,wordlist-3=3
courtyard	n	3	3	wordlist-1=4,wordlist-2=3,wordlist-3=3
cousin	n	2	3	wordlist-1=2,wordlist-2=2,wordlist-3=2
cover	n	1	3	wordlist-1=1,wordlist-2=1,wordlist-3=2
cover	v	1	3	wordlist-1=1,wordlist-2=1,wordlist-3=2
cow	n	2	3	wordlist-1=2,wordlist-2=1,wordlist-3=2
cowardly	adj	4	3	wordlist-1=4,wordlist-2=4,wordlist-3=4
crack	n	2	3	wordlist-1=2,wordlist-2=2,wordlist-3=2
crack	v	2	3	wordlist-1=2,wordlist-2=2,wordlist-3=2
cramp	n	3	3	wordlist-1=4,wordlist-2=3,wordlist-3=3
crash	n	2	3	wordlist-1=2,wordlist-2=2,wordlist-3=2
crash	v	2	3	wordlist-1=2,wordlist-2=2,wordlist-3=2
crater	n	4	3	wordlist-1=4,wordlist-2=3,wordlist-3=4
crawl	v	2	3	wordlist-1=3,wordlist-2=2,wordlist-3=2
creamy	adj	3	3	wordlist-1=3,wordlist-2=3,wordlist-3=3
create	v	1	3	wordlist-1=1,wordlist-2=1,wordlist-3=2
creative	adj	2	3	wordlist-1=2,wordlist-2=2,wordlist-3=2
creature	n	2	3	wordlist-1=3,wordlist-2=2,wordlist-3=2
credit	n	2	3	wordlist-1=2,wordlist-2=1,wordlist-3=2
cremate	v	4	3	wordlist-1=5,wordlist-2=4,wordlist-3=4
cremation	n	4	3	wordlist-1=5,wordlist-2=4,wordlist-3=4
crime	n	2	3	wordlist-1=2,wordlist-2=1,wordlist-3=2
criminal	adj	2	3	wordlist-1=3,wordlist-2=2,wordlist-3=2
criminal	n	2	3	wordlist-1=3,wordlist-2=2,wordlist-3=2
crispy	adj	3	3	wordlist-1=3,wordlist-2=3,wordlist-3=3
criterion	n	3	3	wordlist-1=4,wordlist-2=3,wordlist-3=3
critical	adj	2	3	wordlist-1=2,wordlist-2=2,wordlist-3=2
critically	adv	3	3	wordlist-1=3,wordlist-2=3,wordlist-3=2
crockery	n	4	3	wordlist-1=5,wordlist-2=4,wordlist-3=4
crop	n	2	3	wordlist-1=2,wordlist-2=2,wordlist-3=2
cross	n	2	3	wordlist-1=2,wordlist-2=2,wordlist-3=2
cross	v	2	3	wordlist-1=2,wordlist-2=1,wordlist-3=2
crossing	n	3	3	wordlist-1=3,wordlist-2=2,wordlist-3=3
crowd	n	2	3	wordlist-1=2,wordlist-2=1,wordlist-3=2
crowded	adj	2	3	wordlist-1=2,wordlist-2=2,wordlist-3=2
crucial	adj	2	3	wordlist-1=3,wordlist-2=2,wordlist-3=2
cruel	adj	3	3	wordlist-1=3,wordlist-2=2,wordlist-3=3
cruelty	n	3	3	wordlist-1=4,wordlist-2=3,wordlist-3=3
cruise	n	3	3	wordlist-1=3,wordlist-2=2,wordlist-3=3
cruise	v	3	3	wordlist-1=3,wordlist-2=3,wordlist-3=3
crush	v	2	3	wordlist-1=3,wordlist-2=2,wordlist-3=2
crutch	n	4	3	wordlist-1=4,wordlist-2=4,wordlist-3=4
cry	n	2	3	wordlist-1=2,wordlist-2=2,wordlist-3=2
cry	v	1	3	wordlist-1=1,wordlist-2=1,wordlist-3=2
crystal	n	3	3	wordlist-1=3,wordlist-2=2,wordlist-3=3
cuisine	n	3	3	wordlist-1=4,wordlist-2=3,wordlist-3=3
cultivate	v	3	3	wordlist-1=4,wordlist-2=3,wordlist-3=3
cultivation	n	4	3	wordlist-1=5,wordlist-2=4,wordlist-3=3
cumbersome	adj	4	3	wordlist-1=5,wordlist-2=4,wordlist-3=4
cup	n	1	3	wordlist-1=1,wordlist-2=1,wordlist-3=2
cupboard	n	3	3	wordlist-1=3,wordlist-2=2,wordlist-3=3
cure	n	2	3	wordlist-1=3,wordlist-2=2,wordlist-3=2
cure	v	2	3	wordlist-1=3,wordlist-2=2,wordlist-3=2
curiosity	n	3	3	wordlist-1=3,wordlist-2=3,wordlist-3=2
curious	adj	2	3	wordlist-1=3,wordlist-2=2,wordlist-3=2
curiously	adv	3	3	wordlist-1=4,wordlist-2=3,wordlist-3=2
curly	adj	3	3	wordlist-1=3,wordlist-2=2,wordlist-3=3
current	adj	2	3	wordlist-1=2,wordlist-2=1,wordlist-3=2
currently	adv	2	3	wordlist-1=2,wordlist-2=2,wordlist-3=2
curriculum	n	3	3	wordlist-1=3,wordlist-2=2,wordlist-3=3
curtain	n	2	3	wordlist-1=3,wordlist-2=2,wordlist-3=2
curved	adj	3	3	wordlist-1=3,wordlist-2=2,wordlist-3=3
cushion	n	2	3	wordlist-1=3,wordlist-2=2,wordlist-3=1
custom	n	2	3	wordlist-1=3,wordlist-2=2,wordlist-3=1
customary	adj	3	3	wordlist-1=4,wordlist-2=3,wordlist-3=2
customer	n	1	3	wordlist-1=2,wordlist-2=1,wordlist-3=1
customs	n	2	3	wordlist-1=3,wordlist-2=2,wordlist-3=2
cut	n	1	3	wordlist-1=1,wordlist-2=1,wordlist-3=1
cut	v	1	3	wordlist-1=1,wordlist-2=1,wordlist-3=1
cut down	phrv	2	3	wordlist-1=2,wordlist-2=2,wordlist-3=2
cut off	phrv	2	3	wordlist-1=2,wordlist-2=2,wordlist-3=2
cute	adj	2	3	wordlist-1=2,wordlist-2=1,wordlist-3=2
cutlery	n	3	3	wordlist-1=4,wordlist-2=3,wordlist-3=3
cv	abbr	3	3	wordlist-1=3,wordlist-2=2,wordlist-3=4
cycle	v	2	3	wordlist-1=3,wordlist-2=2,wordlist-3=2
cyclist	n	3	3	wordlist-1=4,wordlist-2=3,wordlist-3=3
cyclone	n	3	3	wordlist-1=4,wordlist-2=3,wordlist-3=3
daily	adj	1	3	wordlist-1=2,wordlist-2=1,wordlist-3=1
daily	adv	2	3	wordlist-1=2,wordlist-2=2,wordlist-3=2
dairy	n	2	3	wordlist-1=3,wordlist-2=2,wordlist-3=2
damage	n	1	3	wordlist-1=2,wordlist-2=1,wordlist-3=1
damage	v	2	3	wordlist-1=3,wordlist-2=2,wordlist-3=2
damn	interj	2	3	wordlist-1=3,wordlist-2=1,wordlist-3=2
damp	adj	3	3	wordlist-1=3,wordlist-2=3,wordlist-3=2
dance	n	1	3	wordlist-1=1,wordlist-2=1,wordlist-3=1
dance	v	1	3	wordlist-1=1,wordlist-2=1,wordlist-3=1
dancer	n	2	3	wordlist-1=2,wordlist-2=2,wordlist-3=2
danger	n	1	3	wordlist-1=1,wordlist-2=1,wordlist-3=1
dangerous	adj	1	3	wordlist-1=2,wordlist-2=1,wordlist-3=1
dangerously	adv	3	3	wordlist-1=3,wordlist-2=3,wordlist-3=2
dare	modal	3	3	wordlist-1=3,wordlist-2=3,wordlist-3=2
dark	adj	1	3	wordlist-1=1,wordlist-2=1,wordlist-3=1
dark	n	2	3	wordlist-1=2,wordlist-2=2,wordlist-3=2
darken	v	3	3	wordlist-1=3,wordlist-2=3,wordlist-3=3
data	n	1	3	wordlist-1=2,wordlist-2=1,wordlist-3=1
database	n	2	3	wordlist-1=3,wordlist-2=2,wordlist-3=2
date	n	1	3	wordlist-1=1,wordlist-2=1,wordlist-3=1
date	v	2	3	wordlist-1=2,wordlist-2=2,wordlist-3=2
daughter	n	1	3	wordlist-1=1,wordlist-2=1,wordlist-3=1
day	n	1	3	wordlist-1=1,wordlist-2=1,wordlist-3=1
de-	prefix	4	3	wordlist-1=5,wordlist-2=3,wordlist-3=4
dead	adj	1	3	wordlist-1=1,wordlist-2=1,wordlist-3=1
deadline	n	2	3	wordlist-1=2,wordlist-2=2,wordlist-3=2
deaf	adj	2	3	wordlist-1=3,wordlist-2=2,wordlist-3=2
deal	n	1	3	wordlist-1=1,wordlist-2=1,wordlist-3=1
deal	v	1	3	wordlist-1=1,wordlist-2=1,wordlist-3=1
deal with	phrv	1	3	wordlist-1=1,wordlist-2=1,wordlist-3=2
death	n	1	3	wordlist-1=1,wordlist-2=1,wordlist-3=1
debate	n	2	3	wordlist-1=2,wordlist-2=2,wordlist-3=2
debate	v	2	3	wordlist-1=3,wordlist-2=2,wordlist-3=2
debt	n	2	3	wordlist-1=2,wordlist-2=2,wordlist-3=2
decade	n	2	3	wordlist-1=2,wordlist-2=2,wordlist-3=2
decay	v	3	3	wordlist-1=4,wordlist-2=3,wordlist-3=3
decide	v	1	3	wordlist-1=1,wordlist-2=1,wordlist-3=1
decision	n	1	3	wordlist-1=2,wordlist-2=1,wordlist-3=1
decline	n	2	3	wordlist-1=3,wordlist-2=2,wordlist-3=2
decline	v	2	3	wordlist-1=3,wordlist-2=2,wordlist-3=2
decrease	n	2	3	wordlist-1=3,wordlist-2=2,wordlist-3=2
decrease	v	2	3	wordlist-1=3,wordlist-2=2,wordlist-3=2
deduce	v	4	3	wordlist-1=4,wordlist-2=4,wordlist-3=3
deep	adj	1	3	wordlist-1=1,wordlist-2=1,wordlist-3=1
deeply	adv	2	3	wordlist-1=2,wordlist-2=2,wordlist-3=2
defend	v	2	3	wordlist-1=2,wordlist-2=2,wordlist-3=2
defense	n	2	3	wordlist-1=2,wordlist-2=1,wordlist-3=2
deficit	n	3	3	wordlist-1=3,wordlist-2=3,wordlist-3=2
define	v	2	3	wordlist-1=2,wordlist-2=2,wordlist-3=2
definitely	adv	2	3	wordlist-1=2,wordlist-2=1,wordlist-3=2
definition	n	2	3	wordlist-1=2,wordlist-2=2,wordlist-3=2
degree	n	1	3	wordlist-1=1,wordlist-2=1,wordlist-3=1
delay	n	2	3	wordlist-1=2,wordlist-2=2,wordlist-3=2
delayed	adj	3	3	wordlist-1=3,wordlist-2=2,wordlist-3=3
delete	v	2	3	wordlist-1=2,wordlist-2=2,wordlist-3=2
delicacy	n	4	3	wordlist-1=4,wordlist-2=4,wordlist-3=3
delicious	adj	2	3	wordlist-1=2,wordlist-2=1,wordlist-3=2
delight	n	3	3	wordlist-1=3,wordlist-2=3,wordlist-3=2
delight	v	3	3	wordlist-1=3,wordlist-2=3,wordlist-3=2
delighted	adj	2	3	wordlist-1=2,wordlist-2=2,wordlist-3=2
deliver	v	2	3	wordlist-1=2,wordlist-2=2,wordlist-3=2
demand	n	2	3	wordlist-1=2,wordlist-2=2,wordlist-3=1
demand	v	2	3	wordlist-1=2,wordlist-2=2,wordlist-3=2
demanding	adj	3	3	wordlist-1=3,wordlist-2=3,wordlist-3=2
democracy	n	2	3	wordlist-1=2,wordlist-2=2,wordlist-3=2
democratic	adj	2	3	wordlist-1=3,wordlist-2=2,wordlist-3=2
demolish	v	3	3	wordlist-1=3,wordlist-2=3,wordlist-3=3
demonstrate	v	2	3	wordlist-1=2,wordlist-2=2,wordlist-3=2
demonstration	n	2	3	wordlist-1=3,wordlist-2=2,wordlist-3=2
denim	n	3	3	wordlist-1=3,wordlist-2=3,wordlist-3=3
dense	adj	3	3	wordlist-1=3,wordlist-2=3,wordlist-3=2
density	n	3	3	wordlist-1=4,wordlist-2=3,wordlist-3=3
deodorant	n	3	3	wordlist-1=3,wordlist-2=3,wordlist-3=4
depart	v	3	3	wordlist-1=3,wordlist-2=3,wordlist-3=3
department	n	1	3	wordlist-1=2,wordlist-2=1,wordlist-3=1
departure	n	2	3	wordlist-1=3,wordlist-2=2,wordlist-3=2
depend	v	2	3	wordlist-1=1,wordlist-2=2,wordlist-3=2
depend on	phrv	1	3	wordlist-1=1,wordlist-2=1,wordlist-3=2
dependent	adj	2	3	wordlist-1=3,wordlist-2=2,wordlist-3=2
depressed	adj	2	3	wordlist-1=3,wordlist-2=2,wordlist-3=2
depression	n	2	3	wordlist-1=2,wordlist-2=2,wordlist-3=2
dept	abbr	4	3	wordlist-1=4,wordlist-2=3,wordlist-3=4
dept.	abbr	4	3	wordlist-1=4,wordlist-2=3,wordlist-3=4
depth	n	2	3	wordlist-1=2,wordlist-2=2,wordlist-3=2
derelict	adj	4	3	wordlist-1=4,wordlist-2=4,wordlist-3=4
descend	v	3	3	wordlist-1=3,wordlist-2=3,wordlist-3=2
descendant	n	3	3	wordlist-1=3,wordlist-2=3,wordlist-3=3
describe	v	1	3	wordlist-1=1,wordlist-2=1,wordlist-3=2
description	n	2	3	wordlist-1=2,wordlist-2=1,wordlist-3=2
desert	n	2	3	wordlist-1=2,wordlist-2=2,wordlist-3=2
design	n	1	3	wordlist-1=1,wordlist-2=1,wordlist-3=1
design	v	2	3	wordlist-1=2,wordlist-2=1,wordlist-3=2
desire	n	2	3	wordlist-1=3,wordlist-2=2,wordlist-3=2
desire	v	3	3	wordlist-1=3,wordlist-2=3,wordlist-3=2
desk	n	1	3	wordlist-1=1,wordlist-2=1,wordlist-3=1
despite	prep	2	3	wordlist-1=2,wordlist-2=1,wordlist-3=2
dessert	n	2	3	wordlist-1=2,wordlist-2=2,wordlist-3=2
destination	n	2	3	wordlist-1=2,wordlist-2=2,wordlist-3=2
destroy	v	2	3	wordlist-1=2,wordlist-2=1,wordlist-3=2
destruction	n	2	3	wordlist-1=3,wordlist-2=2,wordlist-3=2
detail	n	1	3	wordlist-1=1,wordlist-2=1,wordlist-3=2
detergent	n	3	3	wordlist-1=3,wordlist-2=3,wordlist-3=3
deteriorate	v	3	3	wordlist-1=4,wordlist-2=3,wordlist-3=3
determined	adj	2	3	wordlist-1=2,wordlist-2=2,wordlist-3=2
develop	v	1	3	wordlist-1=1,wordlist-2=1,wordlist-3=1
development	n	2	3	wordlist-1=2,wordlist-2=1,wordlist-3=2
device	n	2	3	wordlist-1=2,wordlist-2=1,wordlist-3=2
dew	n	4	3	wordlist-1=4,wordlist-2=4,wordlist-3=3
diabetes	n	3	3	wordlist-1=3,wordlist-2=2,wordlist-3=3
diagnose	v	3	3	wordlist-1=3,wordlist-2=3,wordlist-3=3
diagnosis	n	3	3	wordlist-1=3,wordlist-2=3,wordlist-3=3
dialect	n	3	3	wordlist-1=3,wordlist-2=3,wordlist-3=3
dictionary	n	2	3	wordlist-1=2,wordlist-2=2,wordlist-3=2
die	v	1	3	wordlist-1=1,wordlist-2=1,wordlist-3=1
diet	n	2	3	wordlist-1=2,wordlist-2=1,wordlist-3=2
difference	n	1	3	wordlist-1=1,wordlist-2=1,wordlist-3=1
different	adj	1	3	wordlist-1=1,wordlist-2=1,wordlist-3=1
differentiate	v	3	3	wordlist-1=3,wordlist-2=3,wordlist-3=3
differently	adv	2	3	wordlist-1=2,wordlist-2=2,wordlist-3=2
difficult	adj	1	3	wordlist-1=1,wordlist-2=1,wordlist-3=1
difficulty	n	2	3	wordlist-1=2,wordlist-2=2,wordlist-3=2
digest	v	3	3	wordlist-1=4,wordlist-2=3,wordlist-3=3
digestion	n	4	3	wordlist-1=4,wordlist-2=4,wordlist-3=3
digital	adj	2	3	wordlist-1=2,wordlist-2=1,wordlist-3=2
dim	adj	3	3	wordlist-1=3,wordlist-2=3,wordlist-3=2
dim	v	4	3	wordlist-1=4,wordlist-2=4,wordlist-3=3
dimension	n	2	3	wordlist-1=3,wordlist-2=2,wordlist-3=2
dimple	n	4	3	wordlist-1=4,wordlist-2=4,wordlist-3=3
dinner	n	1	3	wordlist-1=1,wordlist-2=1,wordlist-3=1
dip	n	3	3	wordlist-1=3,wordlist-2=3,wordlist-3=2
dip	v	2	3	wordlist-1=3,wordlist-2=2,wordlist-3=2
diplomacy	n	3	3	wordlist-1=4,wordlist-2=3,wordlist-3=3
diplomatic	adj	3	3	wordlist-1=4,wordlist-2=3,wordlist-3=3
direct	adj	1	3	wordlist-1=1,wordlist-2=1,wordlist-3=1
direction	n	1	3	wordlist-1=1,wordlist-2=1,wordlist-3=1
directly	adv	1	3	wordlist-1=1,wordlist-2=1,wordlist-3=1
director	n	1	3	wordlist-1=2,wordlist-2=1,wordlist-3=1
dirt	n	2	3	wordlist-1=2,wordlist-2=2,wordlist-3=2
dirty	adj	1	3	wordlist-1=2,wordlist-2=1,wordlist-3=1
dis-	prefix	3	3	wordlist-1=3,wordlist-2=2,wordlist-3=3
disability	n	2	3	wordlist-1=3,wordlist-2=2,wordlist-3=2
disabled	adj	2	3	wordlist-1=3,wordlist-2=2,wordlist-3=2
disadvantage	n	2	3	wordlist-1=3,wordlist-2=2,wordlist-3=2
disagree	v	2	3	wordlist-1=3,wordlist-2=2,wordlist-3=2
disappear	v	2	3	wordlist-1=2,wordlist-2=1,wordlist-3=2
disappoint	v	2	3	wordlist-1=3,wordlist-2=2,wordlist-3=2
disappointed	adj	2	3	wordlist-1=3,wordlist-2=2,wordlist-3=2
disappointment	n	2	3	wordlist-1=3,wordlist-2=2,wordlist-3=2
discipline	n	2	3	wordlist-1=3,wordlist-2=2,wordlist-3=2
discipline	v	3	3	wordlist-1=3,wordlist-2=3,wordlist-3=3
disconnect	v	3	3	wordlist-1=3,wordlist-2=2,wordlist-3=3
discount	n	2	3	wordlist-1=2,wordlist-2=2,wordlist-3=2
discover	v	2	3	wordlist-1=2,wordlist-2=1,wordlist-3=2
discovery	n	2	3	wordlist-1=2,wordlist-2=2,wordlist-3=2
discriminate	v	3	3	wordlist-1=3,wordlist-2=3,wordlist-3=3
discrimination	n	2	3	wordlist-1=3,wordlist-2=2,wordlist-3=2
discuss	v	2	3	wordlist-1=2,wordlist-2=1,wordlist-3=2
discussion	n	2	3	wordlist-1=2,wordlist-2=2,wordlist-3=2
disease	n	2	3	wordlist-1=2,wordlist-2=1,wordlist-3=2
disgust	n	3	3	wordlist-1=3,wordlist-2=3,wordlist-3=2
dish	n	1	3	wordlist-1=1,wordlist-2=1,wordlist-3=1
dishonest	adj	3	3	wordlist-1=3,wordlist-2=3,wordlist-3=3
dishwasher	n	2	3	wordlist-1=3,wordlist-2=2,wordlist-3=2
disinfectant	n	4	3	wordlist-1=4,wordlist-2=3,wordlist-3=4
dislike	v	2	3	wordlist-1=3,wordlist-2=2,wordlist-3=2
dismiss	v	2	3	wordlist-1=3,wordlist-2=2,wordlist-3=2
disorder	n	2	3	wordlist-1=3,wordlist-2=2,wordlist-3=2
display	n	2	3	wordlist-1=3,wordlist-2=2,wordlist-3=2
display	v	2	3	wordlist-1=3,wordlist-2=2,wordlist-3=2
dispute	n	3	3	wordlist-1=3,wordlist-2=2,wordlist-3=3
dispute	v	3	3	wordlist-1=3,wordlist-2=3,wordlist-3=3
dissolve	v	3	3	wordlist-1=3,wordlist-2=3,wordlist-3=3
distance	n	2	3	wordlist-1=2,wordlist-2=1,wordlist-3=2
distant	adj	2	3	wordlist-1=3,wordlist-2=2,wordlist-3=2
distinguish	v	2	3	wordlist-1=3,wordlist-2=2,wordlist-3=2
district	n	2	3	wordlist-1=3,wordlist-2=2,wordlist-3=2
divide	v	2	3	wordlist-1=2,wordlist-2=2,wordlist-3=2
divorce	n	2	3	wordlist-1=2,wordlist-2=2,wordlist-3=2
divorce	v	2	3	wordlist-1=2,wordlist-2=2,wordlist-3=2
divorced	adj	2	3	wordlist-1=3,wordlist-2=2,wordlist-3=2
diy	abbr	3	3	wordlist-1=3,wordlist-2=2,wordlist-3=4
dizzy	adj	3	3	wordlist-1=3,wordlist-2=3,wordlist-3=3
do	aux	1	3	wordlist-1=1,wordlist-2=1,wordlist-3=1
do	v	1	3	wordlist-1=1,wordlist-2=1,wordlist-3=1
dock	n	3	3	wordlist-1=3,wordlist-2=3,wordlist-3=3
doctor	n	1	3	wordlist-1=1,wordlist-2=1,wordlist-3=1
document	n	2	3	wordlist-1=2,wordlist-2=2,wordlist-3=2
dog	n	1	3	wordlist-1=1,wordlist-2=1,wordlist-3=1
domestic	adj	2	3	wordlist-1=3,wordlist-2=2,wordlist-3=2
domesticate	v	4	3	wordlist-1=4,wordlist-2=4,wordlist-3=4
door	n	1	3	wordlist-1=1,wordlist-2=1,wordlist-3=1
dose	n	3	3	wordlist-1=3,wordlist-2=2,wordlist-3=3
double	adj	1	3	wordlist-1=1,wordlist-2=1,wordlist-3=1
double	v	2	3	wordlist-1=2,wordlist-2=2,wordlist-3=2
doubt	n	2	3	wordlist-1=2,wordlist-2=2,wordlist-3=2
doubt	v	2	3	wordlist-1=2,wordlist-2=2,wordlist-3=2
dough	n	3	3	wordlist-1=3,wordlist-2=3,wordlist-3=3
down	adv	1	3	wordlist-1=1,wordlist-2=1,wordlist-3=1
down	prep	1	3	wordlist-1=1,wordlist-2=1,wordlist-3=1
download	n	2	3	wordlist-1=3,wordlist-2=2,wordlist-3=2
download	v	2	3	wordlist-1=2,wordlist-2=1,wordlist-3=2
downpour	n	4	3	wordlist-1=4,wordlist-2=3,wordlist-3=4
downstairs	adv	2	3	wordlist-1=3,wordlist-2=2,wordlist-3=2
doze	v	4	3	wordlist-1=4,wordlist-2=3,wordlist-3=4
dr	abbr	1	3	wordlist-1=1,wordlist-2=1,wordlist-3=2
drag	v	2	3	wordlist-1=2,wordlist-2=2,wordlist-3=2
drain	n	3	3	wordlist-1=3,wordlist-2=3,wordlist-3=3
drain	v	3	3	wordlist-1=3,wordlist-2=3,wordlist-3=3
draw	v	1	3	wordlist-1=1,wordlist-2=1,wordlist-3=1
drawer	n	2	3	wordlist-1=2,wordlist-2=2,wordlist-3=2
dreadful	adj	3	3	wordlist-1=3,wordlist-2=3,wordlist-3=3
dreadfully	adv	3	3	wordlist-1=4,wordlist-2=3,wordlist-3=3
dream	n	1	3	wordlist-1=1,wordlist-2=1,wordlist-3=2
dream	v	1	3	wordlist-1=1,wordlist-2=1,wordlist-3=2
dress	n	1	3	wordlist-1=1,wordlist-2=1,wordlist-3=2
dress	v	1	3	wordlist-1=1,wordlist-2=1,wordlist-3=2
dress up	phrv	2	3	wordlist-1=3,wordlist-2=2,wordlist-3=2
drift	v	3	3	wordlist-1=3,wordlist-2=3,wordlist-3=3
drill	n	3	3	wordlist-1=3,wordlist-2=3,wordlist-3=3
drill	v	3	3	wordlist-1=3,wordlist-2=3,wordlist-3=3
drink	n	1	3	wordlist-1=1,wordlist-2=1,wordlist-3=2
drink	v	1	3	wordlist-1=1,wordlist-2=1,wordlist-3=2
drink up	phrv	3	3	wordlist-1=3,wordlist-2=3,wordlist-3=2
drive	n	2	3	wordlist-1=2,wordlist-2=2,wordlist-3=3
drive	v	1	3	wordlist-1=1,wordlist-2=1,wordlist-3=1
driver	n	1	3	wordlist-1=2,wordlist-2=1,wordlist-3=1
driveway	n	3	3	wordlist-1=3,wordlist-2=3,wordlist-3=3
drizzle	n	4	3	wordlist-1=4,wordlist-2=3,wordlist-3=4
drop	n	1	3	wordlist-1=1,wordlist-2=1,wordlist-3=3
drop	v	1	3	wordlist-1=1,wordlist-2=1,wordlist-3=2
drop off	phrv	2	3	wordlist-1=2,wordlist-2=2,wordlist-3=2
drought	n	3	3	wordlist-1=3,wordlist-2=3,wordlist-3=3
drug	n	2	3	wordlist-1=2,wordlist-2=1,wordlist-3=2
drum	n	2	3	wordlist-1=2,wordlist-2=2,wordlist-3=2
drunk	adj	2	3	wordlist-1=2,wordlist-2=2,wordlist-3=2
dry	adj	1	3	wordlist-1=1,wordlist-2=1,wordlist-3=1
dry	v	2	3	wordlist-1=1,wordlist-2=2,wordlist-3=2
dryer	n	3	3	wordlist-1=3,wordlist-2=2,wordlist-3=3
dryness	n	4	3	wordlist-1=4,wordlist-2=4,wordlist-3=4
duck	n	2	3	wordlist-1=2,wordlist-2=2,wordlist-3=2
dull	adj	2	3	wordlist-1=2,wordlist-2=3,wordlist-3=2
dumb	adj	2	3	wordlist-1=2,wordlist-2=2,wordlist-3=2
dune	n	4	3	wordlist-1=4,wordlist-2=3,wordlist-3=4
durable	adj	3	3	wordlist-1=3,wordlist-2=3,wordlist-3=3
during	prep	1	3	wordlist-1=1,wordlist-2=1,wordlist-3=1
dusk	n	3	3	wordlist-1=3,wordlist-2=3,wordlist-3=3
dust	n	2	3	wordlist-1=2,wordlist-2=2,wordlist-3=2
dust	v	3	3	wordlist-1=3,wordlist-2=3,wordlist-3=3
dustpan	n	4	3	wordlist-1=4,wordlist-2=4,wordlist-3=4
duty	n	2	3	wordlist-1=2,wordlist-2=2,wordlist-3=2
duvet	n	3	3	wordlist-1=4,wordlist-2=3,wordlist-3=3
e.g.	abbr	3	3	wordlist-1=3,wordlist-2=2,wordlist-3=3
each	det	1	3	wordlist-1=1,wordlist-2=1,wordlist-3=1
each	pron	1	3	wordlist-1=1,wordlist-2=1,wordlist-3=1
ear	n	1	3	wordlist-1=1,wordlist-2=1,wordlist-3=1
early	adj	1	3	wordlist-1=1,wordlist-2=1,wordlist-3=1
early	adv	1	3	wordlist-1=1,wordlist-2=1,wordlist-3=1
earn	v	2	3	wordlist-1=2,wordlist-2=1,wordlist-3=2
earring	n	3	3	wordlist-1=3,wordlist-2=3,wordlist-3=3
earth	n	1	3	wordlist-1=1,wordlist-2=1,wordlist-3=1
earthquake	n	2	3	wordlist-1=2,wordlist-2=2,wordlist-3=2
easily	adv	1	3	wordlist-1=1,wordlist-2=1,wordlist-3=2
easy	adj	1	3	wordlist-1=1,wordlist-2=1,wordlist-3=1
eat	v	1	3	wordlist-1=1,wordlist-2=1,wordlist-3=1
eat up	phrv	3	3	wordlist-1=3,wordlist-2=3,wordlist-3=2
eccentric	adj	4	3	wordlist-1=4,wordlist-2=3,wordlist-3=4
echo	n	3	3	wordlist-1=3,wordlist-2=3,wordlist-3=3
echo	v	3	3	wordlist-1=3,wordlist-2=3,wordlist-3=3
economic	adj	2	3	wordlist-1=2,wordlist-2=1,wordlist-3=2
economy	n	2	3	wordlist-1=2,wordlist-2=1,wordlist-3=2
ecosystem	n	3	3	wordlist-1=3,wordlist-2=2,wordlist-3=3
ed	abbr	4	3	wordlist-1=4,wordlist-2=3,wordlist-3=4
edge	n	1	3	wordlist-1=1,wordlist-2=1,wordlist-3=2
edible	adj	3	3	wordlist-1=3,wordlist-2=3,wordlist-3=3
edit	v	2	3	wordlist-1=3,wordlist-2=2,wordlist-3=2
edition	n	2	3	wordlist-1=3,wordlist-2=2,wordlist-3=2
effect	n	1	3	wordlist-1=1,wordlist-2=1,wordlist-3=2
effective	adj	2	3	wordlist-1=2,wordlist-2=1,wordlist-3=2
effectively	adv	2	3	wordlist-1=3,wordlist-2=2,wordlist-3=2
effort	n	1	3	wordlist-1=1,wordlist-2=1,wordlist-3=2
egg	n	1	3	wordlist-1=1,wordlist-2=1,wordlist-3=1
eight	num	1	3	wordlist-1=1,wordlist-2=1,wordlist-3=1
either	conj	1	3	wordlist-1=1,wordlist-2=1,wordlist-3=1
either	det	1	3	wordlist-1=1,wordlist-2=1,wordlist-3=1
either	pron	1	3	wordlist-1=1,wordlist-2=2,wordlist-3=1
elastic	adj	3	3	wordlist-1=3,wordlist-2=3,wordlist-3=2
elasticity	n	4	3	wordlist-1=4,wordlist-2=4,wordlist-3=3
elderly	adj	2	3	wordlist-1=3,wordlist-2=2,wordlist-3=2
elect	v	2	3	wordlist-1=4,wordlist-2=2,wordlist-3=2
election	n	1	3	wordlist-1=2,wordlist-2=1,wordlist-3=1
electric	adj	1	3	wordlist-1=3,wordlist-2=1,wordlist-3=1
electricity	n	2	3	wordlist-1=2,wordlist-2=2,wordlist-3=1
electronic	adj	2	3	wordlist-1=3,wordlist-2=2,wordlist-3=1
else	adv	1	3	wordlist-1=1,wordlist-2=1,wordlist-3=1
elsewhere	adv	2	3	wordlist-1=3,wordlist-2=2,wordlist-3=2
email	n	1	3	wordlist-1=2,wordlist-2=1,wordlist-3=1
email	v	2	3	wordlist-1=2,wordlist-2=1,wordlist-3=2
embarrass	v	2	3	wordlist-1=3,wordlist-2=2,wordlist-3=2
embassy	n	3	3	wordlist-1=4,wordlist-2=3,wordlist-3=2
emerge	v	2	3	wordlist-1=3,wordlist-2=2,wordlist-3=2
emergency	n	2	3	wordlist-1=2,wordlist-2=1,wordlist-3=2
emotion	n	2	3	wordlist-1=3,wordlist-2=2,wordlist-3=1
emotional	adj	2	3	wordlist-1=3,wordlist-2=2,wordlist-3=2
emphasize	v	2	3	wordlist-1=3,wordlist-2=2,wordlist-3=2
empirical	adj	3	3	wordlist-1=4,wordlist-2=3,wordlist-3=3
employ	v	2	3	wordlist-1=3,wordlist-2=2,wordlist-3=2
employee	n	2	3	wordlist-1=2,wordlist-2=1,wordlist-3=2
employer	n	2	3	wordlist-1=3,wordlist-2=2,wordlist-3=2
empty	adj	1	3	wordlist-1=2,wordlist-2=1,wordlist-3=1
empty	v	2	3	wordlist-1=3,wordlist-2=2,wordlist-3=2
en-	prefix	4	3	wordlist-1=5,wordlist-2=3,wordlist-3=4
encourage	v	2	3	wordlist-1=2,wordlist-2=2,wordlist-3=2
end	n	1	3	wordlist-1=1,wordlist-2=1,wordlist-3=1
end	v	1	3	wordlist-1=1,wordlist-2=1,wordlist-3=1
end up	phrv	2	3	wordlist-1=2,wordlist-2=1,wordlist-3=2
endangered	adj	3	3	wordlist-1=3,wordlist-2=3,wordlist-3=3
enemy	n	2	3	wordlist-1=2,wordlist-2=2,wordlist-3=2
energy	n	1	3	wordlist-1=2,wordlist-2=1,wordlist-3=1
engine	n	2	3	wordlist-1=2,wordlist-2=2,wordlist-3=2
enjoy	v	1	3	wordlist-1=2,wordlist-2=1,wordlist-3=1
enjoyment	n	3	3	wordlist-1=3,wordlist-2=3,wordlist-3=3
enlighten	v	4	3	wordlist-1=4,wordlist-2=4,wordlist-3=4
enormous	adj	2	3	wordlist-1=2,wordlist-2=2,wordlist-3=2
enough	adv	1	3	wordlist-1=1,wordlist-2=1,wordlist-3=1
enough	det	1	3	wordlist-1=1,wordlist-2=1,wordlist-3=1
enough	pron	1	3	wordlist-1=1,wordlist-2=1,wordlist-3=1
enter	v	1	3	wordlist-1=2,wordlist-2=1,wordlist-3=1
entertain	v	2	3	wordlist-1=3,wordlist-2=2,wordlist-3=2
enthusiasm	n	2	3	wordlist-1=3,wordlist-2=2,wordlist-3=2
enthusiastic	adj	2	3	wordlist-1=3,wordlist-2=2,wordlist-3=2
entrance	n	2	3	wordlist-1=3,wordlist-2=2,wordlist-3=2
envy	n	3	3	wordlist-1=3,wordlist-2=3,wordlist-3=3
envy	v	3	3	wordlist-1=3,wordlist-2=3,wordlist-3=3
epidemic	n	3	3	wordlist-1=3,wordlist-2=3,wordlist-3=3
equal	adj	2	3	wordlist-1=2,wordlist-2=2,wordlist-3=2
equal	v	3	3	wordlist-1=3,wordlist-2=3,wordlist-3=2
equality	n	2	3	wordlist-1=3,wordlist-2=2,wordlist-3=2
equation	n	3	3	wordlist-1=3,wordlist-2=3,wordlist-3=3
equator	n	4	3	wordlist-1=4,wordlist-2=4,wordlist-3=4
equinox	n	5	3	wordlist-1=5,wordlist-2=4,wordlist-3=5
equipment	n	2	3	wordlist-1=2,wordlist-2=1,wordlist-3=2
er	interj	1	3	wordlist-1=1,wordlist-2=1,wordlist-3=4
era	n	2	3	wordlist-1=3,wordlist-2=2,wordlist-3=2
erosion	n	3	3	wordlist-1=4,wordlist-2=3,wordlist-3=3
errand	n	3	3	wordlist-1=3,wordlist-2=3,wordlist-3=3
error	n	2	3	wordlist-1=2,wordlist-2=2,wordlist-3=2
erupt	v	3	3	wordlist-1=4,wordlist-2=3,wordlist-3=3
eruption	n	4	3	wordlist-1=4,wordlist-2=4,wordlist-3=3
escape	n	2	3	wordlist-1=3,wordlist-2=2,wordlist-3=2
escape	v	2	3	wordlist-1=2,wordlist-2=1,wordlist-3=2
especially	adv	1	3	wordlist-1=1,wordlist-2=1,wordlist-3=1
essential	adj	2	3	wordlist-1=2,wordlist-2=2,wordlist-3=2
est	abbr	4	3	wordlist-1=4,wordlist-2=3,wordlist-3=4
estate	n	2	3	wordlist-1=3,wordlist-2=2,wordlist-3=2
estimate	n	2	3	wordlist-1=3,wordlist-2=2,wordlist-3=2
estimate	v	2	3	wordlist-1=3,wordlist-2=2,wordlist-3=2
estuary	n	4	3	wordlist-1=5,wordlist-2=4,wordlist-3=4
eta	abbr	4	3	wordlist-1=5,wordlist-2=3,wordlist-3=4
etc.	abbr	1	3	wordlist-1=2,wordlist-2=1,wordlist-3=1
ethical	adj	3	3	wordlist-1=3,wordlist-2=2,wordlist-3=3
ethics	n	3	3	wordlist-1=3,wordlist-2=2,wordlist-3=3
evaluate	v	2	3	wordlist-1=3,wordlist-2=2,wordlist-3=2
evaluation	n	3	3	wordlist-1=3,wordlist-2=3,wordlist-3=2
evaporate	v	3	3	wordlist-1=4,wordlist-2=3,wordlist-3=3
even	adj	2	3	wordlist-1=2,wordlist-2=2,wordlist-3=2
even	adv	1	3	wordlist-1=1,wordlist-2=1,wordlist-3=2
evening	n	1	3	wordlist-1=1,wordlist-2=1,wordlist-3=1
event	n	1	3	wordlist-1=2,wordlist-2=1,wordlist-3=1
eventually	adv	2	3	wordlist-1=2,wordlist-2=1,wordlist-3=2
ever	adv	1	3	wordlist-1=1,wordlist-2=1,wordlist-3=1
every	det	1	3	wordlist-1=1,wordlist-2=1,wordlist-3=1
everybody	pron	1	3	wordlist-1=1,wordlist-2=1,wordlist-3=1
everyone	pron	1	3	wordlist-1=1,wordlist-2=1,wordlist-3=1
everything	pron	1	3	wordlist-1=1,wordlist-2=1,wordlist-3=1
everywhere	adv	2	3	wordlist-1=2,wordlist-2=2,wordlist-3=1
evidence	n	2	3	wordlist-1=2,wordlist-2=1,wordlist-3=2
ex-	prefix	3	3	wordlist-1=3,wordlist-2=2,wordlist-3=4
exact	adj	2	3	wordlist-1=2,wordlist-2=2,wordlist-3=2
exactly	adv	1	3	wordlist-1=1,wordlist-2=1,wordlist-3=1
examine	v	2	3	wordlist-1=2,wordlist-2=2,wordlist-3=2
example	n	1	3	wordlist-1=1,wordlist-2=1,wordlist-3=1
excellent	adj	2	3	wordlist-1=2,wordlist-2=1,wordlist-3=2
except	conj	2	3	wordlist-1=2,wordlist-2=2,wordlist-3=2
except	prep	2	3	wordlist-1=2,wordlist-2=1,wordlist-3=2
excepting	prep	4	3	wordlist-1=4,wordlist-2=4,wordlist-3=4
exceptional	adj	3	3	wordlist-1=3,wordlist-2=3,wordlist-3=3
exceptionally	adv	3	3	wordlist-1=3,wordlist-2=3,wordlist-3=3
excessively	adv	3	3	wordlist-1=3,wordlist-2=3,wordlist-3=3
exchange	n	2	3	wordlist-1=3,wordlist-2=2,wordlist-3=2
exchange	v	2	3	wordlist-1=3,wordlist-2=2,wordlist-3=2
excite	v	2	3	wordlist-1=3,wordlist-2=2,wordlist-3=2
excited	adj	2	3	wordlist-1=2,wordlist-2=1,wordlist-3=2
excitement	n	2	3	wordlist-1=3,wordlist-2=2,wordlist-3=2
excuse me	phr	1	3	wordlist-1=1,wordlist-2=1,wordlist-3=1
executive	n	2	3	wordlist-1=3,wordlist-2=2,wordlist-3=2
exercise	n	2	3	wordlist-1=2,wordlist-2=1,wordlist-3=2
exercise	v	2	3	wordlist-1=2,wordlist-2=2,wordlist-3=2
exist	v	2	3	wordlist-1=2,wordlist-2=1,wordlist-3=2
exit	n	2	3	wordlist-1=3,wordlist-2=2,wordlist-3=2
exit	v	2	3	wordlist-1=3,wordlist-2=2,wordlist-3=2
expand	v	2	3	wordlist-1=3,wordlist-2=2,wordlist-3=2
expansion	n	2	3	wordlist-1=3,wordlist-2=2,wordlist-3=2
expect	v	1	3	wordlist-1=1,wordlist-2=1,wordlist-3=2
expensive	adj	2	3	wordlist-1=2,wordlist-2=1,wordlist-3=2
experience	n	1	3	wordlist-1=1,wordlist-2=1,wordlist-3=1
experience	v	2	3	wordlist-1=2,wordlist-2=1,wordlist-3=2
experiment	n	2	3	wordlist-1=2,wordlist-2=2,wordlist-3=2
experiment	v	3	3	wordlist-1=3,wordlist-2=3,wordlist-3=3
expert	adj	3	3	wordlist-1=3,wordlist-2=2,wordlist-3=3
expert	n	2	3	wordlist-1=2,wordlist-2=2,wordlist-3=3
explain	v	1	3	wordlist-1=1,wordlist-2=1,wordlist-3=2
explanation	n	2	3	wordlist-1=2,wordlist-2=2,wordlist-3=2
express	v	2	3	wordlist-1=2,wordlist-2=2,wordlist-3=2
extent	n	2	3	wordlist-1=3,wordlist-2=2,wordlist-3=2
extinct	adj	3	3	wordlist-1=3,wordlist-2=3,wordlist-3=3
extinction	n	3	3	wordlist-1=3,wordlist-2=3,wordlist-3=3
extract	v	3	3	wordlist-1=3,wordlist-2=3,wordlist-3=3
extremely	adv	1	3	wordlist-1=1,wordlist-2=1,wordlist-3=2
eye	n	1	3	wordlist-1=1,wordlist-2=1,wordlist-3=1
fabric	n	2	3	wordlist-1=3,wordlist-2=2,wordlist-3=2
facade	n	4	3	wordlist-1=4,wordlist-2=4,wordlist-3=4
face	n	1	3	wordlist-1=1,wordlist-2=1,wordlist-3=1
facility	n	2	3	wordlist-1=3,wordlist-2=2,wordlist-3=2
fact	n	1	3	wordlist-1=1,wordlist-2=1,wordlist-3=1
factor	n	2	3	wordlist-1=2,wordlist-2=2,wordlist-3=2
factory	n	2	3	wordlist-1=2,wordlist-2=2,wordlist-3=2
faculty	n	3	3	wordlist-1=3,wordlist-2=3,wordlist-3=2
fade	v	2	3	wordlist-1=3,wordlist-2=2,wordlist-3=2
failure	n	2	3	wordlist-1=2,wordlist-2=2,wordlist-3=2
faint	v	3	3	wordlist-1=4,wordlist-2=3,wordlist-3=3
fair	adj	2	3	wordlist-1=2,wordlist-2=1,wordlist-3=2
fairly	adv	2	3	wordlist-1=2,wordlist-2=2,wordlist-3=2
faith	n	2	3	wordlist-1=3,wordlist-2=2,wordlist-3=2
fall	n	2	3	wordlist-1=2,wordlist-2=1,wordlist-3=2
fall	v	1	3	wordlist-1=1,wordlist-2=1,wordlist-3=2
fall apart	phrv	2	3	wordlist-1=2,wordlist-2=2,wordlist-3=2
fall down	phrv	2	3	wordlist-1=2,wordlist-2=1,wordlist-3=2
fall over	phrv	2	3	wordlist-1=2,wordlist-2=2,wordlist-3=2
false	adj	1	3	wordlist-1=2,wordlist-2=1,wordlist-3=1
familiar	adj	1	3	wordlist-1=2,wordlist-2=1,wordlist-3=1
family	n	1	3	wordlist-1=1,wordlist-2=1,wordlist-3=1
fan	n	1	3	wordlist-1=2,wordlist-2=1,wordlist-3=1
faq	abbr	3	3	wordlist-1=3,wordlist-2=2,wordlist-3=4
far	adj	1	3	wordlist-1=3,wordlist-2=1,wordlist-3=1
far	adv	1	3	wordlist-1=1,wordlist-2=1,wordlist-3=1
fare	n	2	3	wordlist-1=3,wordlist-2=2,wordlist-3=2
farewell	interj	4	3	wordlist-1=4,wordlist-2=4,wordlist-3=4
farewell	n	4	3	wordlist-1=4,wordlist-2=3,wordlist-3=4
farm	n	1	3	wordlist-1=2,wordlist-2=1,wordlist-3=1
farm	v	2	3	wordlist-1=3,wordlist-2=2,wordlist-3=2
farmer	n	1	3	wordlist-1=2,wordlist-2=1,wordlist-3=1
fashion	n	1	3	wordlist-1=2,wordlist-2=1,wordlist-3=1
fast	adj	1	3	wordlist-1=1,wordlist-2=1,wordlist-3=1
fast	adv	1	3	wordlist-1=1,wordlist-2=1,wordlist-3=1
fasten	v	3	3	wordlist-1=3,wordlist-2=3,wordlist-3=2
fat	adj	1	3	wordlist-1=2,wordlist-2=1,wordlist-3=1
fat	n	2	3	wordlist-1=2,wordlist-2=2,wordlist-3=1
fatal	adj	2	3	wordlist-1=3,wordlist-2=2,wordlist-3=2
father	n	1	3	wordlist-1=1,wordlist-2=1,wordlist-3=1
father-in-law	n	3	3	wordlist-1=3,wordlist-2=3,wordlist-3=2
fatigue	n	2	3	wordlist-1=3,wordlist-2=2,wordlist-3=2
fault	n	2	3	wordlist-1=2,wordlist-2=2,wordlist-3=2
fear	n	1	3	wordlist-1=2,wordlist-2=1,wordlist-3=1
fear	v	2	3	wordlist-1=3,wordlist-2=2,wordlist-3=1
feast	n	3	3	wordlist-1=3,wordlist-2=3,wordlist-3=2
feather	n	2	3	wordlist-1=3,wordlist-2=2,wordlist-3=2
feces	n	4	3	wordlist-1=4,wordlist-2=4,wordlist-3=4
fee	n	2	3	wordlist-1=3,wordlist-2=1,wordlist-3=2
feed	n	3	3	wordlist-1=3,wordlist-2=3,wordlist-3=3
feed	v	1	3	wordlist-1=2,wordlist-2=1,wordlist-3=1
feel	v	1	3	wordlist-1=1,wordlist-2=1,wordlist-3=1
feeling	n	1	3	wordlist-1=1,wordlist-2=1,wordlist-3=1
female	adj	1	3	wordlist-1=2,wordlist-2=1,wordlist-3=1
female	n	2	3	wordlist-1=3,wordlist-2=2,wordlist-3=1
fence	n	2	3	wordlist-1=2,wordlist-2=2,wordlist-3=2
feral	adj	4	3	wordlist-1=4,wordlist-2=3,wordlist-3=4
ferment	v	3	3	wordlist-1=4,wordlist-2=3,wordlist-3=3
ferry	n	2	3	wordlist-1=3,wordlist-2=2,wordlist-3=2
fertile	adj	3	3	wordlist-1=3,wordlist-2=3,wordlist-3=2
fertilizer	n	3	3	wordlist-1=3,wordlist-2=3,wordlist-3=2
festival	n	2	3	wordlist-1=2,wordlist-2=1,wordlist-3=2
fever	n	2	3	wordlist-1=3,wordlist-2=2,wordlist-3=2
few	det	1	3	wordlist-1=1,wordlist-2=1,wordlist-3=1
few	pron	1	3	wordlist-1=2,wordlist-2=1,wordlist-3=1
fiancé	n	3	3	wordlist-1=3,wordlist-2=2,wordlist-3=3
fiancée	n	3	3	wordlist-1=3,wordlist-2=2,wordlist-3=3
fiber	n	2	3	wordlist-1=3,wordlist-2=2,wordlist-3=2
fiction	n	2	3	wordlist-1=3,wordlist-2=2,wordlist-3=2
field	n	1	3	wordlist-1=1,wordlist-2=1,wordlist-3=1
fight	n	1	3	wordlist-1=2,wordlist-2=1,wordlist-3=1
fight	v	1	3	wordlist-1=2,wordlist-2=1,wordlist-3=1
figure	n	1	3	wordlist-1=1,wordlist-2=1,wordlist-3=1
figure out	phrv	1	3	wordlist-1=1,wordlist-2=1,wordlist-3=2
file	n	1	3	wordlist-1=1,wordlist-2=1,wordlist-3=1
file	v	2	3	wordlist-1=2,wordlist-2=2,wordlist-3=2
fill	v	1	3	wordlist-1=1,wordlist-2=1,wordlist-3=1
fill in	phrv	2	3	wordlist-1=2,wordlist-2=2,wordlist-3=2
fill out	phrv	2	3	wordlist-1=2,wordlist-2=2,wordlist-3=2
fill up	phrv	2	3	wordlist-1=2,wordlist-2=2,wordlist-3=2
film	n	1	3	wordlist-1=1,wordlist-2=1,wordlist-3=1
film	v	2	3	wordlist-1=3,wordlist-2=2,wordlist-3=2
fin	n	3	3	wordlist-1=3,wordlist-2=3,wordlist-3=3
final	adj	1	3	wordlist-1=2,wordlist-2=1,wordlist-3=1
finally	adv	1	3	wordlist-1=1,wordlist-2=1,wordlist-3=1
finance	n	2	3	wordlist-1=2,wordlist-2=1,wordlist-3=2
financial	adj	2	3	wordlist-1=2,wordlist-2=1,wordlist-3=2
find	v	1	3	wordlist-1=1,wordlist-2=1,wordlist-3=1
find out	phrv	1	3	wordlist-1=1,wordlist-2=1,wordlist-3=2
finding	n	2	3	wordlist-1=3,wordlist-2=2,wordlist-3=2
fine	adj	1	3	wordlist-1=1,wordlist-2=1,wordlist-3=1
finger	n	1	3	wordlist-1=1,wordlist-2=1,wordlist-3=1
fire	n	1	3	wordlist-1=1,wordlist-2=1,wordlist-3=1
fire	v	2	3	wordlist-1=2,wordlist-2=1,wordlist-3=2
firm	n	2	3	wordlist-1=2,wordlist-2=2,wordlist-3=2
first	adj	1	3	wordlist-1=1,wordlist-2=1,wordlist-3=1
first	adv	1	3	wordlist-1=1,wordlist-2=1,wordlist-3=1
first	num	1	3	wordlist-1=1,wordlist-2=1,wordlist-3=1
first aid	n	2	3	wordlist-1=3,wordlist-2=2,wordlist-3=2
fish	n	1	3	wordlist-1=1,wordlist-2=1,wordlist-3=1
fish	v	2	3	wordlist-1=3,wordlist-2=2,wordlist-3=2
fit	adj	1	3	wordlist-1=2,wordlist-2=1,wordlist-3=1
fit	v	2	3	wordlist-1=2,wordlist-2=1,wordlist-3=2
five	num	1	3	wordlist-1=1,wordlist-2=1,wordlist-3=1
fix	v	1	3	wordlist-1=2,wordlist-2=1,wordlist-3=1
flame	n	2	3	wordlist-1=3,wordlist-2=2,wordlist-3=2
flash	n	2	3	wordlist-1=3,wordlist-2=2,wordlist-3=2
flash	v	2	3	wordlist-1=3,wordlist-2=2,wordlist-3=2
flat	adj	1	3	wordlist-1=2,wordlist-2=1,wordlist-3=1
flavor	n	2	3	wordlist-1=3,wordlist-2=2,wordlist-3=2
flavour	n	2	3	wordlist-1=3,wordlist-2=2,wordlist-3=2
flavour	v	3	3	wordlist-1=4,wordlist-2=3,wordlist-3=3
flawed	adj	3	3	wordlist-1=3,wordlist-2=3,wordlist-3=2
fleece	n	3	3	wordlist-1=4,wordlist-2=3,wordlist-3=3
flexibility	n	2	3	wordlist-1=3,wordlist-2=2,wordlist-3=2
flexible	adj	2	3	wordlist-1=3,wordlist-2=2,wordlist-3=2
flight	n	1	3	wordlist-1=2,wordlist-2=1,wordlist-3=1
float	v	2	3	wordlist-1=3,wordlist-2=2,wordlist-3=2
flock	n	3	3	wordlist-1=3,wordlist-2=3,wordlist-3=2
flock	v	3	3	wordlist-1=4,wordlist-2=3,wordlist-3=3
flood	n	2	3	wordlist-1=2,wordlist-2=2,wordlist-3=1
flood	v	2	3	wordlist-1=3,wordlist-2=2,wordlist-3=2
floor	n	1	3	wordlist-1=1,wordlist-2=1,wordlist-3=1
floral	adj	3	3	wordlist-1=4,wordlist-2=3,wordlist-3=3
florist	n	3	3	wordlist-1=4,wordlist-2=3,wordlist-3=3
flour	n	2	3	wordlist-1=3,wordlist-2=2,wordlist-3=2
flow	v	2	3	wordlist-1=2,wordlist-2=2,wordlist-3=1
flower	n	1	3	wordlist-1=1,wordlist-2=1,wordlist-3=1
flu	n	2	3	wordlist-1=2,wordlist-2=2,wordlist-3=2
fly	n	2	3	wordlist-1=2,wordlist-2=1,wordlist-3=2
fly	v	1	3	wordlist-1=1,wordlist-2=1,wordlist-3=1
focus	n	1	3	wordlist-1=2,wordlist-2=1,wordlist-3=1
focus	v	2	3	wordlist-1=2,wordlist-2=1,wordlist-3=2
fog	n	2	3	wordlist-1=3,wordlist-2=2,wordlist-3=2
foggy	adj	3	3	wordlist-1=3,wordlist-2=3,wordlist-3=2
fold	n	3	3	wordlist-1=3,wordlist-2=3,wordlist-3=2
fold	v	2	3	wordlist-1=2,wordlist-2=2,wordlist-3=2
folder	n	2	3	wordlist-1=2,wordlist-2=2,wordlist-3=2
follow	v	1	3	wordlist-1=1,wordlist-2=1,wordlist-3=1
follower	n	2	3	wordlist-1=2,wordlist-2=2,wordlist-3=2
following	adj	2	3	wordlist-1=2,wordlist-2=2,wordlist-3=2
following	prep	2	3	wordlist-1=2,wordlist-2=2,wordlist-3=2
food	n	1	3	wordlist-1=1,wordlist-2=1,wordlist-3=1
fool	n	2	3	wordlist-1=2,wordlist-2=2,wordlist-3=2
foolish	adj	3	3	wordlist-1=3,wordlist-2=3,wordlist-3=2
foot	n	1	3	wordlist-1=1,wordlist-2=1,wordlist-3=1
for	conj	3	3	wordlist-1=4,wordlist-2=3,wordlist-3=1
for	prep	1	3	wordlist-1=1,wordlist-2=1,wordlist-3=1
for example	phr	1	3	wordlist-1=1,wordlist-2=1,wordlist-3=1
force	n	1	3	wordlist-1=2,wordlist-2=1,wordlist-3=1
force	v	2	3	wordlist-1=2,wordlist-2=1,wordlist-3=2
forecast	n	2	3	wordlist-1=2,wordlist-2=2,wordlist-3=2
forecast	v	3	3	wordlist-1=3,wordlist-2=3,wordlist-3=2
foreign	adj	1	3	wordlist-1=2,wordlist-2=1,wordlist-3=1
forest	n	1	3	wordlist-1=2,wordlist-2=1,wordlist-3=1
forever	adv	2	3	wordlist-1=2,wordlist-2=1,wordlist-3=2
forget	v	1	3	wordlist-1=1,wordlist-2=1,wordlist-3=1
forgive	v	2	3	wordlist-1=2,wordlist-2=2,wordlist-3=2
forgiveness	n	3	3	wordlist-1=3,wordlist-2=3,wordlist-3=2
fork	n	2	3	wordlist-1=2,wordlist-2=2,wordlist-3=2
form	n	1	3	wordlist-1=1,wordlist-2=1,wordlist-3=1
form	v	1	3	wordlist-1=1,wordlist-2=1,wordlist-3=2
formal	adj	2	3	wordlist-1=2,wordlist-2=2,wordlist-3=2
format	n	2	3	wordlist-1=2,wordlist-2=2,wordlist-3=2
format	v	3	3	wordlist-1=3,wordlist-2=3,wordlist-3=2
former	adj	2	3	wordlist-1=2,wordlist-2=1,wordlist-3=2
formula	n	2	3	wordlist-1=3,wordlist-2=2,wordlist-3=2
fortunately	adv	2	3	wordlist-1=3,wordlist-2=2,wordlist-3=2
forward	adv	1	3	wordlist-1=2,wordlist-2=1,wordlist-3=1
fountain	n	2	3	wordlist-1=3,wordlist-2=2,wordlist-3=2
four	num	1	3	wordlist-1=1,wordlist-2=1,wordlist-3=1
foyer	n	3	3	wordlist-1=4,wordlist-2=3,wordlist-3=3
fraction	n	2	3	wordlist-1=3,wordlist-2=2,wordlist-3=2
fracture	n	3	3	wordlist-1=4,wordlist-2=3,wordlist-3=3
fracture	v	3	3	wordlist-1=4,wordlist-2=3,wordlist-3=3
fragile	adj	2	3	wordlist-1=3,wordlist-2=2,wordlist-3=2
fragrance	n	3	3	wordlist-1=4,wordlist-2=3,wordlist-3=2
fragrant	adj	3	3	wordlist-1=4,wordlist-2=3,wordlist-3=3
framework	n	2	3	wordlist-1=3,wordlist-2=2,wordlist-3=2
frankly	adv	2	3	wordlist-1=3,wordlist-2=2,wordlist-3=2
freckle	n	3	3	wordlist-1=4,wordlist-2=3,wordlist-3=3
free	adj	1	3	wordlist-1=1,wordlist-2=1,wordlist-3=1
freedom	n	2	3	wordlist-1=2,wordlist-2=2,wordlist-3=1
freeze	v	2	3	wordlist-1=2,wordlist-2=2,wordlist-3=1
frequent	adj	2	3	wordlist-1=3,wordlist-2=2,wordlist-3=2
frequently	adv	2	3	wordlist-1=2,wordlist-2=2,wordlist-3=2
fresh	adj	1	3	wordlist-1=2,wordlist-2=1,wordlist-3=1
freshly	adv	3	3	wordlist-1=3,wordlist-2=3,wordlist-3=3
friction	n	3	3	wordlist-1=3,wordlist-2=3,wordlist-3=2
fridge	n	2	3	wordlist-1=2,wordlist-2=2,wordlist-3=2
friend	n	1	3	wordlist-1=1,wordlist-2=1,wordlist-3=1
friendly	adj	2	3	wordlist-1=2,wordlist-2=1,wordlist-3=2
friendship	n	2	3	wordlist-1=3,wordlist-2=2,wordlist-3=2
from	prep	1	3	wordlist-1=1,wordlist-2=1,wordlist-3=1
front	n	1	3	wordlist-1=1,wordlist-2=1,wordlist-3=1
frost	n	3	3	wordlist-1=3,wordlist-2=3,wordlist-3=2
frown	n	3	3	wordlist-1=3,wordlist-2=3,wordlist-3=3
frozen	adj	2	3	wordlist-1=3,wordlist-2=2,wordlist-3=2
fruit	n	1	3	wordlist-1=2,wordlist-2=1,wordlist-3=1
frustrated	adj	2	3	wordlist-1=3,wordlist-2=2,wordlist-3=2
fry	v	2	3	wordlist-1=3,wordlist-2=2,wordlist-3=2
ft	abbr	3	3	wordlist-1=3,wordlist-2=2,wordlist-3=3
fuel	n	2	3	wordlist-1=2,wordlist-2=2,wordlist-3=2
full	adj	1	3	wordlist-1=1,wordlist-2=1,wordlist-3=1
full-time	adj	3	3	wordlist-1=3,wordlist-2=2,wordlist-3=3
fully	adv	2	3	wordlist-1=2,wordlist-2=2,wordlist-3=2
fun	adj	1	3	wordlist-1=2,wordlist-2=1,wordlist-3=1
fun	n	1	3	wordlist-1=1,wordlist-2=1,wordlist-3=1
function	v	2	3	wordlist-1=3,wordlist-2=2,wordlist-3=2
fundamental	adj	2	3	wordlist-1=3,wordlist-2=2,wordlist-3=2
fundamentally	adv	3	3	wordlist-1=3,wordlist-2=3,wordlist-3=2
funeral	n	2	3	wordlist-1=3,wordlist-2=2,wordlist-3=2
fungus	n	3	3	wordlist-1=4,wordlist-2=3,wordlist-3=3
funny	adj	1	3	wordlist-1=1,wordlist-2=1,wordlist-3=1
fur	n	2	3	wordlist-1=3,wordlist-2=2,wordlist-3=2
furnish	v	3	3	wordlist-1=4,wordlist-2=3,wordlist-3=3
furnished	adj	3	3	wordlist-1=4,wordlist-2=3,wordlist-3=3
furniture	n	2	3	wordlist-1=2,wordlist-2=1,wordlist-3=2
future	adj	1	3	wordlist-1=2,wordlist-2=1,wordlist-3=1
future	n	1	3	wordlist-1=1,wordlist-2=1,wordlist-3=1
fyi	abbr	3	3	wordlist-1=3,wordlist-2=2,wordlist-3=3
g	abbr	3	3	wordlist-1=3,wordlist-2=2,wordlist-3=3
gain	n	2	3	wordlist-1=3,wordlist-2=2,wordlist-3=2
gain	v	2	3	wordlist-1=3,wordlist-2=2,wordlist-3=2
gale	n	4	3	wordlist-1=4,wordlist-2=4,wordlist-3=3
gallery	n	2	3	wordlist-1=3,wordlist-2=2,wordlist-3=2
game	n	1	3	wordlist-1=1,wordlist-2=1,wordlist-3=1
garage	n	2	3	wordlist-1=2,wordlist-2=2,wordlist-3=2
garden	n	2	3	wordlist-1=2,wordlist-2=1,wordlist-3=2
garlic	n	2	3	wordlist-1=3,wordlist-2=2,wordlist-3=2
garment	n	3	3	wordlist-1=4,wordlist-2=3,wordlist-3=3
garnish	n	4	3	wordlist-1=5,wordlist-2=4,wordlist-3=3
garnish	v	4	3	wordlist-1=4,wordlist-2=4,wordlist-3=3
gas	n	1	3	wordlist-1=1,wordlist-2=1,wordlist-3=2
gate	n	2	3	wordlist-1=2,wordlist-2=1,wordlist-3=2
gather	v	2	3	wordlist-1=2,wordlist-2=2,wordlist-3=2
gauge	v	3	3	wordlist-1=4,wordlist-2=3,wordlist-3=3
gaze	n	3	3	wordlist-1=4,wordlist-2=3,wordlist-3=3
gaze	v	3	3	wordlist-1=3,wordlist-2=3,wordlist-3=3
gdp	abbr	3	3	wordlist-1=3,wordlist-2=3,wordlist-3=3
gear	n	2	3	wordlist-1=3,wordlist-2=2,wordlist-3=2
gear	v	3	3	wordlist-1=4,wordlist-2=3,wordlist-3=3
gender	n	2	3	wordlist-1=2,wordlist-2=2,wordlist-3=2
general	adj	1	3	wordlist-1=1,wordlist-2=1,wordlist-3=1
generally	adv	2	3	wordlist-1=2,wordlist-2=2,wordlist-3=2
generation	n	2	3	wordlist-1=2,wordlist-2=2,wordlist-3=2
generous	adj	2	3	wordlist-1=3,wordlist-2=2,wordlist-3=2
genius	n	2	3	wordlist-1=3,wordlist-2=2,wordlist-3=2
gentle	adj	2	3	wordlist-1=2,wordlist-2=2,wordlist-3=2
genuine	adj	2	3	wordlist-1=3,wordlist-2=2,wordlist-3=2
genuinely	adv	2	3	wordlist-1=3,wordlist-2=2,wordlist-3=2
geo-	comb	3	3	wordlist-1=5,wordlist-2=3,wordlist-3=3
germ	n	3	3	wordlist-1=3,wordlist-2=3,wordlist-3=2
get	v	1	3	wordlist-1=1,wordlist-2=1,wordlist-3=1
get away	phrv	2	3	wordlist-1=2,wordlist-2=1,wordlist-3=2
get back	phrv	1	3	wordlist-1=1,wordlist-2=1,wordlist-3=2
get in	phrv	1	3	wordlist-1=1,wordlist-2=1,wordlist-3=2
get off	phrv	1	3	wordlist-1=1,wordlist-2=1,wordlist-3=2
get on	phrv	1	3	wordlist-1=1,wordlist-2=1,wordlist-3=2
get out	phrv	1	3	wordlist-1=1,wordlist-2=1,wordlist-3=2
get over	phrv	2	3	wordlist-1=2,wordlist-2=2,wordlist-3=2
get up	phrv	1	3	wordlist-1=1,wordlist-2=1,wordlist-3=2
girl	n	1	3	wordlist-1=1,wordlist-2=1,wordlist-3=1
give	v	1	3	wordlist-1=1,wordlist-2=1,wordlist-3=1
give back	phrv	2	3	wordlist-1=2,wordlist-2=2,wordlist-3=2
give up	phrv	1	3	wordlist-1=1,wordlist-2=1,wordlist-3=2
given	conj	3	3	wordlist-1=3,wordlist-2=3,wordlist-3=3
given	prep	2	3	wordlist-1=2,wordlist-2=2,wordlist-3=3
glacier	n	3	3	wordlist-1=4,wordlist-2=3,wordlist-3=3
glance	n	2	3	wordlist-1=3,wordlist-2=2,wordlist-3=2
glance	v	2	3	wordlist-1=3,wordlist-2=2,wordlist-3=2
gland	n	3	3	wordlist-1=4,wordlist-2=3,wordlist-3=3
glare	n	3	3	wordlist-1=4,wordlist-2=3,wordlist-3=3
glare	v	3	3	wordlist-1=4,wordlist-2=3,wordlist-3=3
glass	n	1	3	wordlist-1=1,wordlist-2=1,wordlist-3=1
glasses	n	2	3	wordlist-1=2,wordlist-2=1,wordlist-3=2
glimpse	n	3	3	wordlist-1=3,wordlist-2=3,wordlist-3=2
glimpse	v	3	3	wordlist-1=3,wordlist-2=3,wordlist-3=2
gloomy	adj	3	3	wordlist-1=3,wordlist-2=3,wordlist-3=3
glove	n	2	3	wordlist-1=2,wordlist-2=2,wordlist-3=2
gloves	n	2	3	wordlist-1=3,wordlist-2=2,wordlist-3=2
glow	n	3	3	wordlist-1=3,wordlist-2=3,wordlist-3=2
glow	v	3	3	wordlist-1=3,wordlist-2=3,wordlist-3=2
glue	n	2	3	wordlist-1=3,wordlist-2=2,wordlist-3=2
glue	v	3	3	wordlist-1=3,wordlist-2=3,wordlist-3=2
go	v	1	3	wordlist-1=1,wordlist-2=1,wordlist-3=1
go away	phrv	2	3	wordlist-1=2,wordlist-2=1,wordlist-3=2
go back	phrv	1	3	wordlist-1=1,wordlist-2=1,wordlist-3=2
go in	phrv	2	3	wordlist-1=2,wordlist-2=1,wordlist-3=2
go on	phrv	1	3	wordlist-1=1,wordlist-2=1,wordlist-3=2
go out	phrv	1	3	wordlist-1=1,wordlist-2=1,wordlist-3=2
go over	phrv	2	3	wordlist-1=2,wordlist-2=2,wordlist-3=2
go through	phrv	2	3	wordlist-1=2,wordlist-2=2,wordlist-3=2
go to bed	phr	2	3	wordlist-1=2,wordlist-2=1,wordlist-3=2
goal	n	2	3	wordlist-1=2,wordlist-2=1,wordlist-3=2
goat	n	2	3	wordlist-1=3,wordlist-2=2,wordlist-3=2
god	n	1	3	wordlist-1=2,wordlist-2=1,wordlist-3=1
gold	adj	2	3	wordlist-1=3,wordlist-2=1,wordlist-3=2
gold	n	2	3	wordlist-1=2,wordlist-2=1,wordlist-3=2
good	adj	1	3	wordlist-1=1,wordlist-2=1,wordlist-3=1
good morning	phr	1	3	wordlist-1=1,wordlist-2=1,wordlist-3=2
good night	phr	1	3	wordlist-1=1,wordlist-2=1,wordlist-3=2
goodbye	interj	1	3	wordlist-1=1,wordlist-2=1,wordlist-3=2
goodbye	n	2	3	wordlist-1=2,wordlist-2=2,wordlist-3=2
goods	n	2	3	wordlist-1=3,wordlist-2=2,wordlist-3=2
gosh	interj	3	3	wordlist-1=3,wordlist-2=3,wordlist-3=3
govern	v	2	3	wordlist-1=3,wordlist-2=2,wordlist-3=2
government	n	1	3	wordlist-1=1,wordlist-2=1,wordlist-3=1
governor	n	2	3	wordlist-1=3,wordlist-2=2,wordlist-3=2
gps	abbr	2	3	wordlist-1=2,wordlist-2=2,wordlist-3=3
grab	n	3	3	wordlist-1=4,wordlist-2=3,wordlist-3=2
grab	v	2	3	wordlist-1=2,wordlist-2=2,wordlist-3=2
grace	n	2	3	wordlist-1=3,wordlist-2=2,wordlist-3=2
gradually	adv	2	3	wordlist-1=3,wordlist-2=2,wordlist-3=2
graduate	v	2	3	wordlist-1=3,wordlist-2=2,wordlist-3=2
graft	v	4	3	wordlist-1=4,wordlist-2=4,wordlist-3=3
grain	n	2	3	wordlist-1=3,wordlist-2=2,wordlist-3=2
grammar	n	2	3	wordlist-1=3,wordlist-2=2,wordlist-3=1
grandchild	n	3	3	wordlist-1=3,wordlist-2=2,wordlist-3=3
granddaughter	n	3	3	wordlist-1=3,wordlist-2=2,wordlist-3=3
grandfather	n	1	3	wordlist-1=2,wordlist-2=1,wordlist-3=1
grandmother	n	1	3	wordlist-1=2,wordlist-2=1,wordlist-3=1
grandparent	n	3	3	wordlist-1=3,wordlist-2=2,wordlist-3=4
grandson	n	3	3	wordlist-1=3,wordlist-2=2,wordlist-3=3
grasp	n	3	3	wordlist-1=3,wordlist-2=3,wordlist-3=2
grasp	v	2	3	wordlist-1=3,wordlist-2=2,wordlist-3=2
grass	n	1	3	wordlist-1=2,wordlist-2=1,wordlist-3=1
grate	v	3	3	wordlist-1=4,wordlist-2=3,wordlist-3=3
grateful	adj	2	3	wordlist-1=3,wordlist-2=2,wordlist-3=1
gratitude	n	3	3	wordlist-1=3,wordlist-2=3,wordlist-3=2
grave	n	2	3	wordlist-1=3,wordlist-2=2,wordlist-3=2
graveyard	n	3	3	wordlist-1=3,wordlist-2=3,wordlist-3=3
gravy	n	3	3	wordlist-1=3,wordlist-2=3,wordlist-3=3
graze	v	3	3	wordlist-1=4,wordlist-2=3,wordlist-3=3
greasy	adj	3	3	wordlist-1=3,wordlist-2=3,wordlist-3=3
great	adj	1	3	wordlist-1=1,wordlist-2=1,wordlist-3=1
greatly	adv	3	3	wordlist-1=3,wordlist-2=2,wordlist-3=3
greedy	adj	3	3	wordlist-1=3,wordlist-2=3,wordlist-3=3
green	adj	1	3	wordlist-1=1,wordlist-2=1,wordlist-3=1
greenhouse	n	3	3	wordlist-1=3,wordlist-2=3,wordlist-3=3
greeting	n	3	3	wordlist-1=3,wordlist-2=3,wordlist-3=2
greetings	interj	2	3	wordlist-1=4,wordlist-2=2,wordlist-3=1
greetings	n	3	3	wordlist-1=3,wordlist-2=3,wordlist-3=3
grey	adj	1	3	wordlist-1=2,wordlist-2=1,wordlist-3=1
grief	n	3	3	wordlist-1=3,wordlist-2=3,wordlist-3=3
grieve	v	3	3	wordlist-1=4,wordlist-2=3,wordlist-3=3
grill	n	3	3	wordlist-1=3,wordlist-2=2,wordlist-3=3
grill	v	3	3	wordlist-1=3,wordlist-2=2,wordlist-3=3
grip	n	2	3	wordlist-1=3,wordlist-2=2,wordlist-3=2
grip	v	2	3	wordlist-1=3,wordlist-2=2,wordlist-3=2
groom	v	3	3	wordlist-1=4,wordlist-2=3,wordlist-3=3
grooming	n	4	3	wordlist-1=4,wordlist-2=3,wordlist-3=4
ground	n	1	3	wordlist-1=1,wordlist-2=1,wordlist-3=1
group	n	1	3	wordlist-1=1,wordlist-2=1,wordlist-3=1
grow	v	1	3	wordlist-1=1,wordlist-2=1,wordlist-3=1
grow up	phrv	1	3	wordlist-1=2,wordlist-2=1,wordlist-3=1
grow up	v	2	3	wordlist-1=2,wordlist-2=2,wordlist-3=2
growth	n	2	3	wordlist-1=2,wordlist-2=2,wordlist-3=2
guard	n	2	3	wordlist-1=2,wordlist-2=2,wordlist-3=1
guard	v	2	3	wordlist-1=3,wordlist-2=2,wordlist-3=2
guess	n	2	3	wordlist-1=2,wordlist-2=2,wordlist-3=2
guess	v	1	3	wordlist-1=1,wordlist-2=1,wordlist-3=2
guest	n	1	3	wordlist-1=2,wordlist-2=1,wordlist-3=1
guide	n	1	3	wordlist-1=2,wordlist-2=1,wordlist-3=1
guide	v	2	3	wordlist-1=2,wordlist-2=2,wordlist-3=2
guilt	n	3	3	wordlist-1=3,wordlist-2=2,wordlist-3=3
guilty	adj	2	3	wordlist-1=2,wordlist-2=2,wordlist-3=2
guitar	n	2	3	wordlist-1=2,wordlist-2=2,wordlist-3=2
gulf	n	3	3	wordlist-1=3,wordlist-2=3,wordlist-3=3
gun	n	2	3	wordlist-1=2,wordlist-2=1,wordlist-3=2
gutter	n	3	3	wordlist-1=3,wordlist-2=3,wordlist-3=3
habit	n	2	3	wordlist-1=2,wordlist-2=2,wordlist-3=2
habitat	n	3	3	wordlist-1=3,wordlist-2=3,wordlist-3=3
habitual	adj	4	3	wordlist-1=4,wordlist-2=4,wordlist-3=4
habitually	adv	4	3	wordlist-1=4,wordlist-2=4,wordlist-3=4
hail	n	3	3	wordlist-1=4,wordlist-2=3,wordlist-3=3
hair	n	1	3	wordlist-1=1,wordlist-2=1,wordlist-3=1
half	det	1	3	wordlist-1=1,wordlist-2=1,wordlist-3=1
half	n	1	3	wordlist-1=1,wordlist-2=1,wordlist-3=2
half	pron	2	3	wordlist-1=2,wordlist-2=2,wordlist-3=2
half-brother	n	4	3	wordlist-1=4,wordlist-2=3,wordlist-3=5
half-sister	n	4	3	wordlist-1=4,wordlist-2=3,wordlist-3=4
hall	n	1	3	wordlist-1=2,wordlist-2=1,wordlist-3=1
hallway	n	3	3	wordlist-1=3,wordlist-2=2,wordlist-3=3
hammer	n	2	3	wordlist-1=2,wordlist-2=2,wordlist-3=2
hand	n	1	3	wordlist-1=1,wordlist-2=1,wordlist-3=1
hand over	phrv	2	3	wordlist-1=3,wordlist-2=2,wordlist-3=1
handbag	n	3	3	wordlist-1=3,wordlist-2=3,wordlist-3=3
handle	n	2	3	wordlist-1=2,wordlist-2=2,wordlist-3=2
handle	v	2	3	wordlist-1=2,wordlist-2=1,wordlist-3=2
handsome	adj	2	3	wordlist-1=3,wordlist-2=2,wordlist-3=2
hang	v	2	3	wordlist-1=2,wordlist-2=1,wordlist-3=2
hang up	phrv	2	3	wordlist-1=2,wordlist-2=2,wordlist-3=2
hanger	n	3	3	wordlist-1=3,wordlist-2=3,wordlist-3=3
happen	v	1	3	wordlist-1=1,wordlist-2=1,wordlist-3=1
happen to	phrv	2	3	wordlist-1=2,wordlist-2=2,wordlist-3=2
happy	adj	1	3	wordlist-1=1,wordlist-2=1,wordlist-3=1
harbour	n	3	3	wordlist-1=3,wordlist-2=2,wordlist-3=3
hard	adj	1	3	wordlist-1=1,wordlist-2=1,wordlist-3=1
hard	adv	1	3	wordlist-1=1,wordlist-2=1,wordlist-3=1
harden	v	3	3	wordlist-1=3,wordlist-2=3,wordlist-3=3
hardly	adv	2	3	wordlist-1=2,wordlist-2=2,wordlist-3=1
hardness	n	4	3	wordlist-1=4,wordlist-2=4,wordlist-3=4
hardware	n	3	3	wordlist-1=3,wordlist-2=2,wordlist-3=3
hardware store	n	3	3	wordlist-1=4,wordlist-2=3,wordlist-3=3
harm	n	2	3	wordlist-1=3,wordlist-2=2,wordlist-3=2
harm	v	2	3	wordlist-1=3,wordlist-2=2,wordlist-3=2
harsh	adj	3	3	wordlist-1=3,wordlist-2=2,wordlist-3=3
harvest	n	2	3	wordlist-1=3,wordlist-2=2,wordlist-3=2
harvest	v	3	3	wordlist-1=3,wordlist-2=3,wordlist-3=3
hat	n	1	3	wordlist-1=2,wordlist-2=1,wordlist-3=1
hatch	v	3	3	wordlist-1=4,wordlist-2=3,wordlist-3=3
hate	n	2	3	wordlist-1=2,wordlist-2=2,wordlist-3=2
hate	v	2	3	wordlist-1=2,wordlist-2=1,wordlist-3=2
haul	v	3	3	wordlist-1=3,wordlist-2=3,wordlist-3=3
have	aux	1	3	wordlist-1=1,wordlist-2=1,wordlist-3=1
have	v	1	3	wordlist-1=1,wordlist-2=1,wordlist-3=1
hay	n	3	3	wordlist-1=3,wordlist-2=3,wordlist-3=3
haze	n	4	3	wordlist-1=4,wordlist-2=4,wordlist-3=3
he	pron	1	3	wordlist-1=1,wordlist-2=1,wordlist-3=1
head	n	1	3	wordlist-1=1,wordlist-2=1,wordlist-3=1
headline	n	2	3	wordlist-1=2,wordlist-2=2,wordlist-3=3
headquarters	n	2	3	wordlist-1=3,wordlist-2=2,wordlist-3=2
heal	v	3	3	wordlist-1=3,wordlist-2=2,wordlist-3=3
health	n	1	3	wordlist-1=1,wordlist-2=1,wordlist-3=2
healthy	adj	2	3	wordlist-1=2,wordlist-2=1,wordlist-3=2
hear	v	1	3	wordlist-1=1,wordlist-2=1,wordlist-3=1
hearing	n	2	3	wordlist-1=2,wordlist-2=2,wordlist-3=2
heart	n	1	3	wordlist-1=1,wordlist-2=1,wordlist-3=1
heart attack	n	3	3	wordlist-1=3,wordlist-2=2,wordlist-3=3
heat	n	2	3	wordlist-1=2,wordlist-2=1,wordlist-3=2
heat	v	2	3	wordlist-1=3,wordlist-2=2,wordlist-3=2
heavy	adj	2	3	wordlist-1=2,wordlist-2=1,wordlist-3=2
heel	n	2	3	wordlist-1=3,wordlist-2=2,wordlist-3=2
height	n	2	3	wordlist-1=2,wordlist-2=2,wordlist-3=2
hello	interj	1	3	wordlist-1=1,wordlist-2=1,wordlist-3=1
hello	n	3	3	wordlist-1=3,wordlist-2=2,wordlist-3=3
help	n	1	3	wordlist-1=1,wordlist-2=1,wordlist-3=2
help	v	1	3	wordlist-1=1,wordlist-2=1,wordlist-3=2
helpful	adj	2	3	wordlist-1=2,wordlist-2=2,wordlist-3=2
hem	n	4	3	wordlist-1=4,wordlist-2=4,wordlist-3=3
hemisphere	n	3	3	wordlist-1=4,wordlist-2=3,wordlist-3=3
her	det	1	3	wordlist-1=1,wordlist-2=1,wordlist-3=1
her	pron	1	3	wordlist-1=1,wordlist-2=1,wordlist-3=2
herb	n	3	3	wordlist-1=3,wordlist-2=2,wordlist-3=3
herd	n	3	3	wordlist-1=3,wordlist-2=3,wordlist-3=3
herd	v	4	3	wordlist-1=4,wordlist-2=4,wordlist-3=3
here	adv	1	3	wordlist-1=1,wordlist-2=1,wordlist-3=1
hereditary	adj	4	3	wordlist-1=4,wordlist-2=4,wordlist-3=4
hers	pron	2	3	wordlist-1=2,wordlist-2=2,wordlist-3=2
herself	pron	2	3	wordlist-1=2,wordlist-2=1,wordlist-3=2
hesitate	v	2	3	wordlist-1=3,wordlist-2=2,wordlist-3=2
hey	interj	1	3	wordlist-1=1,wordlist-2=1,wordlist-3=1
hi	interj	1	3	wordlist-1=1,wordlist-2=1,wordlist-3=2
hidden	adj	3	3	wordlist-1=3,wordlist-2=2,wordlist-3=4
hide	n	4	3	wordlist-1=4,wordlist-2=4,wordlist-3=3
hide	v	2	3	wordlist-1=2,wordlist-2=1,wordlist-3=2
high	adj	1	3	wordlist-1=1,wordlist-2=1,wordlist-3=1
high	adv	2	3	wordlist-1=2,wordlist-2=2,wordlist-3=1
high-rise	adj	3	3	wordlist-1=4,wordlist-2=3,wordlist-3=3
high-rise	n	3	3	wordlist-1=3,wordlist-2=4,wordlist-3=3
highly	adv	2	3	wordlist-1=2,wordlist-2=2,wordlist-3=1
highway	n	2	3	wordlist-1=2,wordlist-2=2,wordlist-3=2
hill	n	1	3	wordlist-1=2,wordlist-2=1,wordlist-3=1
him	pron	1	3	wordlist-1=1,wordlist-2=1,wordlist-3=1
himself	pron	1	3	wordlist-1=2,wordlist-2=1,wordlist-3=1
hire	v	1	3	wordlist-1=2,wordlist-2=1,wordlist-3=1
his	det	1	3	wordlist-1=1,wordlist-2=1,wordlist-3=1
his	pron	1	3	wordlist-1=1,wordlist-2=1,wordlist-3=1
historic	adj	2	3	wordlist-1=3,wordlist-2=2,wordlist-3=2
hit	n	1	3	wordlist-1=1,wordlist-2=1,wordlist-3=2
hit	v	1	3	wordlist-1=1,wordlist-2=1,wordlist-3=1
hive	n	4	3	wordlist-1=4,wordlist-2=3,wordlist-3=4
hmm	interj	1	3	wordlist-1=3,wordlist-2=1,wordlist-3=1
hobby	n	2	3	wordlist-1=2,wordlist-2=2,wordlist-3=2
hold	v	1	3	wordlist-1=1,wordlist-2=1,wordlist-3=1
hold on	phrv	1	3	wordlist-1=1,wordlist-2=1,wordlist-3=2
hold up	phrv	2	3	wordlist-1=2,wordlist-2=1,wordlist-3=2
hole	n	1	3	wordlist-1=1,wordlist-2=1,wordlist-3=1
holiday	n	1	3	wordlist-1=1,wordlist-2=1,wordlist-3=1
hollow	adj	2	3	wordlist-1=3,wordlist-2=2,wordlist-3=2
holy	adj	2	3	wordlist-1=2,wordlist-2=2,wordlist-3=2
home	n	1	3	wordlist-1=1,wordlist-2=1,wordlist-3=1
homesick	adj	3	3	wordlist-1=3,wordlist-2=3,wordlist-3=3
honest	adj	2	3	wordlist-1=2,wordlist-2=1,wordlist-3=2
honestly	adv	2	3	wordlist-1=2,wordlist-2=1,wordlist-3=2
honesty	n	3	3	wordlist-1=3,wordlist-2=2,wordlist-3=3
honey	n	2	3	wordlist-1=2,wordlist-2=1,wordlist-3=2
honeymoon	n	3	3	wordlist-1=3,wordlist-2=2,wordlist-3=3
hoodie	n	3	3	wordlist-1=3,wordlist-2=2,wordlist-3=3
hoof	n	4	3	wordlist-1=4,wordlist-2=3,wordlist-3=4
hooray	interj	3	3	wordlist-1=3,wordlist-2=3,wordlist-3=3
hope	n	1	3	wordlist-1=1,wordlist-2=1,wordlist-3=1
hope	v	1	3	wordlist-1=1,wordlist-2=1,wordlist-3=1
horizon	n	2	3	wordlist-1=3,wordlist-2=2,wordlist-3=2
horizontal	adj	3	3	wordlist-1=3,wordlist-2=2,wordlist-3=3
hormone	n	3	3	wordlist-1=3,wordlist-2=3,wordlist-3=3
horn	n	2	3	wordlist-1=2,wordlist-2=2,wordlist-3=3
horse	n	2	3	wordlist-1=2,wordlist-2=1,wordlist-3=2
hospital	n	1	3	wordlist-1=1,wordlist-2=1,wordlist-3=1
host	n	2	3	wordlist-1=2,wordlist-2=2,wordlist-3=2
hostage	n	3	3	wordlist-1=3,wordlist-2=3,wordlist-3=3
hostel	n	3	3	wordlist-1=3,wordlist-2=2,wordlist-3=3
hot	adj	1	3	wordlist-1=1,wordlist-2=1,wordlist-3=1
hotel	n	1	3	wordlist-1=1,wordlist-2=1,wordlist-3=1
hour	n	1	3	wordlist-1=1,wordlist-2=1,wordlist-3=1
house	n	1	3	wordlist-1=1,wordlist-2=1,wordlist-3=1
household	n	2	3	wordlist-1=2,wordlist-2=2,wordlist-3=2
how	adv	1	3	wordlist-1=1,wordlist-2=1,wordlist-3=1
howdy	interj	4	3	wordlist-1=4,wordlist-2=3,wordlist-3=5
however	adv	1	3	wordlist-1=1,wordlist-2=1,wordlist-3=1
hr	abbr	4	3	wordlist-1=4,wordlist-2=2,wordlist-3=4
hr.	abbr	4	3	wordlist-1=4,wordlist-2=2,wordlist-3=4
hue	n	4	3	wordlist-1=4,wordlist-2=3,wordlist-3=4
hug	v	2	3	wordlist-1=2,wordlist-2=2,wordlist-3=2
hum	n	3	3	wordlist-1=4,wordlist-2=3,wordlist-3=3
hum	v	3	3	wordlist-1=3,wordlist-2=3,wordlist-3=3
human	adj	1	3	wordlist-1=2,wordlist-2=1,wordlist-3=1
human	n	2	3	wordlist-1=2,wordlist-2=1,wordlist-3=2
humid	adj	3	3	wordlist-1=3,wordlist-2=3,wordlist-3=3
humidity	n	3	3	wordlist-1=3,wordlist-2=3,wordlist-3=3
humor	n	2	3	wordlist-1=3,wordlist-2=2,wordlist-3=2
humour	n	2	3	wordlist-1=4,wordlist-2=2,wordlist-3=2
hundred	num	1	3	wordlist-1=1,wordlist-2=1,wordlist-3=1
hungry	adj	1	3	wordlist-1=1,wordlist-2=1,wordlist-3=2
hurricane	n	3	3	wordlist-1=3,wordlist-2=2,wordlist-3=3
hurt	adj	2	3	wordlist-1=2,wordlist-2=1,wordlist-3=2
hurt	v	1	3	wordlist-1=1,wordlist-2=1,wordlist-3=2
husband	n	1	3	wordlist-1=1,wordlist-2=1,wordlist-3=2
hygiene	n	3	3	wordlist-1=3,wordlist-2=3,wordlist-3=4
hygienic	adj	4	3	wordlist-1=4,wordlist-2=3,wordlist-3=4
hyper-	prefix	4	3	wordlist-1=4,wordlist-2=2,wordlist-3=5
hypothesis	n	3	3	wordlist-1=3,wordlist-2=3,wordlist-3=3
i	pron	1	3	wordlist-1=1,wordlist-2=1,wordlist-3=1
i.e.	abbr	3	3	wordlist-1=3,wordlist-2=2,wordlist-3=4
ice	n	1	3	wordlist-1=1,wordlist-2=1,wordlist-3=2
ice	v	3	3	wordlist-1=3,wordlist-2=3,wordlist-3=3
iceberg	n	3	3	wordlist-1=3,wordlist-2=3,wordlist-3=4
id	abbr	4	3	wordlist-1=4,wordlist-2=2,wordlist-3=4
idea	n	1	3	wordlist-1=1,wordlist-2=1,wordlist-3=1
ideology	n	3	3	wordlist-1=4,wordlist-2=3,wordlist-3=3
if	conj	1	3	wordlist-1=1,wordlist-2=1,wordlist-3=1
ignorance	n	3	3	wordlist-1=3,wordlist-2=3,wordlist-3=3
ignorant	adj	3	3	wordlist-1=3,wordlist-2=2,wordlist-3=3
ill	adj	2	3	wordlist-1=2,wordlist-2=1,wordlist-3=2
illegal	adj	2	3	wordlist-1=2,wordlist-2=2,wordlist-3=2
illness	n	2	3	wordlist-1=2,wordlist-2=2,wordlist-3=2
illuminate	v	3	3	wordlist-1=4,wordlist-2=3,wordlist-3=3
illusion	n	3	3	wordlist-1=3,wordlist-2=3,wordlist-3=3
illustrate	v	2	3	wordlist-1=3,wordlist-2=2,wordlist-3=2
image	n	2	3	wordlist-1=2,wordlist-2=1,wordlist-3=2
imagination	n	2	3	wordlist-1=2,wordlist-2=2,wordlist-3=2
imagine	v	1	3	wordlist-1=1,wordlist-2=1,wordlist-3=2
immature	adj	3	3	wordlist-1=3,wordlist-2=3,wordlist-3=3
immediately	adv	1	3	wordlist-1=2,wordlist-2=1,wordlist-3=1
immense	adj	3	3	wordlist-1=3,wordlist-2=3,wordlist-3=3
immensely	adv	3	3	wordlist-1=4,wordlist-2=3,wordlist-3=3
immigrant	n	2	3	wordlist-1=3,wordlist-2=2,wordlist-3=2
immigration	n	3	3	wordlist-1=3,wordlist-2=2,wordlist-3=3
immune	adj	3	3	wordlist-1=3,wordlist-2=2,wordlist-3=3
immunity	n	3	3	wordlist-1=3,wordlist-2=3,wordlist-3=3
impact	n	1	3	wordlist-1=2,wordlist-2=1,wordlist-3=1
impact	v	2	3	wordlist-1=3,wordlist-2=2,wordlist-3=2
impatient	adj	3	3	wordlist-1=3,wordlist-2=2,wordlist-3=3
imply	v	2	3	wordlist-1=3,wordlist-2=2,wordlist-3=2
importance	n	2	3	wordlist-1=2,wordlist-2=2,wordlist-3=2
important	adj	1	3	wordlist-1=1,wordlist-2=1,wordlist-3=1
impossible	adj	2	3	wordlist-1=2,wordlist-2=1,wordlist-3=2
impression	n	2	3	wordlist-1=2,wordlist-2=2,wordlist-3=2
impressive	adj	2	3	wordlist-1=3,wordlist-2=2,wordlist-3=2
improve	v	1	3	wordlist-1=1,wordlist-2=1,wordlist-3=2
improvement	n	2	3	wordlist-1=2,wordlist-2=2,wordlist-3=2
in	abbr	3	3	wordlist-1=4,wordlist-2=3,wordlist-3=3
in	adv	1	3	wordlist-1=1,wordlist-2=1,wordlist-3=3
in	prep	1	3	wordlist-1=1,wordlist-2=1,wordlist-3=1
in fact	phr	1	3	wordlist-1=1,wordlist-2=1,wordlist-3=2
in-	prefix	3	3	wordlist-1=3,wordlist-2=2,wordlist-3=5
in-law	n	3	3	wordlist-1=3,wordlist-2=3,wordlist-3=3
in.	abbr	4	3	wordlist-1=4,wordlist-2=2,wordlist-3=4
inc	abbr	3	3	wordlist-1=3,wordlist-2=2,wordlist-3=4
include	v	1	3	wordlist-1=1,wordlist-2=1,wordlist-3=2
including	prep	2	3	wordlist-1=2,wordlist-2=1,wordlist-3=2
income	n	2	3	wordlist-1=2,wordlist-2=2,wordlist-3=2
increase	n	2	3	wordlist-1=2,wordlist-2=1,wordlist-3=2
increase	v	2	3	wordlist-1=2,wordlist-2=1,wordlist-3=2
increasingly	adv	3	3	wordlist-1=3,wordlist-2=2,wordlist-3=3
indeed	adv	2	3	wordlist-1=2,wordlist-2=2,wordlist-3=2
independent	adj	2	3	wordlist-1=2,wordlist-2=1,wordlist-3=2
indicate	v	2	3	wordlist-1=3,wordlist-2=2,wordlist-3=2
individual	adj	2	3	wordlist-1=2,wordlist-2=2,wordlist-3=2
individual	n	2	3	wordlist-1=2,wordlist-2=2,wordlist-3=2
indoor	adj	3	3	wordlist-1=3,wordlist-2=2,wordlist-3=3
industrial	adj	2	3	wordlist-1=3,wordlist-2=2,wordlist-3=2
industry	n	2	3	wordlist-1=2,wordlist-2=1,wordlist-3=2
inequality	n	3	3	wordlist-1=3,wordlist-2=3,wordlist-3=3
inevitably	adv	3	3	wordlist-1=3,wordlist-2=2,wordlist-3=3
infant	n	3	3	wordlist-1=3,wordlist-2=2,wordlist-3=3
infect	v	3	3	wordlist-1=3,wordlist-2=2,wordlist-3=3
infection	n	2	3	wordlist-1=2,wordlist-2=2,wordlist-3=3
infectious	adj	3	3	wordlist-1=3,wordlist-2=3,wordlist-3=3
infer	v	3	3	wordlist-1=4,wordlist-2=3,wordlist-3=3
inflame	v	4	3	wordlist-1=4,wordlist-2=4,wordlist-3=3
inflammation	n	3	3	wordlist-1=3,wordlist-2=3,wordlist-3=3
inflation	n	2	3	wordlist-1=2,wordlist-2=2,wordlist-3=3
influence	n	2	3	wordlist-1=2,wordlist-2=2,wordlist-3=2
influence	v	2	3	wordlist-1=3,wordlist-2=2,wordlist-3=2
info	abbr	2	3	wordlist-1=2,wordlist-2=2,wordlist-3=4
inform	v	2	3	wordlist-1=3,wordlist-2=2,wordlist-3=2
informal	adj	2	3	wordlist-1=3,wordlist-2=2,wordlist-3=2
information	n	1	3	wordlist-1=1,wordlist-2=1,wordlist-3=1
ingredient	n	2	3	wordlist-1=3,wordlist-2=2,wordlist-3=2
inherit	v	3	3	wordlist-1=3,wordlist-2=2,wordlist-3=3
inheritance	n	3	3	wordlist-1=3,wordlist-2=3,wordlist-3=3
initial	adj	2	3	wordlist-1=2,wordlist-2=2,wordlist-3=2
initially	adv	2	3	wordlist-1=3,wordlist-2=2,wordlist-3=2
inject	v	2	3	wordlist-1=3,wordlist-2=2,wordlist-3=2
injection	n	3	3	wordlist-1=3,wordlist-2=2,wordlist-3=3
injure	v	2	3	wordlist-1=3,wordlist-2=2,wordlist-3=2
injury	n	2	3	wordlist-1=2,wordlist-2=2,wordlist-3=2
inn	n	3	3	wordlist-1=3,wordlist-2=3,wordlist-3=3
innocent	adj	2	3	wordlist-1=2,wordlist-2=2,wordlist-3=2
innovative	adj	3	3	wordlist-1=3,wordlist-2=2,wordlist-3=3
insane	adj	3	3	wordlist-1=3,wordlist-2=2,wordlist-3=3
insect	n	2	3	wordlist-1=2,wordlist-2=2,wordlist-3=2
insert	v	2	3	wordlist-1=3,wordlist-2=2,wordlist-3=2
inside	adv	1	3	wordlist-1=1,wordlist-2=1,wordlist-3=1
inside	n	2	3	wordlist-1=2,wordlist-2=2,wordlist-3=2
inside	prep	1	3	wordlist-1=1,wordlist-2=1,wordlist-3=1
insight	n	2	3	wordlist-1=3,wordlist-2=2,wordlist-3=2
insightful	adj	3	3	wordlist-1=4,wordlist-2=3,wordlist-3=3
insomnia	n	4	3	wordlist-1=4,wordlist-2=3,wordlist-3=4
install	v	2	3	wordlist-1=3,wordlist-2=2,wordlist-3=2
instead	adv	1	3	wordlist-1=1,wordlist-2=1,wordlist-3=1
instrument	n	2	3	wordlist-1=2,wordlist-2=2,wordlist-3=2
insulation	n	4	3	wordlist-1=4,wordlist-2=3,wordlist-3=4
intellectual	adj	2	3	wordlist-1=3,wordlist-2=2,wordlist-3=2
intellectual	n	3	3	wordlist-1=4,wordlist-2=3,wordlist-3=3
intelligence	n	2	3	wordlist-1=2,wordlist-2=2,wordlist-3=2
intend	v	2	3	wordlist-1=2,wordlist-2=2,wordlist-3=2
intention	n	2	3	wordlist-1=2,wordlist-2=2,wordlist-3=2
inter-	prefix	3	3	wordlist-1=3,wordlist-2=3,wordlist-3=4
interest	n	1	3	wordlist-1=1,wordlist-2=1,wordlist-3=1
interest	v	2	3	wordlist-1=2,wordlist-2=2,wordlist-3=2
interested	adj	1	3	wordlist-1=1,wordlist-2=1,wordlist-3=2
interface	n	3	3	wordlist-1=3,wordlist-2=2,wordlist-3=3
international	adj	2	3	wordlist-1=2,wordlist-2=1,wordlist-3=2
internet	n	1	3	wordlist-1=1,wordlist-2=1,wordlist-3=1
interpret	v	2	3	wordlist-1=3,wordlist-2=2,wordlist-3=2
interpretation	n	3	3	wordlist-1=3,wordlist-2=2,wordlist-3=3
interrupt	v	3	3	wordlist-1=3,wordlist-2=2,wordlist-3=3
intersection	n	3	3	wordlist-1=4,wordlist-2=3,wordlist-3=3
into	prep	1	3	wordlist-1=1,wordlist-2=1,wordlist-3=1
introduce	v	2	3	wordlist-1=2,wordlist-2=1,wordlist-3=2
invade	v	3	3	wordlist-1=3,wordlist-2=2,wordlist-3=3
invasion	n	3	3	wordlist-1=3,wordlist-2=2,wordlist-3=3
invest	n	5	3	wordlist-1=5,wordlist-2=5,wordlist-3=5
invest	v	2	3	wordlist-1=3,wordlist-2=2,wordlist-3=2
investigate	v	2	3	wordlist-1=3,wordlist-2=2,wordlist-3=2
investigation	n	2	3	wordlist-1=3,wordlist-2=2,wordlist-3=2
invite	v	2	3	wordlist-1=2,wordlist-2=1,wordlist-3=2
invoice	n	3	3	wordlist-1=4,wordlist-2=3,wordlist-3=3
involve	v	2	3	wordlist-1=2,wordlist-2=1,wordlist-3=2
iq	abbr	3	3	wordlist-1=3,wordlist-2=3,wordlist-3=5
iron	n	2	3	wordlist-1=2,wordlist-2=2,wordlist-3=2
iron	v	3	3	wordlist-1=4,wordlist-2=2,wordlist-3=3
irrigate	v	4	3	wordlist-1=4,wordlist-2=4,wordlist-3=4
irrigation	n	4	3	wordlist-1=4,wordlist-2=3,wordlist-3=4
irritate	v	3	3	wordlist-1=3,wordlist-2=3,wordlist-3=3
island	n	2	3	wordlist-1=2,wordlist-2=1,wordlist-3=2
isolate	v	3	3	wordlist-1=3,wordlist-2=2,wordlist-3=3
isolation	n	3	3	wordlist-1=3,wordlist-2=2,wordlist-3=3
issue	n	1	3	wordlist-1=1,wordlist-2=1,wordlist-3=1
it	pron	1	3	wordlist-1=1,wordlist-2=1,wordlist-3=1
itch	n	3	3	wordlist-1=3,wordlist-2=3,wordlist-3=3
itch	v	3	3	wordlist-1=3,wordlist-2=3,wordlist-3=3
item	n	2	3	wordlist-1=2,wordlist-2=1,wordlist-3=2
itinerary	n	4	3	wordlist-1=4,wordlist-2=3,wordlist-3=4
its	det	1	3	wordlist-1=1,wordlist-2=1,wordlist-3=1
itself	pron	1	3	wordlist-1=1,wordlist-2=1,wordlist-3=1
jacket	n	2	3	wordlist-1=2,wordlist-2=1,wordlist-3=2
jail	n	2	3	wordlist-1=2,wordlist-2=2,wordlist-3=2
jam	n	2	3	wordlist-1=2,wordlist-2=2,wordlist-3=2
jealous	adj	3	3	wordlist-1=3,wordlist-2=2,wordlist-3=3
jealousy	n	3	3	wordlist-1=3,wordlist-2=3,wordlist-3=3
jewel	n	3	3	wordlist-1=3,wordlist-2=3,wordlist-3=3
jewelry	n	3	3	wordlist-1=3,wordlist-2=2,wordlist-3=3
job	n	1	3	wordlist-1=1,wordlist-2=1,wordlist-3=1
join	v	1	3	wordlist-1=1,wordlist-2=1,wordlist-3=2
joint	n	2	3	wordlist-1=2,wordlist-2=2,wordlist-3=3
joke	n	2	3	wordlist-1=2,wordlist-2=1,wordlist-3=2
journal	n	3	3	wordlist-1=3,wordlist-2=2,wordlist-3=3
journey	n	2	3	wordlist-1=2,wordlist-2=2,wordlist-3=2
joy	n	2	3	wordlist-1=3,wordlist-2=2,wordlist-3=2
judge	n	2	3	wordlist-1=2,wordlist-2=2,wordlist-3=2
judge	v	2	3	wordlist-1=2,wordlist-2=2,wordlist-3=2
judgment	n	2	3	wordlist-1=3,wordlist-2=2,wordlist-3=2
juice	n	2	3	wordlist-1=2,wordlist-2=1,wordlist-3=2
juicy	adj	3	3	wordlist-1=4,wordlist-2=3,wordlist-3=3
jump	v	1	3	wordlist-1=1,wordlist-2=1,wordlist-3=3
junction	n	3	3	wordlist-1=4,wordlist-2=3,wordlist-3=3
jungle	n	3	3	wordlist-1=3,wordlist-2=2,wordlist-3=3
jury	n	3	3	wordlist-1=3,wordlist-2=2,wordlist-3=3
just	adj	2	3	wordlist-1=2,wordlist-2=2,wordlist-3=2
just	adv	1	3	wordlist-1=1,wordlist-2=1,wordlist-3=1
justice	n	2	3	wordlist-1=2,wordlist-2=2,wordlist-3=2
justify	v	3	3	wordlist-1=3,wordlist-2=2,wordlist-3=3
keep	v	1	3	wordlist-1=1,wordlist-2=1,wordlist-3=1
keep on	phrv	2	3	wordlist-1=2,wordlist-2=2,wordlist-3=4
keep up	phrv	2	3	wordlist-1=2,wordlist-2=2,wordlist-3=3
kerb	n	4	3	wordlist-1=4,wordlist-2=3,wordlist-3=5
kettle	n	3	3	wordlist-1=3,wordlist-2=2,wordlist-3=3
key	n	1	3	wordlist-1=1,wordlist-2=1,wordlist-3=2
keyboard	n	2	3	wordlist-1=2,wordlist-2=2,wordlist-3=2
keychain	n	4	3	wordlist-1=4,wordlist-2=4,wordlist-3=5
kg	abbr	3	3	wordlist-1=3,wordlist-2=2,wordlist-3=5
kick	v	2	3	wordlist-1=2,wordlist-2=1,wordlist-3=2
kidney	n	3	3	wordlist-1=3,wordlist-2=2,wordlist-3=3
kill	v	1	3	wordlist-1=1,wordlist-2=1,wordlist-3=1
kind	adj	1	3	wordlist-1=1,wordlist-2=1,wordlist-3=2
kind	n	1	3	wordlist-1=1,wordlist-2=1,wordlist-3=2
kindness	n	3	3	wordlist-1=3,wordlist-2=2,wordlist-3=3
king	n	2	3	wordlist-1=2,wordlist-2=1,wordlist-3=2
kiosk	n	4	3	wordlist-1=4,wordlist-2=3,wordlist-3=4
kiss	v	2	3	wordlist-1=2,wordlist-2=1,wordlist-3=2
kitchen	n	1	3	wordlist-1=1,wordlist-2=1,wordlist-3=2
km	abbr	3	3	wordlist-1=3,wordlist-2=2,wordlist-3=5
knee	n	2	3	wordlist-1=2,wordlist-2=1,wordlist-3=2
knife	n	2	3	wordlist-1=2,wordlist-2=1,wordlist-3=2
knit	v	3	3	wordlist-1=3,wordlist-2=3,wordlist-3=3
knock	n	3	3	wordlist-1=3,wordlist-2=2,wordlist-3=3
knock	v	2	3	wordlist-1=2,wordlist-2=1,wordlist-3=3
knock over	phrv	3	3	wordlist-1=3,wordlist-2=2,wordlist-3=4
know	v	1	3	wordlist-1=1,wordlist-2=1,wordlist-3=1
knowledge	n	2	3	wordlist-1=2,wordlist-2=1,wordlist-3=2
l	abbr	3	3	wordlist-1=3,wordlist-2=3,wordlist-3=5
lab	abbr	3	3	wordlist-1=3,wordlist-2=2,wordlist-3=5
laboratory	n	3	3	wordlist-1=3,wordlist-2=2,wordlist-3=3
lagoon	n	4	3	wordlist-1=4,wordlist-2=4,wordlist-3=4
lake	n	2	3	wordlist-1=2,wordlist-2=1,wordlist-3=2
lamb	n	3	3	wordlist-1=3,wordlist-2=2,wordlist-3=3
lame	adj	3	3	wordlist-1=3,wordlist-2=3,wordlist-3=4
lamp	n	2	3	wordlist-1=2,wordlist-2=2,wordlist-3=2
lamppost	n	4	3	wordlist-1=4,wordlist-2=4,wordlist-3=5
land	n	1	3	wordlist-1=1,wordlist-2=1,wordlist-3=2
land	v	2	3	wordlist-1=2,wordlist-2=2,wordlist-3=2
landing	n	2	3	wordlist-1=2,wordlist-2=2,wordlist-3=3
landlord	n	3	3	wordlist-1=3,wordlist-2=2,wordlist-3=3
landmark	n	3	3	wordlist-1=3,wordlist-2=3,wordlist-3=3
landscape	n	2	3	wordlist-1=3,wordlist-2=2,wordlist-3=2
lane	n	2	3	wordlist-1=3,wordlist-2=2,wordlist-3=2
language	n	1	3	wordlist-1=1,wordlist-2=1,wordlist-3=2
laptop	n	2	3	wordlist-1=2,wordlist-2=2,wordlist-3=2
large	adj	1	3	wordlist-1=1,wordlist-2=1,wordlist-3=1
largely	adv	2	3	wordlist-1=3,wordlist-2=2,wordlist-3=2
last	adj	1	3	wordlist-1=1,wordlist-2=1,wordlist-3=1
last	adv	2	3	wordlist-1=2,wordlist-2=1,wordlist-3=2
late	adj	1	3	wordlist-1=1,wordlist-2=1,wordlist-3=1
late	adv	1	3	wordlist-1=1,wordlist-2=1,wordlist-3=2
later	adv	1	3	wordlist-1=1,wordlist-2=1,wordlist-3=2
laugh	n	2	3	wordlist-1=2,wordlist-2=2,wordlist-3=2
laugh	v	1	3	wordlist-1=1,wordlist-2=1,wordlist-3=2
laundry	n	3	3	wordlist-1=3,wordlist-2=2,wordlist-3=3
law	n	1	3	wordlist-1=1,wordlist-2=1,wordlist-3=2
lawyer	n	2	3	wordlist-1=2,wordlist-2=2,wordlist-3=2
lay	v	2	3	wordlist-1=1,wordlist-2=2,wordlist-3=2
layer	n	2	3	wordlist-1=2,wordlist-2=2,wordlist-3=2
lazy	adj	2	3	wordlist-1=2,wordlist-2=2,wordlist-3=1
lb	abbr	3	3	wordlist-1=3,wordlist-2=3,wordlist-3=3
lcd	abbr	4	3	wordlist-1=4,wordlist-2=3,wordlist-3=4
lead	v	1	3	wordlist-1=2,wordlist-2=1,wordlist-3=1
lead to	phrv	1	3	wordlist-1=2,wordlist-2=1,wordlist-3=1
leader	n	1	3	wordlist-1=2,wordlist-2=1,wordlist-3=1
leaf	n	2	3	wordlist-1=2,wordlist-2=2,wordlist-3=2
leak	n	3	3	wordlist-1=3,wordlist-2=3,wordlist-3=2
leak	v	3	3	wordlist-1=3,wordlist-2=3,wordlist-3=2
lean	v	2	3	wordlist-1=3,wordlist-2=2,wordlist-3=2
learn	v	1	3	wordlist-1=1,wordlist-2=1,wordlist-3=1
lease	n	3	3	wordlist-1=3,wordlist-2=3,wordlist-3=2
lease	v	3	3	wordlist-1=3,wordlist-2=3,wordlist-3=2
least	adv	1	3	wordlist-1=2,wordlist-2=1,wordlist-3=1
least	det	1	3	wordlist-1=2,wordlist-2=1,wordlist-3=1
leather	n	2	3	wordlist-1=3,wordlist-2=2,wordlist-3=2
leave	v	1	3	wordlist-1=1,wordlist-2=1,wordlist-3=1
leave out	phrv	2	3	wordlist-1=2,wordlist-2=2,wordlist-3=2
lecture	n	2	3	wordlist-1=2,wordlist-2=2,wordlist-3=2
lecture	v	3	3	wordlist-1=3,wordlist-2=3,wordlist-3=2
led	abbr	3	3	wordlist-1=3,wordlist-2=3,wordlist-3=5
left	adj	1	3	wordlist-1=2,wordlist-2=1,wordlist-3=1
left	adv	2	3	wordlist-1=3,wordlist-2=1,wordlist-3=2
left	n	2	3	wordlist-1=2,wordlist-2=2,wordlist-3=2
leftovers	n	3	3	wordlist-1=3,wordlist-2=3,wordlist-3=3
leg	n	1	3	wordlist-1=1,wordlist-2=1,wordlist-3=1
legal	adj	2	3	wordlist-1=2,wordlist-2=1,wordlist-3=2
legislation	n	2	3	wordlist-1=3,wordlist-2=2,wordlist-3=2
legitimate	adj	3	3	wordlist-1=3,wordlist-2=2,wordlist-3=3
legitimately	adv	3	3	wordlist-1=4,wordlist-2=3,wordlist-3=3
leisure	n	2	3	wordlist-1=3,wordlist-2=2,wordlist-3=2
lend	v	2	3	wordlist-1=3,wordlist-2=2,wordlist-3=2
length	n	2	3	wordlist-1=2,wordlist-2=2,wordlist-3=2
less	adv	1	3	wordlist-1=1,wordlist-2=1,wordlist-3=1
less	det	1	3	wordlist-1=1,wordlist-2=1,wordlist-3=1
lesson	n	2	3	wordlist-1=2,wordlist-2=1,wordlist-3=2
lest	conj	4	3	wordlist-1=5,wordlist-2=4,wordlist-3=4
let	v	1	3	wordlist-1=1,wordlist-2=1,wordlist-3=1
letter	n	1	3	wordlist-1=1,wordlist-2=1,wordlist-3=1
level	adj	2	3	wordlist-1=2,wordlist-2=2,wordlist-3=2
level	n	1	3	wordlist-1=1,wordlist-2=1,wordlist-3=2
lever	n	3	3	wordlist-1=4,wordlist-2=3,wordlist-3=3
liability	n	3	3	wordlist-1=3,wordlist-2=3,wordlist-3=3
liberal	adj	3	3	wordlist-1=3,wordlist-2=2,wordlist-3=3
library	n	2	3	wordlist-1=2,wordlist-2=1,wordlist-3=2
lid	n	2	3	wordlist-1=3,wordlist-2=2,wordlist-3=2
lie	n	2	3	wordlist-1=2,wordlist-2=2,wordlist-3=3
lie	v	1	3	wordlist-1=1,wordlist-2=1,wordlist-3=2
lie down	phrv	2	3	wordlist-1=2,wordlist-2=2,wordlist-3=2
life	n	1	3	wordlist-1=1,wordlist-2=1,wordlist-3=1
lifestyle	n	2	3	wordlist-1=3,wordlist-2=2,wordlist-3=2
lift	n	2	3	wordlist-1=3,wordlist-2=2,wordlist-3=2
lift	v	2	3	wordlist-1=2,wordlist-2=1,wordlist-3=2
light	adj	1	3	wordlist-1=1,wordlist-2=1,wordlist-3=1
light	n	1	3	wordlist-1=1,wordlist-2=1,wordlist-3=1
light	v	2	3	wordlist-1=2,wordlist-2=2,wordlist-3=2
lightning	n	3	3	wordlist-1=3,wordlist-2=2,wordlist-3=3
like	adj	2	3	wordlist-1=2,wordlist-2=3,wordlist-3=2
like	conj	2	3	wordlist-1=1,wordlist-2=2,wordlist-3=2
like	prep	1	3	wordlist-1=1,wordlist-2=1,wordlist-3=1
like	v	1	3	wordlist-1=1,wordlist-2=1,wordlist-3=1
likely	adj	2	3	wordlist-1=2,wordlist-2=1,wordlist-3=2
likely	adv	2	3	wordlist-1=2,wordlist-2=2,wordlist-3=2
limit	n	2	3	wordlist-1=2,wordlist-2=1,wordlist-3=2
limit	v	2	3	wordlist-1=2,wordlist-2=2,wordlist-3=2
line	n	1	3	wordlist-1=1,wordlist-2=1,wordlist-3=1
linen	n	3	3	wordlist-1=4,wordlist-2=3,wordlist-3=3
lingerie	n	4	3	wordlist-1=4,wordlist-2=3,wordlist-3=4
link	n	2	3	wordlist-1=2,wordlist-2=1,wordlist-3=2
link	v	2	3	wordlist-1=2,wordlist-2=2,wordlist-3=2
lion	n	2	3	wordlist-1=3,wordlist-2=2,wordlist-3=2
lip	n	2	3	wordlist-1=3,wordlist-2=2,wordlist-3=2
liquid	adj	3	3	wordlist-1=3,wordlist-2=2,wordlist-3=3
liquid	n	3	3	wordlist-1=3,wordlist-2=2,wordlist-3=3
list	n	1	3	wordlist-1=1,wordlist-2=1,wordlist-3=2
list	v	2	3	wordlist-1=2,wordlist-2=2,wordlist-3=2
listen	v	1	3	wordlist-1=2,wordlist-2=1,wordlist-3=1
listen to	phrv	1	3	wordlist-1=2,wordlist-2=1,wordlist-3=1
listener	n	2	3	wordlist-1=3,wordlist-2=2,wordlist-3=2
literary	adj	3	3	wordlist-1=3,wordlist-2=3,wordlist-3=3
litter	n	3	3	wordlist-1=3,wordlist-2=3,wordlist-3=3
little	adj	1	3	wordlist-1=1,wordlist-2=1,wordlist-3=1
little	det	1	3	wordlist-1=1,wordlist-2=1,wordlist-3=1
live	v	1	3	wordlist-1=1,wordlist-2=1,wordlist-3=1
lively	adj	2	3	wordlist-1=3,wordlist-2=2,wordlist-3=2
liver	n	2	3	wordlist-1=3,wordlist-2=2,wordlist-3=2
livestock	n	3	3	wordlist-1=4,wordlist-2=3,wordlist-3=3
living	adj	2	3	wordlist-1=2,wordlist-2=2,wordlist-3=2
living room	n	2	3	wordlist-1=2,wordlist-2=1,wordlist-3=2
load	n	2	3	wordlist-1=2,wordlist-2=2,wordlist-3=2
load	v	2	3	wordlist-1=2,wordlist-2=2,wordlist-3=2
loan	n	2	3	wordlist-1=2,wordlist-2=2,wordlist-3=2
loan	v	3	3	wordlist-1=3,wordlist-2=3,wordlist-3=2
lobby	n	3	3	wordlist-1=3,wordlist-2=2,wordlist-3=3
local	adj	2	3	wordlist-1=2,wordlist-2=1,wordlist-3=2
lock	n	2	3	wordlist-1=2,wordlist-2=2,wordlist-3=2
lock	v	2	3	wordlist-1=2,wordlist-2=2,wordlist-3=2
logical	adj	3	3	wordlist-1=3,wordlist-2=2,wordlist-3=3
login	n	3	3	wordlist-1=3,wordlist-2=2,wordlist-3=3
loneliness	n	3	3	wordlist-1=4,wordlist-2=3,wordlist-3=3
lonely	adj	2	3	wordlist-1=2,wordlist-2=2,wordlist-3=2
long	adj	1	3	wordlist-1=1,wordlist-2=1,wordlist-3=1
look	n	1	3	wordlist-1=1,wordlist-2=1,wordlist-3=2
look	v	1	3	wordlist-1=1,wordlist-2=1,wordlist-3=1
look after	phrv	2	3	wordlist-1=2,wordlist-2=2,wordlist-3=1
look at	phrv	1	3	wordlist-1=1,wordlist-2=1,wordlist-3=1
look back	phrv	2	3	wordlist-1=2,wordlist-2=2,wordlist-3=2
look for	phrv	1	3	wordlist-1=1,wordlist-2=1,wordlist-3=1
look forward to	phrv	1	3	wordlist-1=2,wordlist-2=1,wordlist-3=1
look like	phrv	1	3	wordlist-1=1,wordlist-2=1,wordlist-3=1
look out	phrv	2	3	wordlist-1=2,wordlist-2=2,wordlist-3=2
look up	phrv	1	3	wordlist-1=2,wordlist-2=1,wordlist-3=1
loose	adj	2	3	wordlist-1=2,wordlist-2=2,wordlist-3=2
lorry	n	3	3	wordlist-1=3,wordlist-2=3,wordlist-3=3
lose	v	1	3	wordlist-1=1,wordlist-2=1,wordlist-3=1
loser	n	2	3	wordlist-1=3,wordlist-2=2,wordlist-3=2
loss	n	2	3	wordlist-1=2,wordlist-2=1,wordlist-3=2
lot	n	1	3	wordlist-1=1,wordlist-2=1,wordlist-3=1
lotion	n	3	3	wordlist-1=4,wordlist-2=3,wordlist-3=3
loud	adj	2	3	wordlist-1=2,wordlist-2=2,wordlist-3=2
love	n	1	3	wordlist-1=1,wordlist-2=1,wordlist-3=1
love	v	1	3	wordlist-1=1,wordlist-2=1,wordlist-3=1
low	adj	1	3	wordlist-1=1,wordlist-2=1,wordlist-3=1
low	adv	2	3	wordlist-1=2,wordlist-2=2,wordlist-3=2
loyal	adj	2	3	wordlist-1=3,wordlist-2=2,wordlist-3=2
loyalty	n	2	3	wordlist-1=3,wordlist-2=2,wordlist-3=2
ltd	abbr	4	3	wordlist-1=4,wordlist-2=2,wordlist-3=4
luggage	n	2	3	wordlist-1=3,wordlist-2=2,wordlist-3=2
lunch	n	2	3	wordlist-1=2,wordlist-2=1,wordlist-3=2
lung	n	2	3	wordlist-1=3,wordlist-2=2,wordlist-3=2
m	abbr	2	3	wordlist-1=2,wordlist-2=2,wordlist-3=4
machine	n	2	3	wordlist-1=2,wordlist-2=1,wordlist-3=2
macro-	comb	4	3	wordlist-1=4,wordlist-2=3,wordlist-3=5
magic	adj	2	3	wordlist-1=3,wordlist-2=2,wordlist-3=2
magic	n	2	3	wordlist-1=2,wordlist-2=2,wordlist-3=2
magnitude	n	3	3	wordlist-1=4,wordlist-2=3,wordlist-3=3
main	adj	1	3	wordlist-1=2,wordlist-2=1,wordlist-3=1
mainly	adv	2	3	wordlist-1=3,wordlist-2=2,wordlist-3=2
major	adj	1	3	wordlist-1=2,wordlist-2=1,wordlist-3=1
make	v	1	3	wordlist-1=1,wordlist-2=1,wordlist-3=1
make out	phrv	3	3	wordlist-1=3,wordlist-2=2,wordlist-3=3
make up	phrv	1	3	wordlist-1=2,wordlist-2=1,wordlist-3=1
makeup	n	3	3	wordlist-1=3,wordlist-2=2,wordlist-3=3
male	adj	2	3	wordlist-1=2,wordlist-2=2,wordlist-3=2
male	n	2	3	wordlist-1=2,wordlist-2=2,wordlist-3=2
malignant	adj	4	3	wordlist-1=4,wordlist-2=4,wordlist-3=4
mall	n	3	3	wordlist-1=3,wordlist-2=2,wordlist-3=3
mammal	n	3	3	wordlist-1=4,wordlist-2=3,wordlist-3=3
man	n	1	3	wordlist-1=1,wordlist-2=1,wordlist-3=1
manage	v	1	3	wordlist-1=2,wordlist-2=1,wordlist-3=1
manager	n	1	3	wordlist-1=2,wordlist-2=1,wordlist-3=1
manhole	n	4	3	wordlist-1=3,wordlist-2=4,wordlist-3=4
manicure	n	4	3	wordlist-1=4,wordlist-2=3,wordlist-3=4
manifest	v	3	3	wordlist-1=4,wordlist-2=3,wordlist-3=3
manner	n	2	3	wordlist-1=2,wordlist-2=2,wordlist-3=1
manual	adj	3	3	wordlist-1=3,wordlist-2=2,wordlist-3=3
manure	n	4	3	wordlist-1=4,wordlist-2=3,wordlist-3=4
many	det	1	3	wordlist-1=1,wordlist-2=1,wordlist-3=1
many	pron	1	3	wordlist-1=1,wordlist-2=1,wordlist-3=1
map	n	1	3	wordlist-1=1,wordlist-2=1,wordlist-3=1
marinate	v	4	3	wordlist-1=4,wordlist-2=3,wordlist-3=4
marine	adj	3	3	wordlist-1=3,wordlist-2=2,wordlist-3=3
mark	n	1	3	wordlist-1=1,wordlist-2=1,wordlist-3=1
mark	v	1	3	wordlist-1=1,wordlist-2=1,wordlist-3=1
market	n	1	3	wordlist-1=1,wordlist-2=1,wordlist-3=1
marriage	n	1	3	wordlist-1=2,wordlist-2=1,wordlist-3=1
married	adj	1	3	wordlist-1=2,wordlist-2=1,wordlist-3=1
marry	v	1	3	wordlist-1=2,wordlist-2=1,wordlist-3=1
marsh	n	3	3	wordlist-1=3,wordlist-2=3,wordlist-3=4
marvelous	adj	3	3	wordlist-1=3,wordlist-2=3,wordlist-3=3
mask	n	2	3	wordlist-1=2,wordlist-2=2,wordlist-3=2
mass	n	2	3	wordlist-1=2,wordlist-2=2,wordlist-3=1
match	n	1	3	wordlist-1=1,wordlist-2=1,wordlist-3=1
match	v	1	3	wordlist-1=1,wordlist-2=1,wordlist-3=1
mate	n	2	3	wordlist-1=2,wordlist-2=2,wordlist-3=2
mate	v	3	3	wordlist-1=4,wordlist-2=3,wordlist-3=3
material	n	1	3	wordlist-1=2,wordlist-2=1,wordlist-3=1
matter	n	1	3	wordlist-1=1,wordlist-2=1,wordlist-3=1
matter	v	2	3	wordlist-1=2,wordlist-2=1,wordlist-3=2
mattress	n	3	3	wordlist-1=3,wordlist-2=2,wordlist-3=3
mature	adj	3	3	wordlist-1=3,wordlist-2=2,wordlist-3=3
may	modal	1	3	wordlist-1=1,wordlist-2=1,wordlist-3=1
maybe	adv	1	3	wordlist-1=1,wordlist-2=1,wordlist-3=1
mayor	n	2	3	wordlist-1=2,wordlist-2=2,wordlist-3=2
me	pron	1	3	wordlist-1=1,wordlist-2=1,wordlist-3=1
meadow	n	3	3	wordlist-1=3,wordlist-2=3,wordlist-3=4
meal	n	1	3	wordlist-1=1,wordlist-2=1,wordlist-3=1
mean	adj	1	3	wordlist-1=1,wordlist-2=2,wordlist-3=1
mean	v	1	3	wordlist-1=1,wordlist-2=1,wordlist-3=1
meaning	n	1	3	wordlist-1=2,wordlist-2=1,wordlist-3=1
meanwhile	adv	2	3	wordlist-1=2,wordlist-2=2,wordlist-3=2
measure	n	1	3	wordlist-1=1,wordlist-2=1,wordlist-3=2
measure	v	1	3	wordlist-1=1,wordlist-2=1,wordlist-3=2
measurement	n	2	3	wordlist-1=2,wordlist-2=2,wordlist-3=3
meat	n	1	3	wordlist-1=1,wordlist-2=1,wordlist-3=1
mechanical	adj	3	3	wordlist-1=3,wordlist-2=2,wordlist-3=3
medical	adj	2	3	wordlist-1=2,wordlist-2=1,wordlist-3=2
medicine	n	2	3	wordlist-1=2,wordlist-2=1,wordlist-3=2
meet	v	1	3	wordlist-1=1,wordlist-2=1,wordlist-3=1
melody	n	3	3	wordlist-1=3,wordlist-2=3,wordlist-3=3
melt	v	2	3	wordlist-1=2,wordlist-2=2,wordlist-3=3
member	n	1	3	wordlist-1=1,wordlist-2=1,wordlist-3=1
memorize	v	3	3	wordlist-1=3,wordlist-2=2,wordlist-3=4
memory	n	1	3	wordlist-1=1,wordlist-2=1,wordlist-3=1
mend	v	3	3	wordlist-1=3,wordlist-2=3,wordlist-3=3
mental	adj	2	3	wordlist-1=2,wordlist-2=1,wordlist-3=2
mention	n	2	3	wordlist-1=3,wordlist-2=2,wordlist-3=2
mention	v	2	3	wordlist-1=2,wordlist-2=1,wordlist-3=2
menu	n	2	3	wordlist-1=2,wordlist-2=1,wordlist-3=2
merely	adv	2	3	wordlist-1=3,wordlist-2=2,wordlist-3=2
message	n	1	3	wordlist-1=1,wordlist-2=1,wordlist-3=1
message	v	3	3	wordlist-1=3,wordlist-2=2,wordlist-3=3
messy	adj	2	3	wordlist-1=2,wordlist-2=2,wordlist-3=3
metabolism	n	4	3	wordlist-1=4,wordlist-2=3,wordlist-3=4
metal	n	1	3	wordlist-1=1,wordlist-2=1,wordlist-3=1
method	n	2	3	wordlist-1=2,wordlist-2=1,wordlist-3=2
metric	n	3	3	wordlist-1=3,wordlist-2=3,wordlist-3=4
metropolitan	adj	3	3	wordlist-1=4,wordlist-2=3,wordlist-3=3
micro-	comb	3	3	wordlist-1=3,wordlist-2=2,wordlist-3=4
microwave	n	2	3	wordlist-1=2,wordlist-2=2,wordlist-3=3
mid-	comb	3	3	wordlist-1=3,wordlist-2=2,wordlist-3=4
middle	adj	1	3	wordlist-1=1,wordlist-2=1,wordlist-3=1
middle	n	1	3	wordlist-1=1,wordlist-2=1,wordlist-3=1
midnight	n	2	3	wordlist-1=2,wordlist-2=2,wordlist-3=2
might	modal	1	3	wordlist-1=1,wordlist-2=1,wordlist-3=1
migrate	v	3	3	wordlist-1=4,wordlist-2=3,wordlist-3=3
migration	n	3	3	wordlist-1=3,wordlist-2=3,wordlist-3=3
mild	adj	2	3	wordlist-1=2,wordlist-2=2,wordlist-3=3
milestone	n	3	3	wordlist-1=3,wordlist-2=3,wordlist-3=3
military	adj	2	3	wordlist-1=2,wordlist-2=1,wordlist-3=2
military	n	2	3	wordlist-1=2,wordlist-2=2,wordlist-3=3
milk	n	1	3	wordlist-1=1,wordlist-2=1,wordlist-3=1
milk	v	3	3	wordlist-1=3,wordlist-2=3,wordlist-3=3
million	num	1	3	wordlist-1=1,wordlist-2=1,wordlist-3=1
min.	abbr	3	3	wordlist-1=3,wordlist-2=2,wordlist-3=4
mind	n	1	3	wordlist-1=1,wordlist-2=1,wordlist-3=1
mind	v	1	3	wordlist-1=2,wordlist-2=1,wordlist-3=1
mine	pron	1	3	wordlist-1=1,wordlist-2=1,wordlist-3=1
mineral	n	3	3	wordlist-1=3,wordlist-2=2,wordlist-3=3
minister	n	2	3	wordlist-1=2,wordlist-2=1,wordlist-3=2
minor	adj	2	3	wordlist-1=2,wordlist-2=2,wordlist-3=3
minus	prep	2	3	wordlist-1=2,wordlist-2=2,wordlist-3=3
minute	n	1	3	wordlist-1=1,wordlist-2=1,wordlist-3=1
mirror	n	2	3	wordlist-1=2,wordlist-2=2,wordlist-3=2
mis-	prefix	3	3	wordlist-1=3,wordlist-2=2,wordlist-3=4
miserable	adj	3	3	wordlist-1=3,wordlist-2=2,wordlist-3=3
mist	n	3	3	wordlist-1=3,wordlist-2=3,wordlist-3=3
mistake	n	1	3	wordlist-1=1,wordlist-2=1,wordlist-3=1
misunderstand	v	3	3	wordlist-1=3,wordlist-2=2,wordlist-3=3
mix	v	1	3	wordlist-1=1,wordlist-2=1,wordlist-3=1
ml	abbr	3	3	wordlist-1=3,wordlist-2=2,wordlist-3=4
mm	abbr	3	3	wordlist-1=3,wordlist-2=2,wordlist-3=4
mobile	adj	2	3	wordlist-1=3,wordlist-2=2,wordlist-3=2
moderate	adj	3	3	wordlist-1=3,wordlist-2=2,wordlist-3=3
moderately	adv	3	3	wordlist-1=4,wordlist-2=3,wordlist-3=3
modern	adj	1	3	wordlist-1=2,wordlist-2=1,wordlist-3=1
modest	adj	3	3	wordlist-1=3,wordlist-2=2,wordlist-3=3
modesty	n	4	3	wordlist-1=4,wordlist-2=3,wordlist-3=4
moist	adj	3	3	wordlist-1=3,wordlist-2=3,wordlist-3=3
moisture	n	3	3	wordlist-1=3,wordlist-2=2,wordlist-3=3
moisturizer	n	4	3	wordlist-1=4,wordlist-2=3,wordlist-3=4
mole	n	3	3	wordlist-1=3,wordlist-2=3,wordlist-3=4
moment	n	1	3	wordlist-1=1,wordlist-2=1,wordlist-3=1
money	n	1	3	wordlist-1=1,wordlist-2=1,wordlist-3=1
monitor	v	2	3	wordlist-1=3,wordlist-2=2,wordlist-3=2
monsoon	n	4	3	wordlist-1=4,wordlist-2=3,wordlist-3=4
month	n	1	3	wordlist-1=1,wordlist-2=1,wordlist-3=1
monthly	adj	2	3	wordlist-1=3,wordlist-2=2,wordlist-3=2
monthly	adv	2	3	wordlist-1=4,wordlist-2=2,wordlist-3=2
monument	n	3	3	wordlist-1=3,wordlist-2=3,wordlist-3=3
mood	n	2	3	wordlist-1=2,wordlist-2=2,wordlist-3=2
moon	n	1	3	wordlist-1=1,wordlist-2=1,wordlist-3=1
mop	n	3	3	wordlist-1=3,wordlist-2=3,wordlist-3=3
mop	v	3	3	wordlist-1=3,wordlist-2=3,wordlist-3=3
moral	adj	2	3	wordlist-1=3,wordlist-2=2,wordlist-3=2
more	adv	1	3	wordlist-1=1,wordlist-2=1,wordlist-3=1
more	det	1	3	wordlist-1=1,wordlist-2=1,wordlist-3=1
more	pron	1	3	wordlist-1=1,wordlist-2=1,wordlist-3=1
moreover	adv	2	3	wordlist-1=3,wordlist-2=2,wordlist-3=2
morning	n	1	3	wordlist-1=1,wordlist-2=1,wordlist-3=1
mortgage	n	2	3	wordlist-1=2,wordlist-2=2,wordlist-3=3
most	adv	1	3	wordlist-1=1,wordlist-2=1,wordlist-3=1
most	det	1	3	wordlist-1=1,wordlist-2=1,wordlist-3=1
most	pron	1	3	wordlist-1=1,wordlist-2=1,wordlist-3=1
mostly	adv	2	3	wordlist-1=2,wordlist-2=2,wordlist-3=2
motel	n	3	3	wordlist-1=3,wordlist-2=3,wordlist-3=3
mother	n	1	3	wordlist-1=1,wordlist-2=1,wordlist-3=1
mother-in-law	n	3	3	wordlist-1=3,wordlist-2=2,wordlist-3=4
motive	n	3	3	wordlist-1=3,wordlist-2=2,wordlist-3=3
motor	n	2	3	wordlist-1=2,wordlist-2=2,wordlist-3=2
motorway	n	3	3	wordlist-1=3,wordlist-2=3,wordlist-3=3
mould	n	4	3	wordlist-1=4,wordlist-2=3,wordlist-3=4
mould	v	4	3	wordlist-1=4,wordlist-2=3,wordlist-3=4
mountain	n	1	3	wordlist-1=1,wordlist-2=1,wordlist-3=1
mouse	n	2	3	wordlist-1=1,wordlist-2=2,wordlist-3=2
mouth	n	1	3	wordlist-1=1,wordlist-2=1,wordlist-3=1
move	n	1	3	wordlist-1=1,wordlist-2=1,wordlist-3=2
move	v	1	3	wordlist-1=1,wordlist-2=1,wordlist-3=1
move in	phrv	2	3	wordlist-1=2,wordlist-2=2,wordlist-3=2
move on	phrv	2	3	wordlist-1=2,wordlist-2=1,wordlist-3=2
move out	phrv	2	3	wordlist-1=2,wordlist-2=2,wordlist-3=3
movement	n	1	3	wordlist-1=2,wordlist-2=1,wordlist-3=1
movie	n	1	3	wordlist-1=1,wordlist-2=1,wordlist-3=1
mph	abbr	4	3	wordlist-1=4,wordlist-2=3,wordlist-3=4
mr	abbr	2	3	wordlist-1=2,wordlist-2=1,wordlist-3=2
mrs	abbr	3	3	wordlist-1=3,wordlist-2=1,wordlist-3=3
much	adv	1	3	wordlist-1=1,wordlist-2=1,wordlist-3=1
much	det	1	3	wordlist-1=1,wordlist-2=1,wordlist-3=1
much	pron	1	3	wordlist-1=1,wordlist-2=1,wordlist-3=1
mud	n	2	3	wordlist-1=2,wordlist-2=2,wordlist-3=2
mug	n	2	3	wordlist-1=2,wordlist-2=2,wordlist-3=3
multi-	comb	4	3	wordlist-1=4,wordlist-2=2,wordlist-3=4
multi-	prefix	4	3	wordlist-1=4,wordlist-2=2,wordlist-3=4
multiply	v	2	3	wordlist-1=3,wordlist-2=2,wordlist-3=2
municipal	adj	3	3	wordlist-1=4,wordlist-2=3,wordlist-3=3
murder	n	2	3	wordlist-1=2,wordlist-2=1,wordlist-3=2
murder	v	2	3	wordlist-1=2,wordlist-2=2,wordlist-3=2
murmur	n	3	3	wordlist-1=4,wordlist-2=3,wordlist-3=3
murmur	v	3	3	wordlist-1=4,wordlist-2=3,wordlist-3=3
muscle	n	2	3	wordlist-1=2,wordlist-2=1,wordlist-3=2
muscular	adj	3	3	wordlist-1=3,wordlist-2=3,wordlist-3=3
museum	n	2	3	wordlist-1=2,wordlist-2=1,wordlist-3=2
music	n	1	3	wordlist-1=1,wordlist-2=1,wordlist-3=1
musical	adj	2	3	wordlist-1=2,wordlist-2=1,wordlist-3=2
musician	n	2	3	wordlist-1=2,wordlist-2=2,wordlist-3=2
must	modal	1	3	wordlist-1=1,wordlist-2=1,wordlist-3=1
my	det	1	3	wordlist-1=1,wordlist-2=1,wordlist-3=1
my pleasure	phr	3	3	wordlist-1=3,wordlist-2=2,wordlist-3=5
myself	pron	1	3	wordlist-1=1,wordlist-2=1,wordlist-3=1
naive	adj	3	3	wordlist-1=3,wordlist-2=3,wordlist-3=4
naked	adj	2	3	wordlist-1=2,wordlist-2=2,wordlist-3=2
name	n	1	3	wordlist-1=1,wordlist-2=1,wordlist-3=1
name	v	1	3	wordlist-1=1,wordlist-2=1,wordlist-3=1
nap	n	3	3	wordlist-1=3,wordlist-2=2,wordlist-3=3
nap	v	3	3	wordlist-1=3,wordlist-2=3,wordlist-3=4
napkin	n	3	3	wordlist-1=3,wordlist-2=2,wordlist-3=3
narrow	adj	2	3	wordlist-1=2,wordlist-2=2,wordlist-3=2
nation	n	2	3	wordlist-1=2,wordlist-2=1,wordlist-3=2
national	adj	2	3	wordlist-1=2,wordlist-2=1,wordlist-3=2
native	adj	2	3	wordlist-1=2,wordlist-2=2,wordlist-3=2
natural	adj	1	3	wordlist-1=2,wordlist-2=1,wordlist-3=1
naturally	adv	2	3	wordlist-1=2,wordlist-2=2,wordlist-3=2
nature	n	1	3	wordlist-1=2,wordlist-2=1,wordlist-3=1
nausea	n	4	3	wordlist-1=4,wordlist-2=3,wordlist-3=4
navigate	v	3	3	wordlist-1=3,wordlist-2=2,wordlist-3=3
near	adj	2	3	wordlist-1=2,wordlist-2=2,wordlist-3=2
near	adv	2	3	wordlist-1=1,wordlist-2=2,wordlist-3=2
near	prep	1	3	wordlist-1=1,wordlist-2=1,wordlist-3=1
nearby	adj	2	3	wordlist-1=2,wordlist-2=2,wordlist-3=3
nearby	adv	2	3	wordlist-1=2,wordlist-2=2,wordlist-3=3
nearly	adv	1	3	wordlist-1=1,wordlist-2=1,wordlist-3=1
neat	adj	2	3	wordlist-1=2,wordlist-2=2,wordlist-3=2
necessarily	adv	2	3	wordlist-1=2,wordlist-2=2,wordlist-3=2
necessary	adj	1	3	wordlist-1=1,wordlist-2=1,wordlist-3=2
neck	n	1	3	wordlist-1=1,wordlist-2=1,wordlist-3=2
necklace	n	3	3	wordlist-1=3,wordlist-2=2,wordlist-3=3
need	n	1	3	wordlist-1=1,wordlist-2=1,wordlist-3=1
need	v	1	3	wordlist-1=1,wordlist-2=1,wordlist-3=1
negative	adj	2	3	wordlist-1=2,wordlist-2=1,wordlist-3=2
neglect	n	3	3	wordlist-1=4,wordlist-2=3,wordlist-3=3
neglect	v	3	3	wordlist-1=4,wordlist-2=3,wordlist-3=3
negotiate	v	3	3	wordlist-1=3,wordlist-2=2,wordlist-3=3
negotiation	n	3	3	wordlist-1=3,wordlist-2=2,wordlist-3=3
neighbor	n	2	3	wordlist-1=2,wordlist-2=1,wordlist-3=2
neighbour	n	2	3	wordlist-1=2,wordlist-2=1,wordlist-3=3
neighbourhood	n	3	3	wordlist-1=3,wordlist-2=2,wordlist-3=3
neither	conj	2	3	wordlist-1=2,wordlist-2=2,wordlist-3=1
neither	det	2	3	wordlist-1=2,wordlist-2=2,wordlist-3=3
neither	pron	2	3	wordlist-1=2,wordlist-2=2,wordlist-3=3
nephew	n	2	3	wordlist-1=3,wordlist-2=2,wordlist-3=2
nerve	n	2	3	wordlist-1=2,wordlist-2=2,wordlist-3=2
nervous	adj	2	3	wordlist-1=2,wordlist-2=1,wordlist-3=2
nest	n	3	3	wordlist-1=3,wordlist-2=2,wordlist-3=3
nest	v	4	3	wordlist-1=4,wordlist-2=3,wordlist-3=4
network	n	2	3	wordlist-1=2,wordlist-2=1,wordlist-3=2
never	adv	1	3	wordlist-1=1,wordlist-2=1,wordlist-3=1
never mind	phr	2	3	wordlist-1=2,wordlist-2=2,wordlist-3=3
nevertheless	adv	2	3	wordlist-1=3,wordlist-2=2,wordlist-3=2
new	adj	1	3	wordlist-1=1,wordlist-2=1,wordlist-3=1
newborn	adj	3	3	wordlist-1=3,wordlist-2=3,wordlist-3=4
newborn	n	4	3	wordlist-1=4,wordlist-2=3,wordlist-3=5
news	n	1	3	wordlist-1=1,wordlist-2=1,wordlist-3=1
next	adj	1	3	wordlist-1=1,wordlist-2=1,wordlist-3=2
next	adv	1	3	wordlist-1=1,wordlist-2=1,wordlist-3=2
nice	adj	1	3	wordlist-1=1,wordlist-2=1,wordlist-3=1
niece	n	2	3	wordlist-1=3,wordlist-2=2,wordlist-3=2
night	n	1	3	wordlist-1=1,wordlist-2=1,wordlist-3=1
nine	num	1	3	wordlist-1=1,wordlist-2=1,wordlist-3=1
no	abbr	2	3	wordlist-1=3,wordlist-2=2,wordlist-3=2
no	adv	1	3	wordlist-1=1,wordlist-2=1,wordlist-3=2
no	det	1	3	wordlist-1=1,wordlist-2=1,wordlist-3=1
no	interj	1	3	wordlist-1=2,wordlist-2=1,wordlist-3=1
no.	abbr	2	3	wordlist-1=3,wordlist-2=2,wordlist-3=2
nobody	pron	1	3	wordlist-1=1,wordlist-2=1,wordlist-3=2
noise	n	2	3	wordlist-1=2,wordlist-2=1,wordlist-3=3
noisy	adj	2	3	wordlist-1=2,wordlist-2=2,wordlist-3=3
non-	prefix	3	3	wordlist-1=3,wordlist-2=1,wordlist-3=4
none	pron	2	3	wordlist-1=2,wordlist-2=1,wordlist-3=2
noodle	n	2	3	wordlist-1=3,wordlist-2=2,wordlist-3=2
noon	n	2	3	wordlist-1=2,wordlist-2=2,wordlist-3=3
nor	conj	2	3	wordlist-1=2,wordlist-2=2,wordlist-3=2
normal	adj	2	3	wordlist-1=2,wordlist-2=1,wordlist-3=2
normally	adv	2	3	wordlist-1=2,wordlist-2=2,wordlist-3=2
nose	n	1	3	wordlist-1=1,wordlist-2=1,wordlist-3=2
not	adv	1	3	wordlist-1=1,wordlist-2=1,wordlist-3=1
not	conj	2	3	wordlist-1=1,wordlist-2=3,wordlist-3=2
note	n	1	3	wordlist-1=1,wordlist-2=1,wordlist-3=2
note	v	1	3	wordlist-1=1,wordlist-2=1,wordlist-3=2
nothing	pron	1	3	wordlist-1=1,wordlist-2=1,wordlist-3=2
notice	n	2	3	wordlist-1=3,wordlist-2=1,wordlist-3=2
notice	v	2	3	wordlist-1=2,wordlist-2=1,wordlist-3=2
notification	n	3	3	wordlist-1=3,wordlist-2=2,wordlist-3=3
notion	n	3	3	wordlist-1=3,wordlist-2=2,wordlist-3=3
notwithstanding	prep	4	3	wordlist-1=5,wordlist-2=4,wordlist-3=4
noun	n	3	3	wordlist-1=3,wordlist-2=2,wordlist-3=3
novel	adj	3	3	wordlist-1=4,wordlist-2=3,wordlist-3=2
novel	n	1	3	wordlist-1=2,wordlist-2=1,wordlist-3=1
now	adv	1	3	wordlist-1=1,wordlist-2=1,wordlist-3=1
nowhere	adv	2	3	wordlist-1=2,wordlist-2=2,wordlist-3=3
numb	adj	3	3	wordlist-1=3,wordlist-2=3,wordlist-3=3
number	n	1	3	wordlist-1=1,wordlist-2=1,wordlist-3=1
nurse	n	1	3	wordlist-1=2,wordlist-2=1,wordlist-3=1
nut	n	2	3	wordlist-1=2,wordlist-2=2,wordlist-3=2
nutrition	n	3	3	wordlist-1=3,wordlist-2=2,wordlist-3=3
nutritious	adj	3	3	wordlist-1=3,wordlist-2=3,wordlist-3=3
obesity	n	3	3	wordlist-1=4,wordlist-2=3,wordlist-3=3
obey	v	2	3	wordlist-1=3,wordlist-2=2,wordlist-3=2
object	n	1	3	wordlist-1=1,wordlist-2=1,wordlist-3=2
objective	adj	2	3	wordlist-1=3,wordlist-2=2,wordlist-3=2
objective	n	2	3	wordlist-1=3,wordlist-2=2,wordlist-3=2
observe	v	2	3	wordlist-1=2,wordlist-2=2,wordlist-3=2
obvious	adj	2	3	wordlist-1=2,wordlist-2=1,wordlist-3=2
obviously	adv	1	3	wordlist-1=2,wordlist-2=1,wordlist-3=1
occasional	adj	3	3	wordlist-1=3,wordlist-2=2,wordlist-3=3
occasionally	adv	2	3	wordlist-1=2,wordlist-2=2,wordlist-3=2
occupation	n	2	3	wordlist-1=3,wordlist-2=2,wordlist-3=2
occupy	v	2	3	wordlist-1=3,wordlist-2=2,wordlist-3=2
occur	v	2	3	wordlist-1=2,wordlist-2=1,wordlist-3=3
ocean	n	2	3	wordlist-1=2,wordlist-2=1,wordlist-3=2
odd	adj	2	3	wordlist-1=2,wordlist-2=2,wordlist-3=2
of	prep	1	3	wordlist-1=1,wordlist-2=1,wordlist-3=1
of course	phr	1	3	wordlist-1=1,wordlist-2=1,wordlist-3=1
off	adv	1	3	wordlist-1=1,wordlist-2=1,wordlist-3=1
off	prep	1	3	wordlist-1=1,wordlist-2=1,wordlist-3=1
offer	n	1	3	wordlist-1=1,wordlist-2=1,wordlist-3=2
offer	v	1	3	wordlist-1=1,wordlist-2=1,wordlist-3=2
office	n	1	3	wordlist-1=1,wordlist-2=1,wordlist-3=2
officer	n	2	3	wordlist-1=2,wordlist-2=1,wordlist-3=2
official	adj	2	3	wordlist-1=2,wordlist-2=1,wordlist-3=2
official	n	2	3	wordlist-1=2,wordlist-2=2,wordlist-3=2
often	adv	1	3	wordlist-1=1,wordlist-2=1,wordlist-3=1
oh	interj	1	3	wordlist-1=2,wordlist-2=1,wordlist-3=1
oil	n	1	3	wordlist-1=2,wordlist-2=1,wordlist-3=1
ointment	n	3	3	wordlist-1=3,wordlist-2=3,wordlist-3=3
ok	abbr	1	3	wordlist-1=1,wordlist-2=1,wordlist-3=1
okay	adv	1	3	wordlist-1=1,wordlist-2=1,wordlist-3=1
okay	interj	1	3	wordlist-1=1,wordlist-2=1,wordlist-3=1
old	adj	1	3	wordlist-1=1,wordlist-2=1,wordlist-3=1
on	adv	1	3	wordlist-1=1,wordlist-2=1,wordlist-3=1
on	prep	1	3	wordlist-1=1,wordlist-2=1,wordlist-3=1
once	adv	1	3	wordlist-1=1,wordlist-2=1,wordlist-3=1
once	conj	2	3	wordlist-1=2,wordlist-2=2,wordlist-3=2
once	n	3	3	wordlist-1=5,wordlist-2=3,wordlist-3=3
one	det	1	3	wordlist-1=1,wordlist-2=1,wordlist-3=1
one	num	1	3	wordlist-1=1,wordlist-2=1,wordlist-3=1
one	pron	1	3	wordlist-1=1,wordlist-2=1,wordlist-3=1
onion	n	2	3	wordlist-1=2,wordlist-2=2,wordlist-3=2
online	adj	1	3	wordlist-1=2,wordlist-2=1,wordlist-3=1
only	adv	1	3	wordlist-1=1,wordlist-2=1,wordlist-3=1
only	conj	3	3	wordlist-1=3,wordlist-2=3,wordlist-3=2
onto	prep	1	3	wordlist-1=2,wordlist-2=1,wordlist-3=1
oops	interj	2	3	wordlist-1=2,wordlist-2=2,wordlist-3=2
opaque	adj	3	3	wordlist-1=4,wordlist-2=3,wordlist-3=3
open	adj	1	3	wordlist-1=1,wordlist-2=1,wordlist-3=1
open	v	1	3	wordlist-1=1,wordlist-2=1,wordlist-3=1
operate	v	2	3	wordlist-1=2,wordlist-2=2,wordlist-3=1
operation	n	2	3	wordlist-1=2,wordlist-2=2,wordlist-3=1
opinion	n	1	3	wordlist-1=1,wordlist-2=1,wordlist-3=1
opportunity	n	1	3	wordlist-1=1,wordlist-2=1,wordlist-3=1
opposite	adj	2	3	wordlist-1=2,wordlist-2=2,wordlist-3=1
opposite	n	2	3	wordlist-1=3,wordlist-2=2,wordlist-3=2
opposite	prep	2	3	wordlist-1=2,wordlist-2=2,wordlist-3=2
optimistic	adj	2	3	wordlist-1=3,wordlist-2=2,wordlist-3=2
or	conj	1	3	wordlist-1=1,wordlist-2=1,wordlist-3=1
orange	adj	1	3	wordlist-1=1,wordlist-2=1,wordlist-3=1
orchard	n	3	3	wordlist-1=3,wordlist-2=3,wordlist-3=3
orchestra	n	2	3	wordlist-1=3,wordlist-2=2,wordlist-3=2
order	n	1	3	wordlist-1=1,wordlist-2=1,wordlist-3=1
order	v	1	3	wordlist-1=1,wordlist-2=1,wordlist-3=1
ordinary	adj	2	3	wordlist-1=2,wordlist-2=2,wordlist-3=2
ore	n	4	3	wordlist-1=4,wordlist-2=4,wordlist-3=3
organ	n	2	3	wordlist-1=2,wordlist-2=2,wordlist-3=2
organic	adj	2	3	wordlist-1=3,wordlist-2=2,wordlist-3=2
original	adj	2	3	wordlist-1=2,wordlist-2=1,wordlist-3=2
originally	adv	2	3	wordlist-1=2,wordlist-2=2,wordlist-3=2
orphan	n	3	3	wordlist-1=3,wordlist-2=3,wordlist-3=3
other	adj	1	3	wordlist-1=1,wordlist-2=1,wordlist-3=1
other	det	1	3	wordlist-1=1,wordlist-2=1,wordlist-3=1
other	pron	1	3	wordlist-1=1,wordlist-2=1,wordlist-3=1
otherwise	adv	2	3	wordlist-1=2,wordlist-2=2,wordlist-3=1
ouch	interj	2	3	wordlist-1=3,wordlist-2=2,wordlist-3=2
ought	modal	2	3	wordlist-1=2,wordlist-2=2,wordlist-3=1
our	det	1	3	wordlist-1=1,wordlist-2=1,wordlist-3=1
ours	pron	2	3	wordlist-1=2,wordlist-2=2,wordlist-3=1
ourselves	pron	1	3	wordlist-1=2,wordlist-2=1,wordlist-3=1
out	adv	1	3	wordlist-1=1,wordlist-2=1,wordlist-3=1
out	prep	1	3	wordlist-1=1,wordlist-2=1,wordlist-3=2
out-	prefix	3	3	wordlist-1=3,wordlist-2=2,wordlist-3=3
outbreak	n	3	3	wordlist-1=3,wordlist-2=3,wordlist-3=2
outcome	n	2	3	wordlist-1=2,wordlist-2=2,wordlist-3=2
outdoor	adj	2	3	wordlist-1=3,wordlist-2=2,wordlist-3=2
outfit	n	2	3	wordlist-1=3,wordlist-2=2,wordlist-3=2
outgoing	adj	2	3	wordlist-1=3,wordlist-2=2,wordlist-3=2
outlet	n	2	3	wordlist-1=3,wordlist-2=2,wordlist-3=2
outside	adv	1	3	wordlist-1=2,wordlist-2=1,wordlist-3=1
outside	n	2	3	wordlist-1=2,wordlist-2=2,wordlist-3=2
outside	prep	1	3	wordlist-1=1,wordlist-2=1,wordlist-3=1
outskirts	n	3	3	wordlist-1=3,wordlist-2=3,wordlist-3=2
outstanding	adj	2	3	wordlist-1=2,wordlist-2=2,wordlist-3=2
oven	n	2	3	wordlist-1=2,wordlist-2=2,wordlist-3=2
over	adv	1	3	wordlist-1=1,wordlist-2=1,wordlist-3=1
over	prep	1	3	wordlist-1=1,wordlist-2=1,wordlist-3=1
over-	prefix	3	3	wordlist-1=3,wordlist-2=2,wordlist-3=3
overcast	adj	3	3	wordlist-1=4,wordlist-2=3,wordlist-3=3
overflow	v	3	3	wordlist-1=3,wordlist-2=3,wordlist-3=3
overpass	n	3	3	wordlist-1=4,wordlist-2=3,wordlist-3=3
overseas	adj	2	3	wordlist-1=3,wordlist-2=2,wordlist-3=2
overtake	v	3	3	wordlist-1=3,wordlist-2=3,wordlist-3=2
overtime	n	2	3	wordlist-1=3,wordlist-2=2,wordlist-3=2
ow	interj	3	3	wordlist-1=3,wordlist-2=3,wordlist-3=2
owe	v	2	3	wordlist-1=2,wordlist-2=2,wordlist-3=1
owing to	prep	3	3	wordlist-1=3,wordlist-2=3,wordlist-3=2
own	v	1	3	wordlist-1=1,wordlist-2=1,wordlist-3=1
owner	n	1	3	wordlist-1=2,wordlist-2=1,wordlist-3=1
oz	abbr	2	3	wordlist-1=4,wordlist-2=2,wordlist-3=2
p.m.	abbr	2	3	wordlist-1=3,wordlist-2=1,wordlist-3=2
pack	n	2	3	wordlist-1=2,wordlist-2=2,wordlist-3=1
pack	v	1	3	wordlist-1=2,wordlist-2=1,wordlist-3=1
page	n	1	3	wordlist-1=1,wordlist-2=1,wordlist-3=1
paid	adj	2	3	wordlist-1=2,wordlist-2=2,wordlist-3=1
pain	n	1	3	wordlist-1=1,wordlist-2=1,wordlist-3=1
painful	adj	2	3	wordlist-1=2,wordlist-2=2,wordlist-3=1
painkiller	n	3	3	wordlist-1=3,wordlist-2=3,wordlist-3=2
paint	n	2	3	wordlist-1=2,wordlist-2=1,wordlist-3=2
paint	v	1	3	wordlist-1=2,wordlist-2=1,wordlist-3=1
pair	n	1	3	wordlist-1=1,wordlist-2=1,wordlist-3=1
pajamas	n	2	3	wordlist-1=3,wordlist-2=2,wordlist-3=1
pale	adj	2	3	wordlist-1=2,wordlist-2=2,wordlist-3=2
pan	n	1	3	wordlist-1=2,wordlist-2=1,wordlist-3=1
pants	n	1	3	wordlist-1=1,wordlist-2=1,wordlist-3=1
paper	n	1	3	wordlist-1=1,wordlist-2=1,wordlist-3=1
paragraph	n	2	3	wordlist-1=2,wordlist-2=2,wordlist-3=2
parallel	adj	2	3	wordlist-1=3,wordlist-2=2,wordlist-3=2
paralysis	n	3	3	wordlist-1=4,wordlist-2=3,wordlist-3=3
paralyze	v	3	3	wordlist-1=4,wordlist-2=3,wordlist-3=3
paramount	adj	3	3	wordlist-1=4,wordlist-2=3,wordlist-3=3
paraphrase	v	3	3	wordlist-1=4,wordlist-2=3,wordlist-3=3
parasite	n	3	3	wordlist-1=4,wordlist-2=3,wordlist-3=3
pardon	interj	2	3	wordlist-1=3,wordlist-2=2,wordlist-3=2
pardon	n	3	3	wordlist-1=3,wordlist-2=3,wordlist-3=2
parent	n	1	3	wordlist-1=1,wordlist-2=1,wordlist-3=1
park	n	1	3	wordlist-1=2,wordlist-2=1,wordlist-3=1
park	v	1	3	wordlist-1=2,wordlist-2=1,wordlist-3=1
parking	n	1	3	wordlist-1=2,wordlist-2=1,wordlist-3=1
parliament	n	2	3	wordlist-1=3,wordlist-2=2,wordlist-3=2
part	n	1	3	wordlist-1=1,wordlist-2=1,wordlist-3=1
part-time	adj	2	3	wordlist-1=3,wordlist-2=2,wordlist-3=2
particle	n	3	3	wordlist-1=3,wordlist-2=3,wordlist-3=2
particular	adj	1	3	wordlist-1=2,wordlist-2=1,wordlist-3=1
particularly	adv	1	3	wordlist-1=2,wordlist-2=1,wordlist-3=1
partly	adv	2	3	wordlist-1=2,wordlist-2=2,wordlist-3=2
partner	n	1	3	wordlist-1=2,wordlist-2=1,wordlist-3=1
party	n	1	3	wordlist-1=1,wordlist-2=1,wordlist-3=1
pass	v	1	3	wordlist-1=1,wordlist-2=1,wordlist-3=1
pass away	phrv	2	3	wordlist-1=3,wordlist-2=2,wordlist-3=2
pass on	phrv	2	3	wordlist-1=2,wordlist-2=2,wordlist-3=2
pass out	phrv	2	3	wordlist-1=2,wordlist-2=2,wordlist-3=2
passenger	n	1	3	wordlist-1=2,wordlist-2=1,wordlist-3=1
passion	n	2	3	wordlist-1=3,wordlist-2=2,wordlist-3=2
passport	n	2	3	wordlist-1=3,wordlist-2=2,wordlist-3=2
password	n	2	3	wordlist-1=2,wordlist-2=2,wordlist-3=2
past	adj	1	3	wordlist-1=2,wordlist-2=1,wordlist-3=1
past	adv	2	3	wordlist-1=2,wordlist-2=2,wordlist-3=1
past	n	1	3	wordlist-1=2,wordlist-2=1,wordlist-3=1
past	prep	1	3	wordlist-1=2,wordlist-2=1,wordlist-3=1
pasta	n	2	3	wordlist-1=3,wordlist-2=2,wordlist-3=1
paste	v	2	3	wordlist-1=3,wordlist-2=2,wordlist-3=2
pastry	n	2	3	wordlist-1=3,wordlist-2=2,wordlist-3=2
pasture	n	3	3	wordlist-1=4,wordlist-2=3,wordlist-3=3
path	n	1	3	wordlist-1=2,wordlist-2=1,wordlist-3=1
patience	n	2	3	wordlist-1=2,wordlist-2=2,wordlist-3=2
patient	adj	2	3	wordlist-1=3,wordlist-2=2,wordlist-3=2
patient	n	1	3	wordlist-1=2,wordlist-2=1,wordlist-3=1
patio	n	2	3	wordlist-1=3,wordlist-2=2,wordlist-3=2
pattern	n	1	3	wordlist-1=2,wordlist-2=1,wordlist-3=1
patterned	adj	3	3	wordlist-1=4,wordlist-2=3,wordlist-3=2
pause	n	2	3	wordlist-1=2,wordlist-2=2,wordlist-3=2
pavement	n	2	3	wordlist-1=3,wordlist-2=2,wordlist-3=2
paw	n	2	3	wordlist-1=3,wordlist-2=2,wordlist-3=2
pay	n	1	3	wordlist-1=1,wordlist-2=2,wordlist-3=1
pay	v	1	3	wordlist-1=1,wordlist-2=1,wordlist-3=1
pay back	phrv	2	3	wordlist-1=2,wordlist-2=2,wordlist-3=2
payment	n	2	3	wordlist-1=2,wordlist-2=1,wordlist-3=2
pc	abbr	3	3	wordlist-1=4,wordlist-2=2,wordlist-3=3
peace	n	1	3	wordlist-1=2,wordlist-2=1,wordlist-3=1
peak	n	2	3	wordlist-1=3,wordlist-2=2,wordlist-3=2
peculiar	adj	3	3	wordlist-1=3,wordlist-2=3,wordlist-3=3
peculiarly	adv	4	3	wordlist-1=4,wordlist-2=4,wordlist-3=4
pedestrian	n	3	3	wordlist-1=3,wordlist-2=3,wordlist-3=3
pedestrianize	v	5	3	wordlist-1=5,wordlist-2=5,wordlist-3=5
pedicure	n	4	3	wordlist-1=4,wordlist-2=3,wordlist-3=4
peel	v	2	3	wordlist-1=3,wordlist-2=2,wordlist-3=2
peer	n	2	3	wordlist-1=3,wordlist-2=2,wordlist-3=2
peer	v	3	3	wordlist-1=4,wordlist-2=3,wordlist-3=3
pendant	n	4	3	wordlist-1=4,wordlist-2=3,wordlist-3=4
pending	prep	3	3	wordlist-1=3,wordlist-2=3,wordlist-3=3
peninsula	n	3	3	wordlist-1=4,wordlist-2=3,wordlist-3=3
pension	n	2	3	wordlist-1=3,wordlist-2=2,wordlist-3=2
people	n	1	3	wordlist-1=1,wordlist-2=1,wordlist-3=1
pepper	n	2	3	wordlist-1=2,wordlist-2=2,wordlist-3=2
per	prep	1	3	wordlist-1=3,wordlist-2=1,wordlist-3=1
percentage	n	2	3	wordlist-1=2,wordlist-2=2,wordlist-3=2
perception	n	2	3	wordlist-1=3,wordlist-2=2,wordlist-3=2
perfect	adj	1	3	wordlist-1=1,wordlist-2=1,wordlist-3=1
perfectly	adv	2	3	wordlist-1=2,wordlist-2=2,wordlist-3=2
perform	v	1	3	wordlist-1=2,wordlist-2=1,wordlist-3=1
performance	n	1	3	wordlist-1=2,wordlist-2=1,wordlist-3=1
perfume	n	2	3	wordlist-1=3,wordlist-2=2,wordlist-3=2
perhaps	adv	1	3	wordlist-1=1,wordlist-2=1,wordlist-3=1
period	n	1	3	wordlist-1=1,wordlist-2=1,wordlist-3=1
permanent	adj	2	3	wordlist-1=2,wordlist-2=2,wordlist-3=2
permanently	adv	3	3	wordlist-1=3,wordlist-2=2,wordlist-3=3
person	n	1	3	wordlist-1=1,wordlist-2=1,wordlist-3=1
personal	adj	1	3	wordlist-1=1,wordlist-2=1,wordlist-3=1
personality	n	2	3	wordlist-1=2,wordlist-2=2,wordlist-3=2
personally	adv	2	3	wordlist-1=2,wordlist-2=2,wordlist-3=2
perspective	n	2	3	wordlist-1=3,wordlist-2=2,wordlist-3=2
perspire	v	5	3	wordlist-1=5,wordlist-2=4,wordlist-3=5
persuade	v	2	3	wordlist-1=3,wordlist-2=2,wordlist-3=2
persuasive	adj	3	3	wordlist-1=4,wordlist-2=3,wordlist-3=3
pessimistic	adj	3	3	wordlist-1=4,wordlist-2=3,wordlist-3=3
pest	n	3	3	wordlist-1=3,wordlist-2=3,wordlist-3=3
pesticide	n	3	3	wordlist-1=4,wordlist-2=3,wordlist-3=3
pet	n	2	3	wordlist-1=1,wordlist-2=2,wordlist-3=2
pharmacy	n	3	3	wordlist-1=3,wordlist-2=2,wordlist-3=3
phone	abbr	1	3	wordlist-1=2,wordlist-2=1,wordlist-3=1
photo	abbr	2	3	wordlist-1=2,wordlist-2=1,wordlist-3=2
photo	n	2	3	wordlist-1=2,wordlist-2=1,wordlist-3=2
photograph	n	2	3	wordlist-1=3,wordlist-2=2,wordlist-3=2
photograph	v	3	3	wordlist-1=4,wordlist-2=3,wordlist-3=3
phrase	n	2	3	wordlist-1=2,wordlist-2=2,wordlist-3=2
physical	adj	2	3	wordlist-1=2,wordlist-2=1,wordlist-3=2
physician	n	3	3	wordlist-1=3,wordlist-2=3,wordlist-3=3
piano	n	2	3	wordlist-1=2,wordlist-2=2,wordlist-3=2
pick	v	1	3	wordlist-1=1,wordlist-2=1,wordlist-3=1
pick up	phrv	1	3	wordlist-1=1,wordlist-2=1,wordlist-3=1
picture	n	1	3	wordlist-1=1,wordlist-2=1,wordlist-3=1
picturesque	adj	3	3	wordlist-1=4,wordlist-2=3,wordlist-3=3
pie	n	2	3	wordlist-1=2,wordlist-2=2,wordlist-3=2
piece	n	1	3	wordlist-1=1,wordlist-2=1,wordlist-3=1
pier	n	3	3	wordlist-1=3,wordlist-2=3,wordlist-3=4
pig	n	2	3	wordlist-1=2,wordlist-2=2,wordlist-3=2
pill	n	2	3	wordlist-1=2,wordlist-2=2,wordlist-3=2
pilot	n	2	3	wordlist-1=2,wordlist-2=2,wordlist-3=2
pin	abbr	3	3	wordlist-1=3,wordlist-2=2,wordlist-3=4
pink	adj	2	3	wordlist-1=2,wordlist-2=1,wordlist-3=2
pipe	n	2	3	wordlist-1=2,wordlist-2=2,wordlist-3=2
pitch	n	2	3	wordlist-1=2,wordlist-2=2,wordlist-3=2
pity	n	2	3	wordlist-1=2,wordlist-2=3,wordlist-3=2
pity	v	3	3	wordlist-1=3,wordlist-2=4,wordlist-3=3
place	n	1	3	wordlist-1=1,wordlist-2=1,wordlist-3=1
place	v	2	3	wordlist-1=1,wordlist-2=2,wordlist-3=2
plain	adj	2	3	wordlist-1=2,wordlist-2=2,wordlist-3=2
plain	n	3	3	wordlist-1=3,wordlist-2=3,wordlist-3=3
plainly	adv	3	3	wordlist-1=3,wordlist-2=3,wordlist-3=3
plan	n	1	3	wordlist-1=1,wordlist-2=1,wordlist-3=1
plan	v	1	3	wordlist-1=1,wordlist-2=1,wordlist-3=2
plane	n	1	3	wordlist-1=2,wordlist-2=1,wordlist-3=1
plant	n	1	3	wordlist-1=1,wordlist-2=1,wordlist-3=1
plant	v	2	3	wordlist-1=2,wordlist-2=2,wordlist-3=2
plantation	n	3	3	wordlist-1=4,wordlist-2=3,wordlist-3=3
plastic	n	2	3	wordlist-1=2,wordlist-2=1,wordlist-3=2
plate	n	2	3	wordlist-1=2,wordlist-2=1,wordlist-3=2
plateau	n	3	3	wordlist-1=4,wordlist-2=3,wordlist-3=3
platform	n	2	3	wordlist-1=2,wordlist-2=2,wordlist-3=2
platter	n	4	3	wordlist-1=4,wordlist-2=3,wordlist-3=4
play	n	1	3	wordlist-1=1,wordlist-2=1,wordlist-3=1
play	v	1	3	wordlist-1=1,wordlist-2=1,wordlist-3=1
player	n	1	3	wordlist-1=1,wordlist-2=1,wordlist-3=1
playground	n	2	3	wordlist-1=2,wordlist-2=2,wordlist-3=2
plaza	n	3	3	wordlist-1=3,wordlist-2=3,wordlist-3=3
pleasant	adj	2	3	wordlist-1=2,wordlist-2=2,wordlist-3=2
please	adv	1	3	wordlist-1=1,wordlist-2=1,wordlist-3=1
please	interj	1	3	wordlist-1=1,wordlist-2=1,wordlist-3=4
please	v	2	3	wordlist-1=3,wordlist-2=2,wordlist-3=2
pleased	adj	2	3	wordlist-1=2,wordlist-2=2,wordlist-3=2
pleasure	n	2	3	wordlist-1=2,wordlist-2=2,wordlist-3=2
plot	n	2	3	wordlist-1=2,wordlist-2=2,wordlist-3=2
plough	n	4	3	wordlist-1=4,wordlist-2=4,wordlist-3=2
plough	v	4	3	wordlist-1=4,wordlist-2=4,wordlist-3=3
plow	n	3	3	wordlist-1=4,wordlist-2=3,wordlist-3=3
plow	v	3	3	wordlist-1=3,wordlist-2=3,wordlist-3=3
plug	n	2	3	wordlist-1=2,wordlist-2=2,wordlist-3=2
plug in	phrv	2	3	wordlist-1=2,wordlist-2=2,wordlist-3=2
plumber	n	3	3	wordlist-1=3,wordlist-2=3,wordlist-3=3
plump	adj	3	3	wordlist-1=3,wordlist-2=3,wordlist-3=3
plural	n	3	3	wordlist-1=3,wordlist-2=3,wordlist-3=3
plus	prep	2	3	wordlist-1=1,wordlist-2=2,wordlist-3=2
pm	abbr	3	3	wordlist-1=3,wordlist-2=1,wordlist-3=3
poach	v	3	3	wordlist-1=4,wordlist-2=3,wordlist-3=3
pocket	n	2	3	wordlist-1=1,wordlist-2=2,wordlist-3=2
poem	n	2	3	wordlist-1=2,wordlist-2=2,wordlist-3=2
poet	n	2	3	wordlist-1=3,wordlist-2=2,wordlist-3=2
poetry	n	2	3	wordlist-1=3,wordlist-2=2,wordlist-3=2
point	n	1	3	wordlist-1=1,wordlist-2=1,wordlist-3=1
point	v	1	3	wordlist-1=1,wordlist-2=1,wordlist-3=2
point out	phrv	1	3	wordlist-1=1,wordlist-2=1,wordlist-3=2
poison	n	2	3	wordlist-1=3,wordlist-2=2,wordlist-3=2
poison	v	3	3	wordlist-1=3,wordlist-2=3,wordlist-3=3
poisonous	adj	3	3	wordlist-1=3,wordlist-2=3,wordlist-3=3
polar	adj	3	3	wordlist-1=3,wordlist-2=3,wordlist-3=3
police	n	1	3	wordlist-1=1,wordlist-2=1,wordlist-3=1
police	v	3	3	wordlist-1=3,wordlist-2=3,wordlist-3=3
policy	n	2	3	wordlist-1=2,wordlist-2=1,wordlist-3=2
polish	v	3	3	wordlist-1=3,wordlist-2=3,wordlist-3=2
polite	adj	2	3	wordlist-1=2,wordlist-2=2,wordlist-3=2
political	adj	1	3	wordlist-1=2,wordlist-2=1,wordlist-3=1
politician	n	2	3	wordlist-1=3,wordlist-2=2,wordlist-3=2
politics	n	2	3	wordlist-1=2,wordlist-2=1,wordlist-3=2
pollinate	v	4	3	wordlist-1=4,wordlist-2=4,wordlist-3=4
pollute	v	3	3	wordlist-1=3,wordlist-2=3,wordlist-3=2
pond	n	2	3	wordlist-1=3,wordlist-2=2,wordlist-3=2
pool	n	2	3	wordlist-1=2,wordlist-2=1,wordlist-3=2
poor	adj	1	3	wordlist-1=1,wordlist-2=1,wordlist-3=1
poorly	adv	3	3	wordlist-1=3,wordlist-2=3,wordlist-3=3
popular	adj	1	3	wordlist-1=2,wordlist-2=1,wordlist-3=1
porch	n	3	3	wordlist-1=3,wordlist-2=2,wordlist-3=3
pork	n	2	3	wordlist-1=3,wordlist-2=2,wordlist-3=2
port	n	2	3	wordlist-1=3,wordlist-2=2,wordlist-3=2
portable	adj	3	3	wordlist-1=3,wordlist-2=3,wordlist-3=3
portion	n	2	3	wordlist-1=3,wordlist-2=2,wordlist-3=2
position	n	1	3	wordlist-1=1,wordlist-2=1,wordlist-3=1
position	v	3	3	wordlist-1=3,wordlist-2=2,wordlist-3=3
positive	adj	2	3	wordlist-1=2,wordlist-2=1,wordlist-3=2
possibility	n	2	3	wordlist-1=2,wordlist-2=2,wordlist-3=2
possible	adj	1	3	wordlist-1=1,wordlist-2=1,wordlist-3=2
possibly	adv	2	3	wordlist-1=2,wordlist-2=2,wordlist-3=2
post	n	1	3	wordlist-1=1,wordlist-2=1,wordlist-3=2
post	v	2	3	wordlist-1=2,wordlist-2=1,wordlist-3=3
post-	prefix	3	3	wordlist-1=4,wordlist-2=2,wordlist-3=3
pot	n	2	3	wordlist-1=2,wordlist-2=2,wordlist-3=1
potato	n	1	3	wordlist-1=2,wordlist-2=1,wordlist-3=1
poultry	n	3	3	wordlist-1=4,wordlist-2=3,wordlist-3=2
pour	v	2	3	wordlist-1=2,wordlist-2=2,wordlist-3=1
poverty	n	2	3	wordlist-1=3,wordlist-2=2,wordlist-3=2
powder	n	2	3	wordlist-1=3,wordlist-2=2,wordlist-3=2
power	n	1	3	wordlist-1=1,wordlist-2=1,wordlist-3=1
power	v	2	3	wordlist-1=2,wordlist-2=3,wordlist-3=2
powerful	adj	1	3	wordlist-1=2,wordlist-2=1,wordlist-3=1
pr	abbr	3	3	wordlist-1=4,wordlist-2=2,wordlist-3=3
practice	n	1	3	wordlist-1=2,wordlist-2=1,wordlist-3=1
practice	v	2	3	wordlist-1=2,wordlist-2=2,wordlist-3=2
praise	v	2	3	wordlist-1=3,wordlist-2=2,wordlist-3=2
pray	v	2	3	wordlist-1=3,wordlist-2=2,wordlist-3=2
prayer	n	2	3	wordlist-1=3,wordlist-2=2,wordlist-3=2
pre-	prefix	3	3	wordlist-1=4,wordlist-2=2,wordlist-3=3
precise	adj	2	3	wordlist-1=3,wordlist-2=2,wordlist-3=2
precisely	adv	2	3	wordlist-1=3,wordlist-2=2,wordlist-3=2
predator	n	3	3	wordlist-1=3,wordlist-2=2,wordlist-3=3
pregnancy	n	2	3	wordlist-1=3,wordlist-2=2,wordlist-3=2
pregnant	adj	2	3	wordlist-1=3,wordlist-2=2,wordlist-3=2
prejudice	n	3	3	wordlist-1=3,wordlist-2=3,wordlist-3=2
preliminary	adj	3	3	wordlist-1=4,wordlist-2=3,wordlist-3=3
prescribe	v	3	3	wordlist-1=3,wordlist-2=2,wordlist-3=3
prescription	n	3	3	wordlist-1=3,wordlist-2=2,wordlist-3=3
present	adj	1	3	wordlist-1=2,wordlist-2=1,wordlist-3=1
present	n	2	3	wordlist-1=2,wordlist-2=2,wordlist-3=2
presently	adv	3	3	wordlist-1=3,wordlist-2=3,wordlist-3=3
preserve	v	2	3	wordlist-1=3,wordlist-2=2,wordlist-3=2
president	n	1	3	wordlist-1=2,wordlist-2=1,wordlist-3=1
press	n	2	3	wordlist-1=2,wordlist-2=2,wordlist-3=1
press	v	2	3	wordlist-1=2,wordlist-2=1,wordlist-3=2
pretty	adj	1	3	wordlist-1=1,wordlist-2=1,wordlist-3=1
prevent	v	1	3	wordlist-1=2,wordlist-2=1,wordlist-3=1
previous	adj	2	3	wordlist-1=2,wordlist-2=1,wordlist-3=2
previously	adv	2	3	wordlist-1=3,wordlist-2=2,wordlist-3=2
prey	n	3	3	wordlist-1=3,wordlist-2=3,wordlist-3=3
price	n	1	3	wordlist-1=1,wordlist-2=1,wordlist-3=1
pride	n	2	3	wordlist-1=2,wordlist-2=2,wordlist-3=2
priest	n	2	3	wordlist-1=3,wordlist-2=2,wordlist-3=2
primarily	adv	2	3	wordlist-1=3,wordlist-2=2,wordlist-3=2
print	n	2	3	wordlist-1=2,wordlist-2=2,wordlist-3=2
print	v	2	3	wordlist-1=2,wordlist-2=1,wordlist-3=2
printer	n	3	3	wordlist-1=3,wordlist-2=2,wordlist-3=3
priority	n	2	3	wordlist-1=3,wordlist-2=2,wordlist-3=2
prison	n	2	3	wordlist-1=2,wordlist-2=2,wordlist-3=2
prisoner	n	2	3	wordlist-1=3,wordlist-2=2,wordlist-3=2
privacy	n	2	3	wordlist-1=3,wordlist-2=2,wordlist-3=2
private	adj	2	3	wordlist-1=2,wordlist-2=1,wordlist-3=2
prize	n	2	3	wordlist-1=2,wordlist-2=2,wordlist-3=2
pro-	prefix	3	3	wordlist-1=4,wordlist-2=2,wordlist-3=3
probably	adv	1	3	wordlist-1=1,wordlist-2=1,wordlist-3=1
problem	n	1	3	wordlist-1=1,wordlist-2=1,wordlist-3=1
process	n	1	3	wordlist-1=2,wordlist-2=1,wordlist-3=1
produce	v	2	3	wordlist-1=2,wordlist-2=1,wordlist-3=2
producer	n	2	3	wordlist-1=3,wordlist-2=2,wordlist-3=2
product	n	2	3	wordlist-1=2,wordlist-2=1,wordlist-3=2
profession	n	2	3	wordlist-1=3,wordlist-2=2,wordlist-3=2
professional	adj	2	3	wordlist-1=3,wordlist-2=1,wordlist-3=2
professional	n	2	3	wordlist-1=3,wordlist-2=2,wordlist-3=2
profile	n	2	3	wordlist-1=3,wordlist-2=2,wordlist-3=2
profit	n	2	3	wordlist-1=3,wordlist-2=2,wordlist-3=2
profitable	adj	3	3	wordlist-1=4,wordlist-2=3,wordlist-3=3
program	n	1	3	wordlist-1=2,wordlist-2=1,wordlist-3=1
program	v	2	3	wordlist-1=3,wordlist-2=2,wordlist-3=2
progress	n	2	3	wordlist-1=2,wordlist-2=2,wordlist-3=2
progress	v	3	3	wordlist-1=3,wordlist-2=2,wordlist-3=3
promise	n	2	3	wordlist-1=2,wordlist-2=2,wordlist-3=2
promise	v	2	3	wordlist-1=2,wordlist-2=1,wordlist-3=2
pronoun	n	3	3	wordlist-1=4,wordlist-2=3,wordlist-3=3
pronounce	v	2	3	wordlist-1=3,wordlist-2=2,wordlist-3=2
pronunciation	n	3	3	wordlist-1=4,wordlist-2=3,wordlist-3=3
proof	n	2	3	wordlist-1=3,wordlist-2=2,wordlist-3=2
proofread	v	3	3	wordlist-1=5,wordlist-2=3,wordlist-3=3
proper	adj	2	3	wordlist-1=2,wordlist-2=2,wordlist-3=2
properly	adv	2	3	wordlist-1=2,wordlist-2=2,wordlist-3=2
proportion	n	2	3	wordlist-1=3,wordlist-2=2,wordlist-3=2
protect	v	2	3	wordlist-1=2,wordlist-2=1,wordlist-3=2
protection	n	2	3	wordlist-1=3,wordlist-2=2,wordlist-3=2
protein	n	2	3	wordlist-1=3,wordlist-2=2,wordlist-3=2
protest	n	2	3	wordlist-1=3,wordlist-2=2,wordlist-3=2
protest	v	2	3	wordlist-1=3,wordlist-2=2,wordlist-3=2
proud	adj	2	3	wordlist-1=2,wordlist-2=1,wordlist-3=2
prove	v	2	3	wordlist-1=2,wordlist-2=1,wordlist-3=2
provide	v	1	3	wordlist-1=2,wordlist-2=1,wordlist-3=1
provided	conj	3	3	wordlist-1=3,wordlist-2=3,wordlist-3=2
prune	v	3	3	wordlist-1=4,wordlist-2=3,wordlist-3=3
public	adj	1	3	wordlist-1=1,wordlist-2=1,wordlist-3=2
public	n	2	3	wordlist-1=2,wordlist-2=2,wordlist-3=2
publication	n	2	3	wordlist-1=3,wordlist-2=2,wordlist-3=2
publish	v	2	3	wordlist-1=3,wordlist-2=2,wordlist-3=2
publisher	n	2	3	wordlist-1=3,wordlist-2=2,wordlist-3=2
pull	n	2	3	wordlist-1=2,wordlist-2=2,wordlist-3=3
pull	v	1	3	wordlist-1=1,wordlist-2=1,wordlist-3=2
pull over	phrv	2	3	wordlist-1=3,wordlist-2=2,wordlist-3=2
pulse	n	3	3	wordlist-1=3,wordlist-2=2,wordlist-3=3
punctual	adj	3	3	wordlist-1=4,wordlist-2=3,wordlist-3=3
punctuation	n	3	3	wordlist-1=3,wordlist-2=3,wordlist-3=3
punish	v	2	3	wordlist-1=3,wordlist-2=2,wordlist-3=2
punishment	n	2	3	wordlist-1=3,wordlist-2=2,wordlist-3=2
pure	adj	2	3	wordlist-1=3,wordlist-2=2,wordlist-3=2
purple	adj	2	3	wordlist-1=3,wordlist-2=2,wordlist-3=2
purpose	n	2	3	wordlist-1=2,wordlist-2=1,wordlist-3=2
purse	n	2	3	wordlist-1=3,wordlist-2=2,wordlist-3=2
push	n	2	3	wordlist-1=2,wordlist-2=2,wordlist-3=2
push	v	1	3	wordlist-1=1,wordlist-2=1,wordlist-3=2
put	v	1	3	wordlist-1=1,wordlist-2=1,wordlist-3=1
put away	phrv	2	3	wordlist-1=2,wordlist-2=2,wordlist-3=2
put back	phrv	2	3	wordlist-1=2,wordlist-2=2,wordlist-3=3
put down	phrv	2	3	wordlist-1=2,wordlist-2=2,wordlist-3=2
put off	phrv	2	3	wordlist-1=2,wordlist-2=2,wordlist-3=2
put on	phrv	1	3	wordlist-1=1,wordlist-2=1,wordlist-3=2
put out	phrv	2	3	wordlist-1=2,wordlist-2=2,wordlist-3=2
put together	phrv	2	3	wordlist-1=2,wordlist-2=2,wordlist-3=2
put up	phrv	2	3	wordlist-1=2,wordlist-2=2,wordlist-3=2
qualify	v	2	3	wordlist-1=3,wordlist-2=2,wordlist-3=2
qualitative	adj	3	3	wordlist-1=5,wordlist-2=3,wordlist-3=3
quality	n	2	3	wordlist-1=2,wordlist-2=1,wordlist-3=3
quantitative	adj	3	3	wordlist-1=5,wordlist-2=3,wordlist-3=2
quantity	n	3	3	wordlist-1=3,wordlist-2=2,wordlist-3=3
quarantine	n	3	3	wordlist-1=3,wordlist-2=3,wordlist-3=2
quarter	n	2	3	wordlist-1=2,wordlist-2=1,wordlist-3=3
quay	n	4	3	wordlist-1=5,wordlist-2=4,wordlist-3=2
queen	n	2	3	wordlist-1=2,wordlist-2=1,wordlist-3=4
question	n	1	3	wordlist-1=1,wordlist-2=1,wordlist-3=2
question	v	2	3	wordlist-1=2,wordlist-2=2,wordlist-3=1
questionnaire	n	3	3	wordlist-1=4,wordlist-2=3,wordlist-3=2
quick	adj	1	3	wordlist-1=1,wordlist-2=1,wordlist-3=3
quickly	adv	1	3	wordlist-1=1,wordlist-2=1,wordlist-3=1
quiet	adj	1	3	wordlist-1=1,wordlist-2=1,wordlist-3=2
quit	v	2	3	wordlist-1=2,wordlist-2=2,wordlist-3=2
quite	adv	1	3	wordlist-1=1,wordlist-2=1,wordlist-3=1
quote	n	2	3	wordlist-1=3,wordlist-2=2,wordlist-3=2
quote	v	2	3	wordlist-1=3,wordlist-2=2,wordlist-3=2
race	n	2	3	wordlist-1=2,wordlist-2=1,wordlist-3=2
race	v	2	3	wordlist-1=2,wordlist-2=2,wordlist-3=2
radiator	n	3	3	wordlist-1=4,wordlist-2=3,wordlist-3=3
radio	n	2	3	wordlist-1=2,wordlist-2=1,wordlist-3=2
rail	n	2	3	wordlist-1=3,wordlist-2=2,wordlist-3=2
rain	n	2	3	wordlist-1=2,wordlist-2=1,wordlist-3=2
rain	v	2	3	wordlist-1=3,wordlist-2=1,wordlist-3=2
rainbow	n	3	3	wordlist-1=3,wordlist-2=2,wordlist-3=3
raise	v	2	3	wordlist-1=2,wordlist-2=1,wordlist-3=2
range	n	2	3	wordlist-1=2,wordlist-2=1,wordlist-3=2
rare	adj	2	3	wordlist-1=2,wordlist-2=2,wordlist-3=2
rarely	adv	2	3	wordlist-1=3,wordlist-2=2,wordlist-3=2
rash	n	3	3	wordlist-1=4,wordlist-2=3,wordlist-3=3
rate	n	2	3	wordlist-1=2,wordlist-2=1,wordlist-3=2
rather	adv	1	3	wordlist-1=2,wordlist-2=1,wordlist-3=1
ratio	n	3	3	wordlist-1=3,wordlist-2=2,wordlist-3=3
rattle	n	3	3	wordlist-1=3,wordlist-2=3,wordlist-3=3
rattle	v	3	3	wordlist-1=3,wordlist-2=3,wordlist-3=2
raw	adj	2	3	wordlist-1=2,wordlist-2=2,wordlist-3=1
razor	n	3	3	wordlist-1=3,wordlist-2=3,wordlist-3=2
rd	abbr	4	3	wordlist-1=4,wordlist-2=2,wordlist-3=5
re-	prefix	2	3	wordlist-1=3,wordlist-2=1,wordlist-3=2
reach	v	1	3	wordlist-1=1,wordlist-2=1,wordlist-3=1
read	adj	4	3	wordlist-1=4,wordlist-2=3,wordlist-3=5
read	v	1	3	wordlist-1=1,wordlist-2=1,wordlist-3=1
reader	n	2	3	wordlist-1=2,wordlist-2=2,wordlist-3=2
readily	adv	3	3	wordlist-1=3,wordlist-2=3,wordlist-3=2
ready	adj	1	3	wordlist-1=1,wordlist-2=1,wordlist-3=1
real	adj	1	3	wordlist-1=1,wordlist-2=1,wordlist-3=1
realization	n	3	3	wordlist-1=3,wordlist-2=3,wordlist-3=3
realize	v	1	3	wordlist-1=1,wordlist-2=1,wordlist-3=2
really	adv	1	3	wordlist-1=1,wordlist-2=1,wordlist-3=1
reap	v	3	3	wordlist-1=4,wordlist-2=3,wordlist-3=3
reason	n	1	3	wordlist-1=1,wordlist-2=1,wordlist-3=1
reason	v	3	3	wordlist-1=3,wordlist-2=3,wordlist-3=2
reasonable	adj	2	3	wordlist-1=2,wordlist-2=2,wordlist-3=2
reasoning	n	3	3	wordlist-1=3,wordlist-2=3,wordlist-3=3
rebel	v	3	3	wordlist-1=4,wordlist-2=3,wordlist-3=3
recall	v	2	3	wordlist-1=2,wordlist-2=2,wordlist-3=2
receipt	n	2	3	wordlist-1=2,wordlist-2=2,wordlist-3=2
recent	adj	2	3	wordlist-1=2,wordlist-2=1,wordlist-3=2
recently	adv	2	3	wordlist-1=2,wordlist-2=1,wordlist-3=2
recession	n	3	3	wordlist-1=3,wordlist-2=3,wordlist-3=3
recipe	n	2	3	wordlist-1=2,wordlist-2=2,wordlist-3=2
recognition	n	3	3	wordlist-1=3,wordlist-2=2,wordlist-3=3
recognize	v	2	3	wordlist-1=2,wordlist-2=1,wordlist-3=2
record	n	1	3	wordlist-1=1,wordlist-2=1,wordlist-3=1
record	v	2	3	wordlist-1=2,wordlist-2=1,wordlist-3=2
recover	v	2	3	wordlist-1=2,wordlist-2=2,wordlist-3=2
recovery	n	2	3	wordlist-1=2,wordlist-2=2,wordlist-3=3
recycling	n	3	3	wordlist-1=3,wordlist-2=2,wordlist-3=3
red	adj	1	3	wordlist-1=1,wordlist-2=1,wordlist-3=1
reduce	v	2	3	wordlist-1=2,wordlist-2=1,wordlist-3=2
reduction	n	3	3	wordlist-1=3,wordlist-2=2,wordlist-3=3
reef	n	4	3	wordlist-1=4,wordlist-2=3,wordlist-3=4
refer	v	2	3	wordlist-1=2,wordlist-2=2,wordlist-3=2
referee	n	3	3	wordlist-1=3,wordlist-2=3,wordlist-3=3
reflect	v	2	3	wordlist-1=2,wordlist-2=2,wordlist-3=2
reform	n	3	3	wordlist-1=3,wordlist-2=2,wordlist-3=3
reform	v	3	3	wordlist-1=3,wordlist-2=3,wordlist-3=3
refugee	n	3	3	wordlist-1=3,wordlist-2=2,wordlist-3=3
refund	n	3	3	wordlist-1=3,wordlist-2=2,wordlist-3=4
refund	v	3	3	wordlist-1=3,wordlist-2=3,wordlist-3=3
refurbish	v	4	3	wordlist-1=4,wordlist-2=3,wordlist-3=4
refuse	v	2	3	wordlist-1=2,wordlist-2=2,wordlist-3=2
regarding	prep	2	3	wordlist-1=2,wordlist-2=2,wordlist-3=2
regards	n	3	3	wordlist-1=3,wordlist-2=2,wordlist-3=3
register	v	2	3	wordlist-1=3,wordlist-2=2,wordlist-3=2
regret	n	3	3	wordlist-1=3,wordlist-2=3,wordlist-3=3
regret	v	2	3	wordlist-1=2,wordlist-2=2,wordlist-3=3
regular	adj	2	3	wordlist-1=2,wordlist-2=1,wordlist-3=2
regularly	adv	2	3	wordlist-1=2,wordlist-2=2,wordlist-3=2
relate	v	2	3	wordlist-1=2,wordlist-2=2,wordlist-3=2
related	adj	2	3	wordlist-1=2,wordlist-2=2,wordlist-3=2
relation	n	3	3	wordlist-1=3,wordlist-2=2,wordlist-3=3
relationship	n	2	3	wordlist-1=2,wordlist-2=1,wordlist-3=2
relative	n	3	3	wordlist-1=3,wordlist-2=2,wordlist-3=3
relatively	adv	2	3	wordlist-1=2,wordlist-2=2,wordlist-3=2
relax	v	2	3	wordlist-1=2,wordlist-2=2,wordlist-3=2
reliability	n	3	3	wordlist-1=3,wordlist-2=3,wordlist-3=3
reliable	adj	2	3	wordlist-1=2,wordlist-2=2,wordlist-3=3
relief	n	2	3	wordlist-1=2,wordlist-2=2,wordlist-3=2
relieved	adj	3	3	wordlist-1=3,wordlist-2=2,wordlist-3=3
religion	n	2	3	wordlist-1=2,wordlist-2=2,wordlist-3=2
religious	adj	2	3	wordlist-1=2,wordlist-2=2,wordlist-3=2
relocate	v	3	3	wordlist-1=3,wordlist-2=3,wordlist-3=3
remain	v	2	3	wordlist-1=2,wordlist-2=1,wordlist-3=2
remarkable	adj	3	3	wordlist-1=2,wordlist-2=3,wordlist-3=3
remarkably	adv	3	3	wordlist-1=3,wordlist-2=3,wordlist-3=3
remember	v	1	3	wordlist-1=1,wordlist-2=1,wordlist-3=1
remind	v	2	3	wordlist-1=2,wordlist-2=2,wordlist-3=2
remote	adj	2	3	wordlist-1=2,wordlist-2=2,wordlist-3=2
remove	v	2	3	wordlist-1=2,wordlist-2=1,wordlist-3=2
renewable	adj	3	3	wordlist-1=3,wordlist-2=3,wordlist-3=3
renovate	v	3	3	wordlist-1=3,wordlist-2=3,wordlist-3=4
renovation	n	3	3	wordlist-1=3,wordlist-2=3,wordlist-3=4
rent	n	2	3	wordlist-1=2,wordlist-2=2,wordlist-3=2
rent	v	2	3	wordlist-1=2,wordlist-2=2,wordlist-3=2
repair	n	2	3	wordlist-1=2,wordlist-2=2,wordlist-3=2
repair	v	2	3	wordlist-1=2,wordlist-2=2,wordlist-3=2
repeat	v	2	3	wordlist-1=2,wordlist-2=1,wordlist-3=2
reply	n	2	3	wordlist-1=2,wordlist-2=2,wordlist-3=2
reply	v	2	3	wordlist-1=2,wordlist-2=2,wordlist-3=2
report	n	1	3	wordlist-1=1,wordlist-2=1,wordlist-3=1
report	v	1	3	wordlist-1=1,wordlist-2=1,wordlist-3=2
represent	v	2	3	wordlist-1=2,wordlist-2=2,wordlist-3=2
representative	n	2	3	wordlist-1=3,wordlist-2=2,wordlist-3=2
reptile	n	3	3	wordlist-1=3,wordlist-2=3,wordlist-3=2
republic	n	3	3	wordlist-1=3,wordlist-2=3,wordlist-3=4
require	v	2	3	wordlist-1=2,wordlist-2=1,wordlist-3=3
rescue	n	3	3	wordlist-1=3,wordlist-2=2,wordlist-3=4
rescue	v	2	3	wordlist-1=3,wordlist-2=2,wordlist-3=2
research	n	2	3	wordlist-1=2,wordlist-2=1,wordlist-3=2
research	v	2	3	wordlist-1=3,wordlist-2=2,wordlist-3=2
residence	n	3	3	wordlist-1=3,wordlist-2=3,wordlist-3=3
residential	adj	3	3	wordlist-1=3,wordlist-2=3,wordlist-3=3
respect	n	2	3	wordlist-1=2,wordlist-2=2,wordlist-3=1
respect	v	2	3	wordlist-1=2,wordlist-2=2,wordlist-3=2
respectful	adj	3	3	wordlist-1=3,wordlist-2=3,wordlist-3=3
rest	n	1	3	wordlist-1=1,wordlist-2=1,wordlist-3=1
rest	v	2	3	wordlist-1=1,wordlist-2=2,wordlist-3=2
restart	v	3	3	wordlist-1=3,wordlist-2=2,wordlist-3=3
restaurant	n	2	3	wordlist-1=2,wordlist-2=1,wordlist-3=2
restless	adj	3	3	wordlist-1=3,wordlist-2=3,wordlist-3=3
restore	v	3	3	wordlist-1=3,wordlist-2=2,wordlist-3=3
result	n	1	3	wordlist-1=1,wordlist-2=1,wordlist-3=1
result	v	2	3	wordlist-1=2,wordlist-2=2,wordlist-3=2
result in	phrv	2	3	wordlist-1=3,wordlist-2=2,wordlist-3=2
retail	adj	3	3	wordlist-1=3,wordlist-2=3,wordlist-3=2
retailer	n	3	3	wordlist-1=3,wordlist-2=3,wordlist-3=3
retire	v	2	3	wordlist-1=2,wordlist-2=2,wordlist-3=2
retirement	n	3	3	wordlist-1=3,wordlist-2=2,wordlist-3=3
return	v	1	3	wordlist-1=1,wordlist-2=1,wordlist-3=1
reverse	v	3	3	wordlist-1=3,wordlist-2=2,wordlist-3=3
revise	v	3	3	wordlist-1=3,wordlist-2=2,wordlist-3=3
revision	n	3	3	wordlist-1=3,wordlist-2=3,wordlist-3=3
revolution	n	2	3	wordlist-1=2,wordlist-2=2,wordlist-3=2
revolve	v	3	3	wordlist-1=4,wordlist-2=3,wordlist-3=3
rhythm	n	2	3	wordlist-1=3,wordlist-2=2,wordlist-3=2
rib	n	3	3	wordlist-1=3,wordlist-2=3,wordlist-3=2
rice	n	1	3	wordlist-1=2,wordlist-2=1,wordlist-3=1
rich	adj	2	3	wordlist-1=2,wordlist-2=1,wordlist-3=2
ride	n	2	3	wordlist-1=2,wordlist-2=2,wordlist-3=2
ride	v	1	3	wordlist-1=1,wordlist-2=1,wordlist-3=2
ridge	n	3	3	wordlist-1=3,wordlist-2=3,wordlist-3=3
right	adj	1	3	wordlist-1=1,wordlist-2=1,wordlist-3=1
right	adv	1	3	wordlist-1=1,wordlist-2=1,wordlist-3=1
right	interj	2	3	wordlist-1=1,wordlist-2=2,wordlist-3=2
right	n	1	3	wordlist-1=1,wordlist-2=1,wordlist-3=2
ring	n	1	3	wordlist-1=1,wordlist-2=1,wordlist-3=1
ring	v	2	3	wordlist-1=1,wordlist-2=2,wordlist-3=2
rinse	v	3	3	wordlist-1=3,wordlist-2=3,wordlist-3=3
rip	v	3	3	wordlist-1=3,wordlist-2=3,wordlist-3=4
ripe	adj	3	3	wordlist-1=3,wordlist-2=3,wordlist-3=2
rise	v	1	3	wordlist-1=1,wordlist-2=1,wordlist-3=1
risk	n	2	3	wordlist-1=2,wordlist-2=1,wordlist-3=2
risk	v	2	3	wordlist-1=2,wordlist-2=2,wordlist-3=2
ritual	n	3	3	wordlist-1=3,wordlist-2=3,wordlist-3=3
river	n	1	3	wordlist-1=1,wordlist-2=1,wordlist-3=1
road	n	1	3	wordlist-1=1,wordlist-2=1,wordlist-3=1
roar	n	3	3	wordlist-1=4,wordlist-2=3,wordlist-3=3
roar	v	3	3	wordlist-1=3,wordlist-2=3,wordlist-3=3
roast	v	3	3	wordlist-1=3,wordlist-2=3,wordlist-3=3
rob	v	3	3	wordlist-1=3,wordlist-2=3,wordlist-3=3
robotic	adj	4	3	wordlist-1=4,wordlist-2=3,wordlist-3=4
rock	n	1	3	wordlist-1=1,wordlist-2=1,wordlist-3=1
rocky	adj	2	3	wordlist-1=3,wordlist-2=2,wordlist-3=2
roll	n	2	3	wordlist-1=2,wordlist-2=2,wordlist-3=1
roll	v	1	3	wordlist-1=2,wordlist-2=1,wordlist-3=1
roof	n	1	3	wordlist-1=2,wordlist-2=1,wordlist-3=1
room	n	1	3	wordlist-1=1,wordlist-2=1,wordlist-3=1
roommate	n	2	3	wordlist-1=3,wordlist-2=2,wordlist-3=2
root	n	2	3	wordlist-1=2,wordlist-2=1,wordlist-3=2
rope	n	2	3	wordlist-1=2,wordlist-2=2,wordlist-3=2
rot	n	3	3	wordlist-1=4,wordlist-2=3,wordlist-3=3
rot	v	3	3	wordlist-1=4,wordlist-2=3,wordlist-3=3
rotate	v	3	3	wordlist-1=3,wordlist-2=2,wordlist-3=3
rotten	adj	2	3	wordlist-1=3,wordlist-2=2,wordlist-3=2
rough	adj	1	3	wordlist-1=2,wordlist-2=1,wordlist-3=1
roughly	adv	2	3	wordlist-1=2,wordlist-2=2,wordlist-3=2
roughness	n	4	3	wordlist-1=4,wordlist-2=4,wordlist-3=4
round	adj	1	3	wordlist-1=2,wordlist-2=1,wordlist-3=1
roundabout	n	3	3	wordlist-1=4,wordlist-2=3,wordlist-3=3
route	n	2	3	wordlist-1=2,wordlist-2=2,wordlist-3=2
routine	adj	2	3	wordlist-1=3,wordlist-2=2,wordlist-3=2
routine	n	2	3	wordlist-1=2,wordlist-2=2,wordlist-3=2
routinely	adv	3	3	wordlist-1=3,wordlist-2=3,wordlist-3=3
rsvp	abbr	4	3	wordlist-1=4,wordlist-2=2,wordlist-3=4
rub	n	3	3	wordlist-1=3,wordlist-2=3,wordlist-3=3
rub	v	2	3	wordlist-1=2,wordlist-2=2,wordlist-3=2
rubber	n	2	3	wordlist-1=2,wordlist-2=2,wordlist-3=2
rude	adj	2	3	wordlist-1=2,wordlist-2=2,wordlist-3=2
rug	n	2	3	wordlist-1=3,wordlist-2=2,wordlist-3=2
ruin	n	2	3	wordlist-1=3,wordlist-2=2,wordlist-3=2
ruin	v	2	3	wordlist-1=3,wordlist-2=2,wordlist-3=2
rule	n	1	3	wordlist-1=1,wordlist-2=1,wordlist-3=1
rule	v	2	3	wordlist-1=2,wordlist-2=2,wordlist-3=1
run	v	1	3	wordlist-1=1,wordlist-2=1,wordlist-3=1
run away	phrv	2	3	wordlist-1=2,wordlist-2=2,wordlist-3=2
run out	phrv	2	3	wordlist-1=2,wordlist-2=2,wordlist-3=2
run over	phrv	3	3	wordlist-1=3,wordlist-2=2,wordlist-3=3
run-down	adj	3	3	wordlist-1=4,wordlist-2=3,wordlist-3=3
runway	n	3	3	wordlist-1=3,wordlist-2=3,wordlist-3=3
rural	adj	2	3	wordlist-1=3,wordlist-2=2,wordlist-3=2
rust	n	3	3	wordlist-1=3,wordlist-2=3,wordlist-3=3
rust	v	3	3	wordlist-1=4,wordlist-2=3,wordlist-3=3
sacred	adj	3	3	wordlist-1=3,wordlist-2=3,wordlist-3=3
sad	adj	1	3	wordlist-1=1,wordlist-2=1,wordlist-3=1
safe	adj	1	3	wordlist-1=1,wordlist-2=1,wordlist-3=1
safely	adv	2	3	wordlist-1=2,wordlist-2=2,wordlist-3=2
safety	n	2	3	wordlist-1=2,wordlist-2=1,wordlist-3=2
sail	n	2	3	wordlist-1=3,wordlist-2=2,wordlist-3=2
sail	v	2	3	wordlist-1=3,wordlist-2=2,wordlist-3=2
salad	n	2	3	wordlist-1=2,wordlist-2=1,wordlist-3=2
salary	n	2	3	wordlist-1=2,wordlist-2=2,wordlist-3=2
sale	n	2	3	wordlist-1=2,wordlist-2=1,wordlist-3=2
saliva	n	4	3	wordlist-1=4,wordlist-2=3,wordlist-3=4
salon	n	3	3	wordlist-1=3,wordlist-2=2,wordlist-3=3
salt	n	1	3	wordlist-1=2,wordlist-2=1,wordlist-3=1
salty	adj	3	3	wordlist-1=3,wordlist-2=2,wordlist-3=3
same	adj	1	3	wordlist-1=1,wordlist-2=1,wordlist-3=1
sample	n	2	3	wordlist-1=2,wordlist-2=2,wordlist-3=2
sanction	n	3	3	wordlist-1=3,wordlist-2=3,wordlist-3=3
sanction	v	3	3	wordlist-1=3,wordlist-2=3,wordlist-3=3
sand	n	2	3	wordlist-1=2,wordlist-2=1,wordlist-3=2
sandal	n	3	3	wordlist-1=4,wordlist-2=2,wordlist-3=3
sandy	adj	3	3	wordlist-1=3,wordlist-2=3,wordlist-3=3
sanitary	adj	4	3	wordlist-1=4,wordlist-2=3,wordlist-3=4
satisfaction	n	2	3	wordlist-1=3,wordlist-2=2,wordlist-3=2
satisfied	adj	2	3	wordlist-1=3,wordlist-2=2,wordlist-3=2
satisfy	v	2	3	wordlist-1=3,wordlist-2=2,wordlist-3=2
sauce	n	2	3	wordlist-1=2,wordlist-2=2,wordlist-3=2
saucepan	n	3	3	wordlist-1=4,wordlist-2=3,wordlist-3=3
sausage	n	2	3	wordlist-1=3,wordlist-2=2,wordlist-3=2
save	prep	4	3	wordlist-1=4,wordlist-2=4,wordlist-3=3
save	v	1	3	wordlist-1=1,wordlist-2=1,wordlist-3=1
savory	adj	4	3	wordlist-1=4,wordlist-2=3,wordlist-3=4
say	v	1	3	wordlist-1=1,wordlist-2=1,wordlist-3=1
scale	n	2	3	wordlist-1=2,wordlist-2=2,wordlist-3=2
scan	n	3	3	wordlist-1=3,wordlist-2=2,wordlist-3=3
scan	v	3	3	wordlist-1=3,wordlist-2=2,wordlist-3=3
scandal	n	3	3	wordlist-1=3,wordlist-2=2,wordlist-3=3
scar	n	3	3	wordlist-1=3,wordlist-2=2,wordlist-3=3
scarcely	adv	3	3	wordlist-1=4,wordlist-2=3,wordlist-3=3
scarf	n	3	3	wordlist-1=3,wordlist-2=2,wordlist-3=3
scatter	v	3	3	wordlist-1=3,wordlist-2=2,wordlist-3=3
scene	n	2	3	wordlist-1=2,wordlist-2=1,wordlist-3=2
scenic	adj	3	3	wordlist-1=3,wordlist-2=3,wordlist-3=4
scent	n	3	3	wordlist-1=3,wordlist-2=3,wordlist-3=3
schedule	n	2	3	wordlist-1=2,wordlist-2=1,wordlist-3=2
scholarship	n	3	3	wordlist-1=3,wordlist-2=2,wordlist-3=3
school	n	1	3	wordlist-1=1,wordlist-2=1,wordlist-3=1
science	n	2	3	wordlist-1=2,wordlist-2=1,wordlist-3=2
scientific	adj	2	3	wordlist-1=3,wordlist-2=2,wordlist-3=2
scissors	n	2	3	wordlist-1=3,wordlist-2=2,wordlist-3=2
scooter	n	3	3	wordlist-1=3,wordlist-2=2,wordlist-3=3
scope	n	3	3	wordlist-1=3,wordlist-2=2,wordlist-3=3
score	n	2	3	wordlist-1=2,wordlist-2=1,wordlist-3=2
score	v	2	3	wordlist-1=2,wordlist-2=2,wordlist-3=2
scrape	n	3	3	wordlist-1=4,wordlist-2=3,wordlist-3=3
scrape	v	3	3	wordlist-1=3,wordlist-2=2,wordlist-3=3
scratch	n	3	3	wordlist-1=3,wordlist-2=2,wordlist-3=3
scratch	v	3	3	wordlist-1=3,wordlist-2=2,wordlist-3=3
screen	n	2	3	wordlist-1=2,wordlist-2=1,wordlist-3=2
screwdriver	n	3	3	wordlist-1=4,wordlist-2=3,wordlist-3=3
scrub	v	3	3	wordlist-1=3,wordlist-2=3,wordlist-3=3
scruffy	adj	4	3	wordlist-1=4,wordlist-2=3,wordlist-3=4
scrutiny	n	4	3	wordlist-1=4,wordlist-2=3,wordlist-3=4
sculpture	n	3	3	wordlist-1=3,wordlist-2=2,wordlist-3=3
sea	n	1	3	wordlist-1=1,wordlist-2=1,wordlist-3=1
seafood	n	3	3	wordlist-1=3,wordlist-2=2,wordlist-3=3
seam	n	3	3	wordlist-1=3,wordlist-2=3,wordlist-3=4
search	n	2	3	wordlist-1=2,wordlist-2=1,wordlist-3=2
search	v	2	3	wordlist-1=2,wordlist-2=1,wordlist-3=2
season	n	2	3	wordlist-1=2,wordlist-2=1,wordlist-3=2
season	v	3	3	wordlist-1=3,wordlist-2=3,wordlist-3=3
seasoning	n	3	3	wordlist-1=3,wordlist-2=3,wordlist-3=3
seat	n	2	3	wordlist-1=2,wordlist-2=1,wordlist-3=2
seat	v	3	3	wordlist-1=3,wordlist-2=3,wordlist-3=2
sec.	abbr	4	3	wordlist-1=4,wordlist-2=2,wordlist-3=4
second	adj	1	3	wordlist-1=1,wordlist-2=1,wordlist-3=1
second	n	1	3	wordlist-1=1,wordlist-2=1,wordlist-3=2
second	num	1	3	wordlist-1=1,wordlist-2=1,wordlist-3=1
secondary	adj	2	3	wordlist-1=3,wordlist-2=2,wordlist-3=2
secret	adj	2	3	wordlist-1=2,wordlist-2=1,wordlist-3=2
secret	n	2	3	wordlist-1=2,wordlist-2=2,wordlist-3=2
secure	adj	2	3	wordlist-1=2,wordlist-2=2,wordlist-3=2
security	n	2	3	wordlist-1=2,wordlist-2=1,wordlist-3=2
sediment	n	4	3	wordlist-1=4,wordlist-2=4,wordlist-3=4
see	v	1	3	wordlist-1=1,wordlist-2=1,wordlist-3=1
see you	phr	1	3	wordlist-1=1,wordlist-2=1,wordlist-3=1
seed	n	2	3	wordlist-1=2,wordlist-2=1,wordlist-3=2
seed	v	3	3	wordlist-1=3,wordlist-2=3,wordlist-3=3
seem	v	1	3	wordlist-1=1,wordlist-2=1,wordlist-3=1
seemingly	adv	3	3	wordlist-1=4,wordlist-2=3,wordlist-3=3
segment	n	3	3	wordlist-1=3,wordlist-2=2,wordlist-3=3
seizure	n	3	3	wordlist-1=3,wordlist-2=3,wordlist-3=4
seldom	adv	3	3	wordlist-1=3,wordlist-2=3,wordlist-3=3
self-	comb	3	3	wordlist-1=3,wordlist-2=2,wordlist-3=3
selfish	adj	3	3	wordlist-1=3,wordlist-2=2,wordlist-3=3
selfless	adj	4	3	wordlist-1=4,wordlist-2=3,wordlist-3=4
sell	v	1	3	wordlist-1=1,wordlist-2=1,wordlist-3=2
seller	n	2	3	wordlist-1=3,wordlist-2=2,wordlist-3=2
semi-	prefix	3	3	wordlist-1=3,wordlist-2=2,wordlist-3=3
seminar	n	3	3	wordlist-1=3,wordlist-2=2,wordlist-3=3
senate	n	3	3	wordlist-1=3,wordlist-2=2,wordlist-3=3
send	v	1	3	wordlist-1=1,wordlist-2=1,wordlist-3=1
sense	n	1	3	wordlist-1=1,wordlist-2=1,wordlist-3=1
sense	v	2	3	wordlist-1=2,wordlist-2=2,wordlist-3=2
sensible	adj	2	3	wordlist-1=3,wordlist-2=2,wordlist-3=2
sensitive	adj	2	3	wordlist-1=2,wordlist-2=2,wordlist-3=2
sentence	n	1	3	wordlist-1=2,wordlist-2=1,wordlist-3=1
sentence	v	2	3	wordlist-1=3,wordlist-2=2,wordlist-3=2
separate	adj	2	3	wordlist-1=2,wordlist-2=2,wordlist-3=2
separate	v	2	3	wordlist-1=2,wordlist-2=2,wordlist-3=2
serious	adj	1	3	wordlist-1=1,wordlist-2=1,wordlist-3=1
seriously	adv	1	3	wordlist-1=2,wordlist-2=1,wordlist-3=1
serve	v	1	3	wordlist-1=2,wordlist-2=1,wordlist-3=1
server	n	2	3	wordlist-1=3,wordlist-2=2,wordlist-3=2
service	n	1	3	wordlist-1=2,wordlist-2=1,wordlist-3=1
serving	n	3	3	wordlist-1=3,wordlist-2=2,wordlist-3=3
set	v	1	3	wordlist-1=1,wordlist-2=1,wordlist-3=1
set off	phrv	2	3	wordlist-1=3,wordlist-2=2,wordlist-3=2
set up	phrv	1	3	wordlist-1=2,wordlist-2=1,wordlist-3=1
seven	num	1	3	wordlist-1=1,wordlist-2=1,wordlist-3=1
several	det	1	3	wordlist-1=2,wordlist-2=1,wordlist-3=1
several	pron	2	3	wordlist-1=2,wordlist-2=2,wordlist-3=2
severe	adj	2	3	wordlist-1=3,wordlist-2=2,wordlist-3=2
sew	v	3	3	wordlist-1=3,wordlist-2=2,wordlist-3=3
sex	n	1	3	wordlist-1=2,wordlist-2=1,wordlist-3=1
shabby	adj	3	3	wordlist-1=4,wordlist-2=3,wordlist-3=3
shade	n	2	3	wordlist-1=3,wordlist-2=2,wordlist-3=2
shadow	n	2	3	wordlist-1=3,wordlist-2=2,wordlist-3=2
shake	n	3	3	wordlist-1=3,wordlist-2=2,wordlist-3=3
shake	v	1	3	wordlist-1=2,wordlist-2=1,wordlist-3=1
shall	modal	2	3	wordlist-1=3,wordlist-2=2,wordlist-3=1
shallow	adj	2	3	wordlist-1=3,wordlist-2=2,wordlist-3=2
shame	n	2	3	wordlist-1=2,wordlist-2=2,wordlist-3=2
shampoo	n	3	3	wordlist-1=3,wordlist-2=2,wordlist-3=3
shampoo	v	4	3	wordlist-1=4,wordlist-2=3,wordlist-3=4
shape	n	1	3	wordlist-1=1,wordlist-2=1,wordlist-3=1
shape	v	2	3	wordlist-1=1,wordlist-2=2,wordlist-3=2
share	v	1	3	wordlist-1=1,wordlist-2=1,wordlist-3=1
sharp	adj	2	3	wordlist-1=2,wordlist-2=1,wordlist-3=2
shave	v	2	3	wordlist-1=3,wordlist-2=2,wordlist-3=2
she	pron	1	3	wordlist-1=1,wordlist-2=1,wordlist-3=1
shed	n	3	3	wordlist-1=3,wordlist-2=2,wordlist-3=3
sheep	n	2	3	wordlist-1=2,wordlist-2=1,wordlist-3=2
sheet	n	2	3	wordlist-1=2,wordlist-2=2,wordlist-3=2
shelf	n	2	3	wordlist-1=3,wordlist-2=2,wordlist-3=2
shell	n	2	3	wordlist-1=3,wordlist-2=2,wordlist-3=2
shh	interj	4	3	wordlist-1=5,wordlist-2=3,wordlist-3=4
shift	n	2	3	wordlist-1=2,wordlist-2=2,wordlist-3=2
shift	v	2	3	wordlist-1=2,wordlist-2=2,wordlist-3=2
shine	v	2	3	wordlist-1=3,wordlist-2=2,wordlist-3=2
ship	n	1	3	wordlist-1=2,wordlist-2=1,wordlist-3=1
shirt	n	1	3	wordlist-1=2,wordlist-2=1,wordlist-3=1
shock	n	2	3	wordlist-1=2,wordlist-2=2,wordlist-3=2
shock	v	2	3	wordlist-1=2,wordlist-2=2,wordlist-3=2
shoe	n	1	3	wordlist-1=2,wordlist-2=1,wordlist-3=1
shoelace	n	4	3	wordlist-1=4,wordlist-2=3,wordlist-3=4
shop	n	1	3	wordlist-1=1,wordlist-2=1,wordlist-3=1
shop	v	1	3	wordlist-1=1,wordlist-2=1,wordlist-3=2
shore	n	2	3	wordlist-1=3,wordlist-2=2,wordlist-3=2
short	adj	1	3	wordlist-1=1,wordlist-2=1,wordlist-3=1
shortly	adv	2	3	wordlist-1=3,wordlist-2=2,wordlist-3=2
should	modal	1	3	wordlist-1=1,wordlist-2=1,wordlist-3=1
shoulder	n	1	3	wordlist-1=2,wordlist-2=1,wordlist-3=1
shout	n	2	3	wordlist-1=3,wordlist-2=2,wordlist-3=2
shout	v	2	3	wordlist-1=3,wordlist-2=1,wordlist-3=2
show	n	1	3	wordlist-1=1,wordlist-2=1,wordlist-3=2
show	v	1	3	wordlist-1=1,wordlist-2=1,wordlist-3=1
show up	phrv	2	3	wordlist-1=2,wordlist-2=1,wordlist-3=2
shower	n	2	3	wordlist-1=2,wordlist-2=1,wordlist-3=2
shower	v	3	3	wordlist-1=3,wordlist-2=2,wordlist-3=3
shrewd	adj	3	3	wordlist-1=4,wordlist-2=3,wordlist-3=3
shrink	v	2	3	wordlist-1=3,wordlist-2=2,wordlist-3=2
shut	v	1	3	wordlist-1=2,wordlist-2=1,wordlist-3=1
shut up	phrv	2	3	wordlist-1=2,wordlist-2=2,wordlist-3=3
shy	adj	2	3	wordlist-1=3,wordlist-2=2,wordlist-3=2
sick	adj	1	3	wordlist-1=2,wordlist-2=1,wordlist-3=1
sickness	n	3	3	wordlist-1=3,wordlist-2=3,wordlist-3=3
side	n	1	3	wordlist-1=1,wordlist-2=1,wordlist-3=1
sidewalk	n	3	3	wordlist-1=3,wordlist-2=2,wordlist-3=3
sideways	adv	3	3	wordlist-1=4,wordlist-2=3,wordlist-3=3
sight	n	2	3	wordlist-1=2,wordlist-2=2,wordlist-3=2
sign	n	1	3	wordlist-1=1,wordlist-2=1,wordlist-3=2
sign	v	1	3	wordlist-1=1,wordlist-2=1,wordlist-3=2
significant	adj	2	3	wordlist-1=3,wordlist-2=1,wordlist-3=2
significantly	adv	2	3	wordlist-1=4,wordlist-2=2,wordlist-3=2
silence	n	2	3	wordlist-1=2,wordlist-2=2,wordlist-3=2
silent	adj	2	3	wordlist-1=3,wordlist-2=2,wordlist-3=2
silk	n	2	3	wordlist-1=3,wordlist-2=2,wordlist-3=2
silly	adj	2	3	wordlist-1=2,wordlist-2=2,wordlist-3=2
silver	adj	2	3	wordlist-1=3,wordlist-2=2,wordlist-3=2
silver	n	2	3	wordlist-1=3,wordlist-2=2,wordlist-3=2
similar	adj	2	3	wordlist-1=2,wordlist-2=1,wordlist-3=2
similarity	n	3	3	wordlist-1=4,wordlist-2=2,wordlist-3=3
similarly	adv	2	3	wordlist-1=3,wordlist-2=2,wordlist-3=2
simmer	v	3	3	wordlist-1=4,wordlist-2=3,wordlist-3=3
simple	adj	1	3	wordlist-1=1,wordlist-2=1,wordlist-3=1
simply	adv	1	3	wordlist-1=2,wordlist-2=1,wordlist-3=1
since	conj	1	3	wordlist-1=1,wordlist-2=1,wordlist-3=1
since	prep	1	3	wordlist-1=1,wordlist-2=1,wordlist-3=1
sincere	adj	3	3	wordlist-1=3,wordlist-2=3,wordlist-3=3
sing	v	1	3	wordlist-1=2,wordlist-2=1,wordlist-3=1
singer	n	2	3	wordlist-1=3,wordlist-2=1,wordlist-3=2
single	adj	2	3	wordlist-1=2,wordlist-2=1,wordlist-3=2
singular	n	4	3	wordlist-1=5,wordlist-2=3,wordlist-3=4
sink	n	2	3	wordlist-1=2,wordlist-2=2,wordlist-3=3
sink	v	2	3	wordlist-1=2,wordlist-2=2,wordlist-3=2
sip	v	3	3	wordlist-1=4,wordlist-2=3,wordlist-3=3
sister	n	1	3	wordlist-1=2,wordlist-2=1,wordlist-3=1
sister-in-law	n	4	3	wordlist-1=4,wordlist-2=3,wordlist-3=4
sit	v	1	3	wordlist-1=1,wordlist-2=1,wordlist-3=1
sit down	phrv	1	3	wordlist-1=2,wordlist-2=1,wordlist-3=1
situation	n	1	3	wordlist-1=1,wordlist-2=1,wordlist-3=1
six	num	1	3	wordlist-1=1,wordlist-2=1,wordlist-3=1
size	n	1	3	wordlist-1=2,wordlist-2=1,wordlist-3=1
skeptical	adj	3	3	wordlist-1=3,wordlist-2=3,wordlist-3=3
skill	n	2	3	wordlist-1=2,wordlist-2=1,wordlist-3=2
skilled	adj	2	3	wordlist-1=3,wordlist-2=2,wordlist-3=2
skin	n	1	3	wordlist-1=2,wordlist-2=1,wordlist-3=1
skirt	n	2	3	wordlist-1=3,wordlist-2=2,wordlist-3=2
skull	n	3	3	wordlist-1=3,wordlist-2=3,wordlist-3=3
sky	n	1	3	wordlist-1=2,wordlist-2=1,wordlist-3=1
skyscraper	n	3	3	wordlist-1=4,wordlist-2=3,wordlist-3=3
slaughter	v	3	3	wordlist-1=4,wordlist-2=3,wordlist-3=3
sleep	n	2	3	wordlist-1=2,wordlist-2=1,wordlist-3=2
sleep	v	1	3	wordlist-1=1,wordlist-2=1,wordlist-3=2
sleepless	adj	4	3	wordlist-1=4,wordlist-2=3,wordlist-3=4
sleet	n	4	3	wordlist-1=4,wordlist-2=4,wordlist-3=4
sleeve	n	2	3	wordlist-1=3,wordlist-2=2,wordlist-3=2
slice	n	2	3	wordlist-1=3,wordlist-2=2,wordlist-3=2
slice	v	3	3	wordlist-1=3,wordlist-2=2,wordlist-3=3
slide	n	3	3	wordlist-1=3,wordlist-2=2,wordlist-3=3
slide	v	2	3	wordlist-1=2,wordlist-2=2,wordlist-3=2
slight	adj	2	3	wordlist-1=3,wordlist-2=2,wordlist-3=2
slightly	adv	2	3	wordlist-1=3,wordlist-2=2,wordlist-3=2
slim	adj	2	3	wordlist-1=3,wordlist-2=2,wordlist-3=2
slippery	adj	3	3	wordlist-1=3,wordlist-2=2,wordlist-3=3
slope	n	2	3	wordlist-1=3,wordlist-2=2,wordlist-3=2
slow	adj	1	3	wordlist-1=2,wordlist-2=1,wordlist-3=1
slow down	phrv	2	3	wordlist-1=2,wordlist-2=2,wordlist-3=2
slowly	adv	1	3	wordlist-1=2,wordlist-2=1,wordlist-3=1
small	adj	1	3	wordlist-1=1,wordlist-2=1,wordlist-3=1
smart	adj	2	3	wordlist-1=2,wordlist-2=1,wordlist-3=2
smartphone	n	2	3	wordlist-1=3,wordlist-2=2,wordlist-3=2
smash	v	3	3	wordlist-1=3,wordlist-2=2,wordlist-3=3
smell	n	2	3	wordlist-1=3,wordlist-2=2,wordlist-3=2
smell	v	2	3	wordlist-1=2,wordlist-2=1,wordlist-3=2
smile	n	2	3	wordlist-1=2,wordlist-2=1,wordlist-3=2
smog	n	4	3	wordlist-1=4,wordlist-2=3,wordlist-3=4
smoke	n	2	3	wordlist-1=2,wordlist-2=1,wordlist-3=2
smooth	adj	2	3	wordlist-1=3,wordlist-2=2,wordlist-3=2
smooth	v	3	3	wordlist-1=4,wordlist-2=3,wordlist-3=3
smoothness	n	4	3	wordlist-1=5,wordlist-2=4,wordlist-3=4
sms	abbr	4	3	wordlist-1=4,wordlist-2=3,wordlist-3=4
snack	n	2	3	wordlist-1=3,wordlist-2=2,wordlist-3=2
snake	n	2	3	wordlist-1=3,wordlist-2=2,wordlist-3=2
sneaker	n	3	3	wordlist-1=4,wordlist-2=3,wordlist-3=3
sneeze	n	3	3	wordlist-1=4,wordlist-2=3,wordlist-3=3
sneeze	v	3	3	wordlist-1=3,wordlist-2=3,wordlist-3=3
snow	n	1	3	wordlist-1=2,wordlist-2=1,wordlist-3=1
snow	v	2	3	wordlist-1=2,wordlist-2=2,wordlist-3=2
so	adv	1	3	wordlist-1=1,wordlist-2=1,wordlist-3=1
so	conj	1	3	wordlist-1=1,wordlist-2=1,wordlist-3=1
soak	v	2	3	wordlist-1=2,wordlist-2=2,wordlist-3=2
soap	n	2	3	wordlist-1=2,wordlist-2=2,wordlist-3=2
sociable	adj	3	3	wordlist-1=3,wordlist-2=3,wordlist-3=3
social	adj	1	3	wordlist-1=1,wordlist-2=1,wordlist-3=1
society	n	1	3	wordlist-1=2,wordlist-2=1,wordlist-3=1
sock	n	2	3	wordlist-1=2,wordlist-2=2,wordlist-3=2
socket	n	3	3	wordlist-1=3,wordlist-2=3,wordlist-3=3
sofa	n	2	3	wordlist-1=2,wordlist-2=2,wordlist-3=2
soft	adj	1	3	wordlist-1=1,wordlist-2=1,wordlist-3=1
soften	v	3	3	wordlist-1=3,wordlist-2=3,wordlist-3=3
softness	n	4	3	wordlist-1=4,wordlist-2=4,wordlist-3=4
software	n	2	3	wordlist-1=2,wordlist-2=2,wordlist-3=1
soil	n	2	3	wordlist-1=2,wordlist-2=2,wordlist-3=2
soldier	n	2	3	wordlist-1=2,wordlist-2=2,wordlist-3=2
sole	n	3	3	wordlist-1=3,wordlist-2=3,wordlist-3=3
solid	adj	2	3	wordlist-1=2,wordlist-2=2,wordlist-3=1
solid	n	3	3	wordlist-1=3,wordlist-2=3,wordlist-3=2
solidify	v	4	3	wordlist-1=4,wordlist-2=4,wordlist-3=4
solstice	n	4	3	wordlist-1=4,wordlist-2=4,wordlist-3=4
solution	n	2	3	wordlist-1=2,wordlist-2=1,wordlist-3=2
solve	v	2	3	wordlist-1=2,wordlist-2=2,wordlist-3=2
some	det	1	3	wordlist-1=1,wordlist-2=1,wordlist-3=1
some	pron	1	3	wordlist-1=1,wordlist-2=1,wordlist-3=1
somebody	pron	1	3	wordlist-1=1,wordlist-2=1,wordlist-3=2
someone	pron	1	3	wordlist-1=1,wordlist-2=1,wordlist-3=1
something	pron	1	3	wordlist-1=1,wordlist-2=1,wordlist-3=1
sometimes	adv	1	3	wordlist-1=1,wordlist-2=1,wordlist-3=1
somewhat	adv	2	3	wordlist-1=2,wordlist-2=2,wordlist-3=2
somewhere	adv	1	3	wordlist-1=1,wordlist-2=1,wordlist-3=2
son	n	1	3	wordlist-1=1,wordlist-2=1,wordlist-3=1
song	n	1	3	wordlist-1=1,wordlist-2=1,wordlist-3=1
soon	adv	1	3	wordlist-1=1,wordlist-2=1,wordlist-3=1
sore	adj	2	3	wordlist-1=2,wordlist-2=2,wordlist-3=2
sorrow	n	3	3	wordlist-1=3,wordlist-2=3,wordlist-3=3
sorry	adj	1	3	wordlist-1=1,wordlist-2=1,wordlist-3=1
sorry	interj	1	3	wordlist-1=2,wordlist-2=1,wordlist-3=1
sort	n	1	3	wordlist-1=1,wordlist-2=1,wordlist-3=2
soul	n	2	3	wordlist-1=2,wordlist-2=2,wordlist-3=2
sound	n	1	3	wordlist-1=1,wordlist-2=1,wordlist-3=1
sound	v	1	3	wordlist-1=1,wordlist-2=1,wordlist-3=2
soup	n	2	3	wordlist-1=2,wordlist-2=2,wordlist-3=2
sour	adj	3	3	wordlist-1=2,wordlist-2=3,wordlist-3=3
sow	v	3	3	wordlist-1=3,wordlist-2=3,wordlist-3=4
space	n	1	3	wordlist-1=1,wordlist-2=1,wordlist-3=1
spacious	adj	3	3	wordlist-1=3,wordlist-2=3,wordlist-3=4
spam	n	2	3	wordlist-1=2,wordlist-2=2,wordlist-3=2
span	n	3	3	wordlist-1=3,wordlist-2=3,wordlist-3=3
spark	n	2	3	wordlist-1=2,wordlist-2=2,wordlist-3=3
sparkle	n	3	3	wordlist-1=3,wordlist-2=3,wordlist-3=4
sparkle	v	3	3	wordlist-1=3,wordlist-2=3,wordlist-3=4
spasm	n	4	3	wordlist-1=4,wordlist-2=4,wordlist-3=4
speak	v	1	3	wordlist-1=1,wordlist-2=1,wordlist-3=1
speak up	phrv	2	3	wordlist-1=2,wordlist-2=2,wordlist-3=3
speaker	n	2	3	wordlist-1=2,wordlist-2=2,wordlist-3=2
special	adj	1	3	wordlist-1=1,wordlist-2=1,wordlist-3=1
specialize	v	3	3	wordlist-1=3,wordlist-2=2,wordlist-3=3
specially	adv	3	3	wordlist-1=3,wordlist-2=2,wordlist-3=3
species	n	2	3	wordlist-1=2,wordlist-2=2,wordlist-3=2
specific	adj	2	3	wordlist-1=2,wordlist-2=2,wordlist-3=2
specimen	n	3	3	wordlist-1=4,wordlist-2=3,wordlist-3=3
spectator	n	3	3	wordlist-1=3,wordlist-2=3,wordlist-3=3
speculate	v	3	3	wordlist-1=3,wordlist-2=3,wordlist-3=3
speculation	n	3	3	wordlist-1=3,wordlist-2=3,wordlist-3=3
speech	n	2	3	wordlist-1=1,wordlist-2=2,wordlist-3=2
speed	n	1	3	wordlist-1=1,wordlist-2=1,wordlist-3=2
speed up	phrv	2	3	wordlist-1=2,wordlist-2=2,wordlist-3=3
spell	v	2	3	wordlist-1=2,wordlist-2=2,wordlist-3=2
spelling	n	2	3	wordlist-1=2,wordlist-2=2,wordlist-3=3
spend	v	1	3	wordlist-1=1,wordlist-2=1,wordlist-3=1
spice	n	3	3	wordlist-1=2,wordlist-2=3,wordlist-3=3
spicy	adj	2	3	wordlist-1=2,wordlist-2=2,wordlist-3=3
spill	n	3	3	wordlist-1=3,wordlist-2=3,wordlist-3=4
spill	v	2	3	wordlist-1=2,wordlist-2=2,wordlist-3=2
spine	n	3	3	wordlist-1=3,wordlist-2=3,wordlist-3=3
spirit	n	2	3	wordlist-1=2,wordlist-2=2,wordlist-3=2
spiritual	adj	2	3	wordlist-1=3,wordlist-2=2,wordlist-3=2
splendid	adj	3	3	wordlist-1=3,wordlist-2=3,wordlist-3=3
split	n	3	3	wordlist-1=2,wordlist-2=3,wordlist-3=3
split	v	2	3	wordlist-1=2,wordlist-2=2,wordlist-3=2
split up	phrv	2	3	wordlist-1=2,wordlist-2=2,wordlist-3=3
split up	v	2	3	wordlist-1=2,wordlist-2=2,wordlist-3=3
spoken	adj	3	3	wordlist-1=2,wordlist-2=3,wordlist-3=3
sponge	n	3	3	wordlist-1=3,wordlist-2=3,wordlist-3=3
spoon	n	2	3	wordlist-1=2,wordlist-2=2,wordlist-3=2
sport	n	1	3	wordlist-1=1,wordlist-2=1,wordlist-3=2
spouse	n	3	3	wordlist-1=3,wordlist-2=3,wordlist-3=2
sprain	n	4	3	wordlist-1=4,wordlist-2=4,wordlist-3=3
sprain	v	4	3	wordlist-1=4,wordlist-2=3,wordlist-3=4
spray	n	2	3	wordlist-1=2,wordlist-2=2,wordlist-3=3
spray	v	2	3	wordlist-1=2,wordlist-2=2,wordlist-3=3
spread	n	2	3	wordlist-1=2,wordlist-2=2,wordlist-3=3
spread	v	1	3	wordlist-1=1,wordlist-2=1,wordlist-3=2
spring	n	1	3	wordlist-1=1,wordlist-2=1,wordlist-3=2
square	adj	2	3	wordlist-1=2,wordlist-2=2,wordlist-3=2
square	n	2	3	wordlist-1=1,wordlist-2=2,wordlist-3=2
squeeze	v	2	3	wordlist-1=2,wordlist-2=2,wordlist-3=2
st	abbr	3	3	wordlist-1=3,wordlist-2=2,wordlist-3=4
stable	n	3	3	wordlist-1=3,wordlist-2=3,wordlist-3=3
stack	v	3	3	wordlist-1=3,wordlist-2=3,wordlist-3=3
stadium	n	2	3	wordlist-1=2,wordlist-2=2,wordlist-3=2
staff	n	1	3	wordlist-1=1,wordlist-2=1,wordlist-3=2
stage	n	1	3	wordlist-1=1,wordlist-2=1,wordlist-3=1
stain	n	3	3	wordlist-1=3,wordlist-2=3,wordlist-3=3
stain	v	3	3	wordlist-1=3,wordlist-2=3,wordlist-3=3
stairs	n	2	3	wordlist-1=1,wordlist-2=2,wordlist-3=2
stall	n	3	3	wordlist-1=3,wordlist-2=3,wordlist-3=3
stance	n	3	3	wordlist-1=3,wordlist-2=3,wordlist-3=3
stand	v	1	3	wordlist-1=1,wordlist-2=1,wordlist-3=1
stand for	phrv	2	3	wordlist-1=2,wordlist-2=2,wordlist-3=3
stand up	phrv	2	3	wordlist-1=1,wordlist-2=2,wordlist-3=2
standard	adj	2	3	wordlist-1=2,wordlist-2=2,wordlist-3=2
standard	n	2	3	wordlist-1=2,wordlist-2=2,wordlist-3=2
star	n	1	3	wordlist-1=1,wordlist-2=1,wordlist-3=1
stare	v	2	3	wordlist-1=2,wordlist-2=2,wordlist-3=2
start	n	1	3	wordlist-1=1,wordlist-2=1,wordlist-3=2
start	v	1	3	wordlist-1=1,wordlist-2=1,wordlist-3=1
start out	phrv	3	3	wordlist-1=2,wordlist-2=3,wordlist-3=3
start over	phrv	3	3	wordlist-1=3,wordlist-2=3,wordlist-3=3
starter	n	3	3	wordlist-1=3,wordlist-2=3,wordlist-3=3
state	n	1	3	wordlist-1=1,wordlist-2=1,wordlist-3=1
state	v	2	3	wordlist-1=2,wordlist-2=2,wordlist-3=2
statement	n	2	3	wordlist-1=2,wordlist-2=2,wordlist-3=2
station	n	1	3	wordlist-1=1,wordlist-2=1,wordlist-3=2
stationary	adj	4	3	wordlist-1=4,wordlist-2=4,wordlist-3=4
statistical	adj	3	3	wordlist-1=4,wordlist-2=3,wordlist-3=3
statue	n	3	3	wordlist-1=3,wordlist-2=2,wordlist-3=3
stay	v	1	3	wordlist-1=1,wordlist-2=1,wordlist-3=1
stay away	phrv	3	3	wordlist-1=3,wordlist-2=2,wordlist-3=3
steal	v	2	3	wordlist-1=2,wordlist-2=2,wordlist-3=2
steam	n	2	3	wordlist-1=2,wordlist-2=2,wordlist-3=2
steam	v	3	3	wordlist-1=3,wordlist-2=3,wordlist-3=3
steep	adj	3	3	wordlist-1=3,wordlist-2=2,wordlist-3=3
steering	n	3	3	wordlist-1=3,wordlist-2=3,wordlist-3=4
stem	n	3	3	wordlist-1=2,wordlist-2=3,wordlist-3=3
step	n	1	3	wordlist-1=1,wordlist-2=1,wordlist-3=2
step	v	2	3	wordlist-1=2,wordlist-2=2,wordlist-3=2
stepdaughter	n	4	3	wordlist-1=4,wordlist-2=4,wordlist-3=4
stepfather	n	4	3	wordlist-1=4,wordlist-2=3,wordlist-3=4
stepmother	n	4	3	wordlist-1=4,wordlist-2=3,wordlist-3=4
stepson	n	4	3	wordlist-1=4,wordlist-2=4,wordlist-3=4
stew	n	3	3	wordlist-1=3,wordlist-2=3,wordlist-3=3
stew	v	3	3	wordlist-1=3,wordlist-2=4,wordlist-3=3
stick	v	1	3	wordlist-1=1,wordlist-2=1,wordlist-3=2
sticky	adj	3	3	wordlist-1=2,wordlist-2=3,wordlist-3=3
stiff	adj	2	3	wordlist-1=3,wordlist-2=2,wordlist-3=2
stiffen	v	4	3	wordlist-1=4,wordlist-2=4,wordlist-3=4
stiffness	n	4	3	wordlist-1=4,wordlist-2=4,wordlist-3=4
still	adv	1	3	wordlist-1=1,wordlist-2=1,wordlist-3=1
stink	n	4	3	wordlist-1=3,wordlist-2=4,wordlist-3=4
stink	v	2	3	wordlist-1=3,wordlist-2=2,wordlist-3=2
stir	v	2	3	wordlist-1=3,wordlist-2=2,wordlist-3=1
stitch	n	2	3	wordlist-1=4,wordlist-2=2,wordlist-3=2
stomach	n	1	3	wordlist-1=1,wordlist-2=1,wordlist-3=1
stone	n	1	3	wordlist-1=1,wordlist-2=1,wordlist-3=1
stop	n	1	3	wordlist-1=1,wordlist-2=1,wordlist-3=1
stop	v	1	3	wordlist-1=1,wordlist-2=1,wordlist-3=1
stop by	phrv	2	3	wordlist-1=3,wordlist-2=2,wordlist-3=2
storage	n	2	3	wordlist-1=3,wordlist-2=2,wordlist-3=2
store	n	1	3	wordlist-1=1,wordlist-2=1,wordlist-3=1
store	v	2	3	wordlist-1=2,wordlist-2=1,wordlist-3=2
storefront	n	3	3	wordlist-1=4,wordlist-2=3,wordlist-3=3
storm	n	1	3	wordlist-1=2,wordlist-2=1,wordlist-3=1
story	n	1	3	wordlist-1=1,wordlist-2=1,wordlist-3=1
stove	n	2	3	wordlist-1=2,wordlist-2=2,wordlist-3=2
straight	adj	1	3	wordlist-1=1,wordlist-2=1,wordlist-3=1
straight	adv	1	3	wordlist-1=2,wordlist-2=1,wordlist-3=1
straightforward	adj	2	3	wordlist-1=2,wordlist-2=2,wordlist-3=2
straightforwardly	adv	3	3	wordlist-1=3,wordlist-2=3,wordlist-3=3
strait	n	4	3	wordlist-1=4,wordlist-2=3,wordlist-3=4
strange	adj	1	3	wordlist-1=2,wordlist-2=1,wordlist-3=1
strangely	adv	2	3	wordlist-1=3,wordlist-2=2,wordlist-3=2
stranger	n	1	3	wordlist-1=2,wordlist-2=1,wordlist-3=1
strap	n	2	3	wordlist-1=3,wordlist-2=2,wordlist-3=2
strategy	n	1	3	wordlist-1=2,wordlist-2=1,wordlist-3=1
straw	n	2	3	wordlist-1=3,wordlist-2=2,wordlist-3=2
stream	n	2	3	wordlist-1=2,wordlist-2=2,wordlist-3=1
stream	v	2	3	wordlist-1=2,wordlist-2=2,wordlist-3=2
street	n	1	3	wordlist-1=1,wordlist-2=1,wordlist-3=1
strength	n	1	3	wordlist-1=2,wordlist-2=1,wordlist-3=1
strengthen	v	2	3	wordlist-1=3,wordlist-2=2,wordlist-3=2
stress	n	1	3	wordlist-1=2,wordlist-2=1,wordlist-3=1
stress	v	2	3	wordlist-1=2,wordlist-2=2,wordlist-3=2
stretch	v	1	3	wordlist-1=2,wordlist-2=1,wordlist-3=1
stretcher	n	3	3	wordlist-1=4,wordlist-2=3,wordlist-3=3
strict	adj	2	3	wordlist-1=2,wordlist-2=2,wordlist-3=2
strike	n	2	3	wordlist-1=2,wordlist-2=2,wordlist-3=2
strike	v	1	3	wordlist-1=2,wordlist-2=1,wordlist-3=1
string	n	2	3	wordlist-1=2,wordlist-2=1,wordlist-3=2
strip	v	2	3	wordlist-1=2,wordlist-2=2,wordlist-3=2
striped	adj	3	3	wordlist-1=3,wordlist-2=2,wordlist-3=3
stroke	n	2	3	wordlist-1=3,wordlist-2=2,wordlist-3=2
strong	adj	1	3	wordlist-1=1,wordlist-2=1,wordlist-3=1
strongly	adv	2	3	wordlist-1=2,wordlist-2=2,wordlist-3=2
structure	n	1	3	wordlist-1=2,wordlist-2=1,wordlist-3=1
stubborn	adj	2	3	wordlist-1=3,wordlist-2=2,wordlist-3=2
student	n	1	3	wordlist-1=1,wordlist-2=1,wordlist-3=1
study	n	1	3	wordlist-1=1,wordlist-2=1,wordlist-3=1
study	v	1	3	wordlist-1=1,wordlist-2=1,wordlist-3=1
stuff	n	1	3	wordlist-1=1,wordlist-2=1,wordlist-3=1
stumble	v	2	3	wordlist-1=3,wordlist-2=2,wordlist-3=2
stupid	adj	1	3	wordlist-1=2,wordlist-2=1,wordlist-3=1
style	n	1	3	wordlist-1=2,wordlist-2=1,wordlist-3=1
stylish	adj	3	3	wordlist-1=3,wordlist-2=3,wordlist-3=2
sub-	prefix	4	3	wordlist-1=4,wordlist-2=2,wordlist-3=4
subject	n	1	3	wordlist-1=1,wordlist-2=1,wordlist-3=1
subjective	adj	3	3	wordlist-1=3,wordlist-2=3,wordlist-3=3
substance	n	2	3	wordlist-1=2,wordlist-2=2,wordlist-3=2
substantial	adj	2	3	wordlist-1=2,wordlist-2=2,wordlist-3=2
subtract	v	3	3	wordlist-1=3,wordlist-2=3,wordlist-3=3
suburb	n	2	3	wordlist-1=3,wordlist-2=2,wordlist-3=2
suburban	adj	3	3	wordlist-1=3,wordlist-2=2,wordlist-3=3
success	n	1	3	wordlist-1=1,wordlist-2=1,wordlist-3=1
such	adj	1	3	wordlist-1=1,wordlist-2=1,wordlist-3=1
such	det	1	3	wordlist-1=1,wordlist-2=1,wordlist-3=1
such	pron	1	3	wordlist-1=1,wordlist-2=2,wordlist-3=1
such as	prep	1	3	wordlist-1=1,wordlist-2=1,wordlist-3=1
sudden	adj	2	3	wordlist-1=2,wordlist-2=2,wordlist-3=2
suddenly	adv	1	3	wordlist-1=2,wordlist-2=1,wordlist-3=1
suffer	v	1	3	wordlist-1=2,wordlist-2=1,wordlist-3=1
sugar	n	1	3	wordlist-1=2,wordlist-2=1,wordlist-3=1
suggest	v	1	3	wordlist-1=2,wordlist-2=1,wordlist-3=1
suggestion	n	2	3	wordlist-1=2,wordlist-2=1,wordlist-3=2
suit	n	2	3	wordlist-1=2,wordlist-2=1,wordlist-3=2
suitable	adj	2	3	wordlist-1=2,wordlist-2=2,wordlist-3=2
suitably	adv	3	3	wordlist-1=4,wordlist-2=3,wordlist-3=3
suitcase	n	2	3	wordlist-1=3,wordlist-2=2,wordlist-3=2
summarize	v	2	3	wordlist-1=3,wordlist-2=2,wordlist-3=2
summary	n	2	3	wordlist-1=2,wordlist-2=2,wordlist-3=2
summer	n	1	3	wordlist-1=1,wordlist-2=1,wordlist-3=1
sun	n	1	3	wordlist-1=1,wordlist-2=1,wordlist-3=1
sunrise	n	3	3	wordlist-1=3,wordlist-2=2,wordlist-3=3
sunscreen	n	3	3	wordlist-1=3,wordlist-2=2,wordlist-3=3
sunset	n	3	3	wordlist-1=3,wordlist-2=2,wordlist-3=3
super-	prefix	3	3	wordlist-1=3,wordlist-2=2,wordlist-3=4
superb	adj	3	3	wordlist-1=3,wordlist-2=3,wordlist-3=3
superstore	n	4	3	wordlist-1=4,wordlist-2=4,wordlist-3=3
supervisor	n	3	3	wordlist-1=3,wordlist-2=2,wordlist-3=3
supper	n	2	3	wordlist-1=3,wordlist-2=2,wordlist-3=2
supplier	n	2	3	wordlist-1=3,wordlist-2=2,wordlist-3=2
supply	n	2	3	wordlist-1=2,wordlist-2=1,wordlist-3=2
supply	v	2	3	wordlist-1=2,wordlist-2=1,wordlist-3=2
support	n	1	3	wordlist-1=2,wordlist-2=1,wordlist-3=1
support	v	1	3	wordlist-1=2,wordlist-2=1,wordlist-3=1
supportive	adj	2	3	wordlist-1=3,wordlist-2=2,wordlist-3=2
suppose	v	1	3	wordlist-1=1,wordlist-2=1,wordlist-3=1
supposedly	adv	2	3	wordlist-1=3,wordlist-2=2,wordlist-3=2
sure	adj	1	3	wordlist-1=1,wordlist-2=1,wordlist-3=1
sure	adv	1	3	wordlist-1=1,wordlist-2=1,wordlist-3=1
surely	adv	2	3	wordlist-1=2,wordlist-2=2,wordlist-3=2
surface	n	1	3	wordlist-1=2,wordlist-2=1,wordlist-3=1
surgeon	n	2	3	wordlist-1=3,wordlist-2=2,wordlist-3=2
surgery	n	2	3	wordlist-1=3,wordlist-2=1,wordlist-3=2
surplus	n	3	3	wordlist-1=4,wordlist-2=3,wordlist-3=3
surprise	n	1	3	wordlist-1=2,wordlist-2=1,wordlist-3=1
surprise	v	2	3	wordlist-1=2,wordlist-2=2,wordlist-3=1
surprised	adj	2	3	wordlist-1=2,wordlist-2=1,wordlist-3=2
surrender	n	3	3	wordlist-1=4,wordlist-2=3,wordlist-3=3
surrender	v	3	3	wordlist-1=3,wordlist-2=2,wordlist-3=3
survey	n	2	3	wordlist-1=2,wordlist-2=1,wordlist-3=2
survey	v	2	3	wordlist-1=2,wordlist-2=2,wordlist-3=2
survival	n	2	3	wordlist-1=3,wordlist-2=2,wordlist-3=2
survive	v	2	3	wordlist-1=2,wordlist-2=1,wordlist-3=2
suspect	v	2	3	wordlist-1=2,wordlist-2=2,wordlist-3=2
suspicion	n	2	3	wordlist-1=3,wordlist-2=2,wordlist-3=2
suspicious	adj	2	3	wordlist-1=3,wordlist-2=2,wordlist-3=2
sustainable	adj	3	3	wordlist-1=3,wordlist-2=2,wordlist-3=3
swallow	v	2	3	wordlist-1=3,wordlist-2=2,wordlist-3=2
swamp	n	3	3	wordlist-1=3,wordlist-2=3,wordlist-3=3
sweat	n	2	3	wordlist-1=3,wordlist-2=2,wordlist-3=2
sweat	v	2	3	wordlist-1=3,wordlist-2=2,wordlist-3=2
sweep	v	2	3	wordlist-1=2,wordlist-2=2,wordlist-3=2
sweet	adj	1	3	wordlist-1=2,wordlist-2=1,wordlist-3=1
sweet	n	2	3	wordlist-1=4,wordlist-2=2,wordlist-3=2
swell	v	2	3	wordlist-1=3,wordlist-2=2,wordlist-3=2
swelling	n	3	3	wordlist-1=3,wordlist-2=3,wordlist-3=3
swim	v	1	3	wordlist-1=1,wordlist-2=1,wordlist-3=1
swimsuit	n	3	3	wordlist-1=3,wordlist-2=2,wordlist-3=3
switch	n	2	3	wordlist-1=2,wordlist-2=2,wordlist-3=2
switch	v	2	3	wordlist-1=2,wordlist-2=1,wordlist-3=2
symbol	n	2	3	wordlist-1=2,wordlist-2=2,wordlist-3=2
sympathy	n	2	3	wordlist-1=3,wordlist-2=2,wordlist-3=2
symptom	n	2	3	wordlist-1=3,wordlist-2=2,wordlist-3=2
synthetic	adj	3	3	wordlist-1=3,wordlist-2=3,wordlist-3=3
syringe	n	3	3	wordlist-1=4,wordlist-2=3,wordlist-3=3
syrup	n	2	3	wordlist-1=3,wordlist-2=2,wordlist-3=2
system	n	1	3	wordlist-1=1,wordlist-2=1,wordlist-3=1
table	n	1	3	wordlist-1=1,wordlist-2=1,wordlist-3=1
tablecloth	n	3	3	wordlist-1=4,wordlist-2=3,wordlist-3=3
tablet	n	2	3	wordlist-1=2,wordlist-2=2,wordlist-3=2
tail	n	2	3	wordlist-1=2,wordlist-2=1,wordlist-3=2
tailor	n	3	3	wordlist-1=4,wordlist-2=3,wordlist-3=2
tailor	v	3	3	wordlist-1=4,wordlist-2=2,wordlist-3=3
take	v	1	3	wordlist-1=1,wordlist-2=1,wordlist-3=1
take apart	phrv	3	3	wordlist-1=3,wordlist-2=2,wordlist-3=3
take away	phrv	1	3	wordlist-1=1,wordlist-2=1,wordlist-3=2
take back	phrv	2	3	wordlist-1=1,wordlist-2=2,wordlist-3=3
take care	phr	1	3	wordlist-1=1,wordlist-2=1,wordlist-3=3
take off	phrv	1	3	wordlist-1=1,wordlist-2=1,wordlist-3=2
take out	phrv	1	3	wordlist-1=1,wordlist-2=1,wordlist-3=2
take over	phrv	2	3	wordlist-1=2,wordlist-2=2,wordlist-3=2
take place	phrv	2	3	wordlist-1=1,wordlist-2=2,wordlist-3=2
take up	phrv	2	3	wordlist-1=2,wordlist-2=2,wordlist-3=2
takeaway	n	3	3	wordlist-1=3,wordlist-2=2,wordlist-3=3
talent	n	2	3	wordlist-1=2,wordlist-2=2,wordlist-3=2
talented	adj	2	3	wordlist-1=3,wordlist-2=2,wordlist-3=2
talk	n	1	3	wordlist-1=1,wordlist-2=1,wordlist-3=1
talk	v	1	3	wordlist-1=1,wordlist-2=1,wordlist-3=1
talk to	phrv	1	3	wordlist-1=1,wordlist-2=1,wordlist-3=2
tall	adj	1	3	wordlist-1=1,wordlist-2=1,wordlist-3=1
tame	adj	3	3	wordlist-1=3,wordlist-2=3,wordlist-3=3
tame	v	4	3	wordlist-1=4,wordlist-2=4,wordlist-3=4
tanned	adj	3	3	wordlist-1=4,wordlist-2=3,wordlist-3=3
tap	n	2	3	wordlist-1=2,wordlist-2=2,wordlist-3=2
tap	v	2	3	wordlist-1=2,wordlist-2=2,wordlist-3=2
task	n	2	3	wordlist-1=2,wordlist-2=1,wordlist-3=2
taste	n	2	3	wordlist-1=2,wordlist-2=1,wordlist-3=2
taste	v	2	3	wordlist-1=2,wordlist-2=2,wordlist-3=2
tasty	adj	2	3	wordlist-1=3,wordlist-2=2,wordlist-3=2
tax	n	2	3	wordlist-1=2,wordlist-2=1,wordlist-3=2
tax	v	3	3	wordlist-1=3,wordlist-2=3,wordlist-3=3
taxi	n	2	3	wordlist-1=2,wordlist-2=2,wordlist-3=2
tea	n	1	3	wordlist-1=1,wordlist-2=1,wordlist-3=1
teach	v	1	3	wordlist-1=1,wordlist-2=1,wordlist-3=1
teacher	n	1	3	wordlist-1=1,wordlist-2=1,wordlist-3=1
team	n	1	3	wordlist-1=1,wordlist-2=1,wordlist-3=1
tear	n	2	3	wordlist-1=3,wordlist-2=2,wordlist-3=2
tear	v	2	3	wordlist-1=2,wordlist-2=2,wordlist-3=2
tear down	phrv	3	3	wordlist-1=3,wordlist-2=3,wordlist-3=3
tear up	phrv	3	3	wordlist-1=3,wordlist-2=3,wordlist-3=3
technology	n	2	3	wordlist-1=2,wordlist-2=1,wordlist-3=2
teenager	n	2	3	wordlist-1=3,wordlist-2=2,wordlist-3=2
tel.	abbr	4	3	wordlist-1=4,wordlist-2=3,wordlist-3=4
tele-	comb	5	3	wordlist-1=5,wordlist-2=3,wordlist-3=5
telephone	n	2	3	wordlist-1=2,wordlist-2=2,wordlist-3=2
television	n	2	3	wordlist-1=2,wordlist-2=1,wordlist-3=2
tell	v	1	3	wordlist-1=1,wordlist-2=1,wordlist-3=1
temp	abbr	4	3	wordlist-1=4,wordlist-2=3,wordlist-3=4
temper	n	3	3	wordlist-1=3,wordlist-2=3,wordlist-3=3
temperament	n	4	3	wordlist-1=4,wordlist-2=3,wordlist-3=4
temperature	n	2	3	wordlist-1=2,wordlist-2=1,wordlist-3=2
temple	n	3	3	wordlist-1=3,wordlist-2=2,wordlist-3=3
temporarily	adv	3	3	wordlist-1=3,wordlist-2=3,wordlist-3=3
temporary	adj	3	3	wordlist-1=3,wordlist-2=2,wordlist-3=3
ten	num	1	3	wordlist-1=1,wordlist-2=1,wordlist-3=1
tenant	n	3	3	wordlist-1=3,wordlist-2=3,wordlist-3=3
tender	adj	3	3	wordlist-1=3,wordlist-2=3,wordlist-3=3
tendon	n	4	3	wordlist-1=4,wordlist-2=4,wordlist-3=4
tense	n	3	3	wordlist-1=3,wordlist-2=3,wordlist-3=4
term	n	2	3	wordlist-1=2,wordlist-2=1,wordlist-3=2
terminal	adj	3	3	wordlist-1=3,wordlist-2=3,wordlist-3=3
terminal	n	3	3	wordlist-1=3,wordlist-2=2,wordlist-3=3
terrace	n	3	3	wordlist-1=4,wordlist-2=3,wordlist-3=3
terrain	n	3	3	wordlist-1=4,wordlist-2=3,wordlist-3=3
terrible	adj	1	3	wordlist-1=2,wordlist-2=1,wordlist-3=1
terribly	adv	2	3	wordlist-1=3,wordlist-2=2,wordlist-3=2
terrorism	n	3	3	wordlist-1=3,wordlist-2=2,wordlist-3=3
terrorist	n	3	3	wordlist-1=3,wordlist-2=2,wordlist-3=3
test	n	1	3	wordlist-1=1,wordlist-2=1,wordlist-3=1
test	v	1	3	wordlist-1=1,wordlist-2=1,wordlist-3=1
text	n	1	3	wordlist-1=1,wordlist-2=1,wordlist-3=2
texture	n	3	3	wordlist-1=3,wordlist-2=3,wordlist-3=3
than	conj	1	3	wordlist-1=1,wordlist-2=1,wordlist-3=1
than	prep	1	3	wordlist-1=1,wordlist-2=1,wordlist-3=2
thank you	phr	1	3	wordlist-1=1,wordlist-2=1,wordlist-3=1
thankful	adj	3	3	wordlist-1=3,wordlist-2=3,wordlist-3=3
thanks	interj	1	3	wordlist-1=1,wordlist-2=1,wordlist-3=2
thanks	n	2	3	wordlist-1=2,wordlist-2=2,wordlist-3=3
that	conj	1	3	wordlist-1=1,wordlist-2=1,wordlist-3=1
that	det	1	3	wordlist-1=1,wordlist-2=1,wordlist-3=1
that	pron	1	3	wordlist-1=1,wordlist-2=1,wordlist-3=1
thaw	v	4	3	wordlist-1=4,wordlist-2=4,wordlist-3=4
the	det	1	3	wordlist-1=1,wordlist-2=1,wordlist-3=1
theater	n	2	3	wordlist-1=2,wordlist-2=2,wordlist-3=2
theatre	n	2	3	wordlist-1=3,wordlist-2=2,wordlist-3=2
theft	n	3	3	wordlist-1=3,wordlist-2=3,wordlist-3=3
their	det	1	3	wordlist-1=1,wordlist-2=1,wordlist-3=1
theirs	pron	2	3	wordlist-1=2,wordlist-2=2,wordlist-3=2
them	pron	1	3	wordlist-1=1,wordlist-2=1,wordlist-3=1
themselves	pron	1	3	wordlist-1=1,wordlist-2=1,wordlist-3=1
then	adv	1	3	wordlist-1=1,wordlist-2=1,wordlist-3=1
theoretical	adj	3	3	wordlist-1=4,wordlist-2=3,wordlist-3=3
theory	n	2	3	wordlist-1=3,wordlist-2=2,wordlist-3=2
therapist	n	3	3	wordlist-1=3,wordlist-2=2,wordlist-3=3
therapy	n	3	3	wordlist-1=3,wordlist-2=2,wordlist-3=3
there	adv	1	3	wordlist-1=1,wordlist-2=1,wordlist-3=1
therefore	adv	2	3	wordlist-1=3,wordlist-2=1,wordlist-3=2
thermostat	n	4	3	wordlist-1=4,wordlist-2=3,wordlist-3=4
these	det	1	3	wordlist-1=1,wordlist-2=1,wordlist-3=1
these	pron	1	3	wordlist-1=1,wordlist-2=1,wordlist-3=1
thesis	n	4	3	wordlist-1=4,wordlist-2=3,wordlist-3=4
they	pron	1	3	wordlist-1=1,wordlist-2=1,wordlist-3=1
thick	adj	1	3	wordlist-1=2,wordlist-2=1,wordlist-3=1
thicken	v	4	3	wordlist-1=4,wordlist-2=4,wordlist-3=3
thickness	n	3	3	wordlist-1=4,wordlist-2=3,wordlist-3=3
thief	n	3	3	wordlist-1=3,wordlist-2=2,wordlist-3=3
thin	adj	2	3	wordlist-1=2,wordlist-2=1,wordlist-3=2
thin	v	3	3	wordlist-1=3,wordlist-2=4,wordlist-3=3
thing	n	1	3	wordlist-1=1,wordlist-2=1,wordlist-3=1
think	v	1	3	wordlist-1=1,wordlist-2=1,wordlist-3=1
think about	phrv	1	3	wordlist-1=1,wordlist-2=1,wordlist-3=2
think of	phrv	1	3	wordlist-1=1,wordlist-2=1,wordlist-3=2
thinness	n	5	3	wordlist-1=5,wordlist-2=5,wordlist-3=4
third	adj	2	3	wordlist-1=2,wordlist-2=1,wordlist-3=2
third	num	1	3	wordlist-1=2,wordlist-2=1,wordlist-3=1
thirsty	adj	2	3	wordlist-1=3,wordlist-2=2,wordlist-3=2
this	det	1	3	wordlist-1=1,wordlist-2=1,wordlist-3=1
this	pron	1	3	wordlist-1=1,wordlist-2=1,wordlist-3=1
those	det	1	3	wordlist-1=1,wordlist-2=1,wordlist-3=1
those	pron	1	3	wordlist-1=1,wordlist-2=1,wordlist-3=1
though	conj	1	3	wordlist-1=1,wordlist-2=1,wordlist-3=1
thought	n	1	3	wordlist-1=1,wordlist-2=1,wordlist-3=1
thoughtful	adj	2	3	wordlist-1=3,wordlist-2=2,wordlist-3=2
thoughtless	adj	4	3	wordlist-1=4,wordlist-2=4,wordlist-3=3
thousand	num	1	3	wordlist-1=1,wordlist-2=1,wordlist-3=1
threat	n	2	3	wordlist-1=3,wordlist-2=2,wordlist-3=2
threaten	v	2	3	wordlist-1=3,wordlist-2=2,wordlist-3=2
three	num	1	3	wordlist-1=1,wordlist-2=1,wordlist-3=1
throat	n	2	3	wordlist-1=2,wordlist-2=2,wordlist-3=2
throb	v	4	3	wordlist-1=4,wordlist-2=4,wordlist-3=3
through	adv	1	3	wordlist-1=2,wordlist-2=1,wordlist-3=1
through	prep	1	3	wordlist-1=1,wordlist-2=1,wordlist-3=1
throughout	prep	2	3	wordlist-1=3,wordlist-2=2,wordlist-3=2
throw	n	3	3	wordlist-1=3,wordlist-2=3,wordlist-3=3
throw	v	2	3	wordlist-1=2,wordlist-2=1,wordlist-3=2
throw away	phrv	2	3	wordlist-1=2,wordlist-2=2,wordlist-3=2
throw up	phrv	3	3	wordlist-1=2,wordlist-2=3,wordlist-3=3
thunder	n	3	3	wordlist-1=3,wordlist-2=2,wordlist-3=3
thus	adv	2	3	wordlist-1=3,wordlist-2=2,wordlist-3=2
ticket	n	2	3	wordlist-1=2,wordlist-2=1,wordlist-3=2
tide	n	3	3	wordlist-1=3,wordlist-2=3,wordlist-3=3
tidy	adj	3	3	wordlist-1=3,wordlist-2=3,wordlist-3=2
tidy	v	3	3	wordlist-1=3,wordlist-2=3,wordlist-3=3
tidy up	phrv	3	3	wordlist-1=3,wordlist-2=3,wordlist-3=3
tie	n	2	3	wordlist-1=2,wordlist-2=2,wordlist-3=2
tie	v	2	3	wordlist-1=2,wordlist-2=2,wordlist-3=2
tight	adj	2	3	wordlist-1=2,wordlist-2=1,wordlist-3=2
time	n	1	3	wordlist-1=1,wordlist-2=1,wordlist-3=1
times	n	2	3	wordlist-1=1,wordlist-2=2,wordlist-3=2
timetable	n	3	3	wordlist-1=3,wordlist-2=3,wordlist-3=3
tingle	n	4	3	wordlist-1=4,wordlist-2=4,wordlist-3=4
tingle	v	4	3	wordlist-1=4,wordlist-2=4,wordlist-3=4
tiny	adj	2	3	wordlist-1=3,wordlist-2=1,wordlist-3=2
tip	n	2	3	wordlist-1=2,wordlist-2=2,wordlist-3=2
tip	v	2	3	wordlist-1=2,wordlist-2=2,wordlist-3=3
tire	v	2	3	wordlist-1=2,wordlist-2=3,wordlist-3=2
tired	adj	1	3	wordlist-1=1,wordlist-2=1,wordlist-3=1
tissue	n	2	3	wordlist-1=2,wordlist-2=2,wordlist-3=2
title	n	2	3	wordlist-1=2,wordlist-2=1,wordlist-3=2
to	prep	1	3	wordlist-1=1,wordlist-2=1,wordlist-3=1
toaster	n	3	3	wordlist-1=3,wordlist-2=3,wordlist-3=3
today	adv	1	3	wordlist-1=1,wordlist-2=1,wordlist-3=1
today	n	1	3	wordlist-1=2,wordlist-2=1,wordlist-3=1
toddler	n	2	3	wordlist-1=3,wordlist-2=2,wordlist-3=2
toe	n	2	3	wordlist-1=2,wordlist-2=2,wordlist-3=2
together	adj	3	3	wordlist-1=3,wordlist-2=3,wordlist-3=3
together	adv	1	3	wordlist-1=1,wordlist-2=1,wordlist-3=1
toilet	n	2	3	wordlist-1=2,wordlist-2=1,wordlist-3=2
tolerance	n	3	3	wordlist-1=3,wordlist-2=3,wordlist-3=2
tolerant	adj	3	3	wordlist-1=4,wordlist-2=3,wordlist-3=2
tomorrow	adv	1	3	wordlist-1=1,wordlist-2=1,wordlist-3=1
tomorrow	n	1	3	wordlist-1=2,wordlist-2=1,wordlist-3=1
tone	n	2	3	wordlist-1=2,wordlist-2=2,wordlist-3=2
tongue	n	2	3	wordlist-1=2,wordlist-2=2,wordlist-3=2
too	adv	1	3	wordlist-1=1,wordlist-2=1,wordlist-3=1
tool	n	1	3	wordlist-1=1,wordlist-2=1,wordlist-3=2
tooth	n	2	3	wordlist-1=2,wordlist-2=1,wordlist-3=2
toothbrush	n	2	3	wordlist-1=3,wordlist-2=2,wordlist-3=2
toothpaste	n	2	3	wordlist-1=3,wordlist-2=2,wordlist-3=2
top	adj	1	3	wordlist-1=1,wordlist-2=1,wordlist-3=1
top	n	1	3	wordlist-1=1,wordlist-2=1,wordlist-3=1
topic	n	2	3	wordlist-1=2,wordlist-2=2,wordlist-3=2
tornado	n	3	3	wordlist-1=3,wordlist-2=3,wordlist-3=3
total	adj	1	3	wordlist-1=2,wordlist-2=1,wordlist-3=1
total	n	2	3	wordlist-1=3,wordlist-2=2,wordlist-3=1
totally	adv	2	3	wordlist-1=2,wordlist-2=1,wordlist-3=2
touch	n	2	3	wordlist-1=2,wordlist-2=2,wordlist-3=2
touch	v	1	3	wordlist-1=2,wordlist-2=1,wordlist-3=1
tough	adj	2	3	wordlist-1=2,wordlist-2=2,wordlist-3=2
tour	n	2	3	wordlist-1=2,wordlist-2=2,wordlist-3=2
tournament	n	3	3	wordlist-1=3,wordlist-2=2,wordlist-3=3
toward	prep	1	3	wordlist-1=2,wordlist-2=1,wordlist-3=1
towards	prep	1	3	wordlist-1=3,wordlist-2=1,wordlist-3=1
towel	n	2	3	wordlist-1=2,wordlist-2=2,wordlist-3=2
tower	n	2	3	wordlist-1=2,wordlist-2=2,wordlist-3=2
town	n	1	3	wordlist-1=1,wordlist-2=1,wordlist-3=1
toxic	adj	3	3	wordlist-1=3,wordlist-2=2,wordlist-3=3
toy	n	2	3	wordlist-1=2,wordlist-2=2,wordlist-3=2
track	n	1	3	wordlist-1=1,wordlist-2=1,wordlist-3=2
tractor	n	3	3	wordlist-1=3,wordlist-2=2,wordlist-3=3
trade	n	2	3	wordlist-1=2,wordlist-2=1,wordlist-3=2
trade	v	2	3	wordlist-1=2,wordlist-2=2,wordlist-3=2
traffic	n	2	3	wordlist-1=2,wordlist-2=1,wordlist-3=2
train	n	1	3	wordlist-1=1,wordlist-2=1,wordlist-3=1
train	v	2	3	wordlist-1=2,wordlist-2=1,wordlist-3=2
training	n	2	3	wordlist-1=2,wordlist-2=1,wordlist-3=2
trans-	prefix	4	3	wordlist-1=4,wordlist-2=2,wordlist-3=4
translate	v	2	3	wordlist-1=3,wordlist-2=2,wordlist-3=2
translation	n	2	3	wordlist-1=3,wordlist-2=2,wordlist-3=2
transparent	adj	3	3	wordlist-1=3,wordlist-2=3,wordlist-3=3
transport	n	2	3	wordlist-1=3,wordlist-2=2,wordlist-3=2
transport	v	2	3	wordlist-1=3,wordlist-2=2,wordlist-3=2
trap	n	2	3	wordlist-1=2,wordlist-2=2,wordlist-3=2
trap	v	2	3	wordlist-1=3,wordlist-2=2,wordlist-3=2
travel	n	2	3	wordlist-1=2,wordlist-2=2,wordlist-3=2
travel	v	2	3	wordlist-1=2,wordlist-2=1,wordlist-3=2
tray	n	3	3	wordlist-1=3,wordlist-2=2,wordlist-3=3
treat	v	2	3	wordlist-1=2,wordlist-2=1,wordlist-3=2
treatment	n	2	3	wordlist-1=2,wordlist-2=1,wordlist-3=2
treaty	n	3	3	wordlist-1=3,wordlist-2=3,wordlist-3=3
tree	n	1	3	wordlist-1=1,wordlist-2=1,wordlist-3=1
tremor	n	4	3	wordlist-1=4,wordlist-2=4,wordlist-3=4
trend	n	2	3	wordlist-1=2,wordlist-2=2,wordlist-3=2
trial	n	2	3	wordlist-1=2,wordlist-2=2,wordlist-3=2
tributary	n	5	3	wordlist-1=5,wordlist-2=4,wordlist-3=5
trick	n	2	3	wordlist-1=2,wordlist-2=2,wordlist-3=2
tricky	adj	2	3	wordlist-1=3,wordlist-2=2,wordlist-3=2
trip	n	1	3	wordlist-1=1,wordlist-2=1,wordlist-3=2
tropical	adj	3	3	wordlist-1=3,wordlist-2=2,wordlist-3=3
trouble	n	1	3	wordlist-1=1,wordlist-2=1,wordlist-3=2
trousers	n	2	3	wordlist-1=2,wordlist-2=2,wordlist-3=2
truck	n	1	3	wordlist-1=1,wordlist-2=1,wordlist-3=2
true	adj	1	3	wordlist-1=1,wordlist-2=1,wordlist-3=1
truly	adv	2	3	wordlist-1=2,wordlist-2=2,wordlist-3=2
trunk	n	3	3	wordlist-1=3,wordlist-2=2,wordlist-3=3
trust	n	2	3	wordlist-1=2,wordlist-2=1,wordlist-3=2
trust	v	1	3	wordlist-1=2,wordlist-2=1,wordlist-3=1
truth	n	1	3	wordlist-1=2,wordlist-2=1,wordlist-3=1
try	n	2	3	wordlist-1=2,wordlist-2=2,wordlist-3=2
try	v	1	3	wordlist-1=1,wordlist-2=1,wordlist-3=1
try on	phrv	2	3	wordlist-1=3,wordlist-2=2,wordlist-3=2
tumor	n	3	3	wordlist-1=3,wordlist-2=2,wordlist-3=3
tune	n	2	3	wordlist-1=2,wordlist-2=2,wordlist-3=2
tunic	n	4	3	wordlist-1=5,wordlist-2=4,wordlist-3=4
tunnel	n	3	3	wordlist-1=3,wordlist-2=2,wordlist-3=3
turn	n	1	3	wordlist-1=1,wordlist-2=1,wordlist-3=2
turn	v	1	3	wordlist-1=1,wordlist-2=1,wordlist-3=1
turn around	phrv	2	3	wordlist-1=2,wordlist-2=2,wordlist-3=1
turn down	phrv	2	3	wordlist-1=2,wordlist-2=2,wordlist-3=2
turn into	phrv	2	3	wordlist-1=2,wordlist-2=2,wordlist-3=2
turn off	phrv	1	3	wordlist-1=1,wordlist-2=1,wordlist-3=2
turn on	phrv	1	3	wordlist-1=1,wordlist-2=1,wordlist-3=2
turn over	phrv	2	3	wordlist-1=2,wordlist-2=2,wordlist-3=2
turn up	phrv	2	3	wordlist-1=2,wordlist-2=2,wordlist-3=2
tv	abbr	1	3	wordlist-1=1,wordlist-2=1,wordlist-3=2
twice	adv	2	3	wordlist-1=2,wordlist-2=2,wordlist-3=2
twilight	n	3	3	wordlist-1=4,wordlist-2=3,wordlist-3=2
twin	n	2	3	wordlist-1=3,wordlist-2=2,wordlist-3=2
twist	n	3	3	wordlist-1=3,wordlist-2=3,wordlist-3=2
twist	v	2	3	wordlist-1=3,wordlist-2=2,wordlist-3=2
two	num	1	3	wordlist-1=1,wordlist-2=1,wordlist-3=1
type	n	1	3	wordlist-1=1,wordlist-2=1,wordlist-3=2
typhoon	n	4	3	wordlist-1=4,wordlist-2=3,wordlist-3=4
typical	adj	2	3	wordlist-1=2,wordlist-2=2,wordlist-3=2
typically	adv	2	3	wordlist-1=3,wordlist-2=2,wordlist-3=2
tyre	n	3	3	wordlist-1=3,wordlist-2=2,wordlist-3=3
ugh	interj	3	3	wordlist-1=3,wordlist-2=2,wordlist-3=4
ugly	adj	2	3	wordlist-1=2,wordlist-2=2,wordlist-3=2
uh	interj	1	3	wordlist-1=1,wordlist-2=1,wordlist-3=1
ultimately	adv	2	3	wordlist-1=3,wordlist-2=2,wordlist-3=2
um	interj	1	3	wordlist-1=1,wordlist-2=1,wordlist-3=1
umbrella	n	2	3	wordlist-1=2,wordlist-2=2,wordlist-3=2
un-	prefix	2	3	wordlist-1=2,wordlist-2=1,wordlist-3=4
unable	adj	2	3	wordlist-1=2,wordlist-2=2,wordlist-3=2
uncertain	adj	2	3	wordlist-1=3,wordlist-2=2,wordlist-3=2
uncle	n	2	3	wordlist-1=2,wordlist-2=2,wordlist-3=2
unconscious	adj	3	3	wordlist-1=3,wordlist-2=3,wordlist-3=3
under	adv	2	3	wordlist-1=2,wordlist-2=2,wordlist-3=1
under	prep	1	3	wordlist-1=1,wordlist-2=1,wordlist-3=1
under-	prefix	3	3	wordlist-1=3,wordlist-2=2,wordlist-3=4
underneath	prep	3	3	wordlist-1=3,wordlist-2=2,wordlist-3=3
underpass	n	4	3	wordlist-1=4,wordlist-2=4,wordlist-3=3
understand	v	1	3	wordlist-1=1,wordlist-2=1,wordlist-3=1
underwear	n	2	3	wordlist-1=2,wordlist-2=2,wordlist-3=2
uneven	adj	3	3	wordlist-1=3,wordlist-2=3,wordlist-3=3
unfair	adj	2	3	wordlist-1=2,wordlist-2=2,wordlist-3=2
unfasten	v	4	3	wordlist-1=4,wordlist-2=4,wordlist-3=3
unfold	v	3	3	wordlist-1=3,wordlist-2=3,wordlist-3=3
unfortunately	adv	2	3	wordlist-1=2,wordlist-2=2,wordlist-3=2
unfriendly	adj	3	3	wordlist-1=3,wordlist-2=3,wordlist-3=3
unfurnished	adj	4	3	wordlist-1=4,wordlist-2=4,wordlist-3=4
uniform	n	2	3	wordlist-1=3,wordlist-2=2,wordlist-3=2
unique	adj	2	3	wordlist-1=2,wordlist-2=2,wordlist-3=2
unit	n	2	3	wordlist-1=2,wordlist-2=1,wordlist-3=2
university	n	1	3	wordlist-1=2,wordlist-2=1,wordlist-3=1
unless	conj	1	3	wordlist-1=2,wordlist-2=1,wordlist-3=1
unlike	prep	2	3	wordlist-1=3,wordlist-2=2,wordlist-3=2
unlikely	adj	2	3	wordlist-1=2,wordlist-2=2,wordlist-3=2
unlock	v	3	3	wordlist-1=3,wordlist-2=3,wordlist-3=2
unpack	v	3	3	wordlist-1=3,wordlist-2=3,wordlist-3=2
unpaid	adj	3	3	wordlist-1=3,wordlist-2=3,wordlist-3=3
unplug	v	3	3	wordlist-1=4,wordlist-2=3,wordlist-3=3
untie	v	3	3	wordlist-1=4,wordlist-2=3,wordlist-3=3
until	conj	1	3	wordlist-1=1,wordlist-2=1,wordlist-3=1
until	prep	1	3	wordlist-1=2,wordlist-2=1,wordlist-3=1
unusual	adj	2	3	wordlist-1=2,wordlist-2=2,wordlist-3=2
unusually	adv	3	3	wordlist-1=3,wordlist-2=3,wordlist-3=2
unwrap	v	3	3	wordlist-1=4,wordlist-2=3,wordlist-3=3
up	adv	1	3	wordlist-1=1,wordlist-2=1,wordlist-3=1
up	prep	1	3	wordlist-1=1,wordlist-2=1,wordlist-3=1
upbringing	n	3	3	wordlist-1=3,wordlist-2=3,wordlist-3=2
update	n	2	3	wordlist-1=2,wordlist-2=2,wordlist-3=2
update	v	2	3	wordlist-1=2,wordlist-2=2,wordlist-3=2
upload	n	3	3	wordlist-1=3,wordlist-2=3,wordlist-3=3
upload	v	3	3	wordlist-1=3,wordlist-2=2,wordlist-3=3
upon	prep	1	3	wordlist-1=3,wordlist-2=1,wordlist-3=1
upset	adj	1	3	wordlist-1=1,wordlist-2=1,wordlist-3=2
upset	v	2	3	wordlist-1=2,wordlist-2=2,wordlist-3=2
upstairs	adv	2	3	wordlist-1=2,wordlist-2=1,wordlist-3=2
urban	adj	2	3	wordlist-1=3,wordlist-2=2,wordlist-3=2
urine	n	3	3	wordlist-1=4,wordlist-2=3,wordlist-3=3
url	abbr	3	3	wordlist-1=3,wordlist-2=3,wordlist-3=3
us	pron	1	3	wordlist-1=1,wordlist-2=1,wordlist-3=1
use	n	1	3	wordlist-1=1,wordlist-2=1,wordlist-3=1
use	v	1	3	wordlist-1=1,wordlist-2=1,wordlist-3=1
use up	phrv	2	3	wordlist-1=2,wordlist-2=2,wordlist-3=3
used	adj	1	3	wordlist-1=1,wordlist-2=1,wordlist-3=1
used to	modal	1	3	wordlist-1=1,wordlist-2=1,wordlist-3=1
useful	adj	1	3	wordlist-1=2,wordlist-2=1,wordlist-3=1
useless	adj	2	3	wordlist-1=3,wordlist-2=2,wordlist-3=2
user	n	2	3	wordlist-1=2,wordlist-2=1,wordlist-3=2
username	n	3	3	wordlist-1=3,wordlist-2=2,wordlist-3=3
usual	adj	1	3	wordlist-1=1,wordlist-2=1,wordlist-3=1
usually	adv	1	3	wordlist-1=1,wordlist-2=1,wordlist-3=1
utensil	n	3	3	wordlist-1=4,wordlist-2=3,wordlist-3=3
utterly	adv	3	3	wordlist-1=3,wordlist-2=3,wordlist-3=3
vaccinate	v	3	3	wordlist-1=4,wordlist-2=3,wordlist-3=3
vaccine	n	3	3	wordlist-1=3,wordlist-2=2,wordlist-3=3
vacuum	v	3	3	wordlist-1=3,wordlist-2=3,wordlist-3=3
vague	adj	3	3	wordlist-1=3,wordlist-2=3,wordlist-3=2
valid	adj	2	3	wordlist-1=3,wordlist-2=2,wordlist-3=2
validate	v	3	3	wordlist-1=4,wordlist-2=3,wordlist-3=3
valley	n	2	3	wordlist-1=2,wordlist-2=2,wordlist-3=2
valuable	adj	2	3	wordlist-1=2,wordlist-2=2,wordlist-3=2
value	n	1	3	wordlist-1=1,wordlist-2=1,wordlist-3=1
value	v	2	3	wordlist-1=2,wordlist-2=2,wordlist-3=2
van	n	2	3	wordlist-1=2,wordlist-2=2,wordlist-3=2
variable	n	3	3	wordlist-1=3,wordlist-2=2,wordlist-3=3
vast	adj	2	3	wordlist-1=3,wordlist-2=2,wordlist-3=2
vastly	adv	4	3	wordlist-1=4,wordlist-2=3,wordlist-3=4
vegan	adj	3	3	wordlist-1=3,wordlist-2=2,wordlist-3=3
vegan	n	3	3	wordlist-1=3,wordlist-2=3,wordlist-3=3
vegetable	n	2	3	wordlist-1=2,wordlist-2=1,wordlist-3=2
vegetarian	adj	3	3	wordlist-1=3,wordlist-2=2,wordlist-3=3
vegetarian	n	3	3	wordlist-1=3,wordlist-2=2,wordlist-3=3
vegetation	n	3	3	wordlist-1=4,wordlist-2=3,wordlist-3=3
vehicle	n	2	3	wordlist-1=3,wordlist-2=2,wordlist-3=2
vein	n	3	3	wordlist-1=3,wordlist-2=3,wordlist-3=3
velvet	n	3	3	wordlist-1=4,wordlist-2=3,wordlist-3=3
ventilation	n	4	3	wordlist-1=4,wordlist-2=4,wordlist-3=3
venue	n	3	3	wordlist-1=3,wordlist-2=2,wordlist-3=3
verb	n	2	3	wordlist-1=2,wordlist-2=2,wordlist-3=3
versus	prep	2	3	wordlist-1=3,wordlist-2=2,wordlist-3=2
vertical	adj	3	3	wordlist-1=3,wordlist-2=3,wordlist-3=3
very	adv	1	3	wordlist-1=1,wordlist-2=1,wordlist-3=1
vest	n	3	3	wordlist-1=3,wordlist-2=3,wordlist-3=3
via	prep	2	3	wordlist-1=3,wordlist-2=2,wordlist-3=2
victim	n	2	3	wordlist-1=2,wordlist-2=2,wordlist-3=2
video	n	1	3	wordlist-1=1,wordlist-2=1,wordlist-3=2
view	n	1	3	wordlist-1=1,wordlist-2=1,wordlist-3=2
village	n	2	3	wordlist-1=2,wordlist-2=1,wordlist-3=2
vine	n	3	3	wordlist-1=3,wordlist-2=3,wordlist-3=3
vinegar	n	3	3	wordlist-1=3,wordlist-2=3,wordlist-3=3
violate	v	3	3	wordlist-1=4,wordlist-2=3,wordlist-3=3
violation	n	3	3	wordlist-1=3,wordlist-2=3,wordlist-3=3
violence	n	2	3	wordlist-1=2,wordlist-2=2,wordlist-3=2
violent	adj	2	3	wordlist-1=3,wordlist-2=2,wordlist-3=2
vip	abbr	3	3	wordlist-1=3,wordlist-2=2,wordlist-3=3
virtual	adj	2	3	wordlist-1=3,wordlist-2=2,wordlist-3=2
virtually	adv	2	3	wordlist-1=3,wordlist-2=2,wordlist-3=2
virus	n	2	3	wordlist-1=2,wordlist-2=2,wordlist-3=2
visa	n	3	3	wordlist-1=3,wordlist-2=2,wordlist-3=3
visible	adj	2	3	wordlist-1=3,wordlist-2=2,wordlist-3=2
visit	n	2	3	wordlist-1=2,wordlist-2=1,wordlist-3=2
visit	v	1	3	wordlist-1=1,wordlist-2=1,wordlist-3=2
visual	adj	2	3	wordlist-1=3,wordlist-2=2,wordlist-3=2
vital	adj	2	3	wordlist-1=3,wordlist-2=2,wordlist-3=2
vitamin	n	2	3	wordlist-1=3,wordlist-2=2,wordlist-3=2
vivid	adj	3	3	wordlist-1=3,wordlist-2=3,wordlist-3=3
vocabulary	n	3	3	wordlist-1=3,wordlist-2=2,wordlist-3=3
voice	n	1	3	wordlist-1=1,wordlist-2=1,wordlist-3=2
vol	abbr	4	3	wordlist-1=4,wordlist-2=4,wordlist-3=4
volcano	n	3	3	wordlist-1=3,wordlist-2=3,wordlist-3=3
volume	n	2	3	wordlist-1=2,wordlist-2=2,wordlist-3=2
volunteer	n	2	3	wordlist-1=2,wordlist-2=2,wordlist-3=2
volunteer	v	2	3	wordlist-1=3,wordlist-2=2,wordlist-3=2
vomit	v	3	3	wordlist-1=3,wordlist-2=3,wordlist-3=3
vote	n	2	3	wordlist-1=2,wordlist-2=2,wordlist-3=2
vote	v	2	3	wordlist-1=2,wordlist-2=1,wordlist-3=2
voyage	n	3	3	wordlist-1=4,wordlist-2=3,wordlist-3=3
vs	abbr	3	3	wordlist-1=3,wordlist-2=2,wordlist-3=4
vs.	abbr	3	3	wordlist-1=3,wordlist-2=2,wordlist-3=4
wage	n	2	3	wordlist-1=2,wordlist-2=2,wordlist-3=2
wait	v	1	3	wordlist-1=1,wordlist-2=1,wordlist-3=1
wait for	phrv	1	3	wordlist-1=1,wordlist-2=1,wordlist-3=1
wake	v	1	3	wordlist-1=2,wordlist-2=1,wordlist-3=1
wake up	phrv	1	3	wordlist-1=1,wordlist-2=1,wordlist-3=1
walk	n	1	3	wordlist-1=2,wordlist-2=1,wordlist-3=1
walk	v	1	3	wordlist-1=1,wordlist-2=1,wordlist-3=1
wall	n	1	3	wordlist-1=1,wordlist-2=1,wordlist-3=1
wallet	n	2	3	wordlist-1=2,wordlist-2=2,wordlist-3=2
wallpaper	n	3	3	wordlist-1=3,wordlist-2=3,wordlist-3=3
wander	v	3	3	wordlist-1=3,wordlist-2=3,wordlist-3=2
want	v	1	3	wordlist-1=1,wordlist-2=1,wordlist-3=1
war	n	1	3	wordlist-1=1,wordlist-2=1,wordlist-3=1
ward	n	3	3	wordlist-1=3,wordlist-2=3,wordlist-3=3
wardrobe	n	3	3	wordlist-1=3,wordlist-2=2,wordlist-3=3
warehouse	n	3	3	wordlist-1=3,wordlist-2=3,wordlist-3=3
warm	adj	1	3	wordlist-1=1,wordlist-2=1,wordlist-3=1
warm	v	2	3	wordlist-1=2,wordlist-2=2,wordlist-3=2
warm up	phrv	2	3	wordlist-1=2,wordlist-2=2,wordlist-3=2
warmth	n	3	3	wordlist-1=3,wordlist-2=3,wordlist-3=3
warn	v	2	3	wordlist-1=2,wordlist-2=2,wordlist-3=2
warning	n	2	3	wordlist-1=2,wordlist-2=2,wordlist-3=2
wash	n	2	3	wordlist-1=3,wordlist-2=2,wordlist-3=2
wash	v	1	3	wordlist-1=1,wordlist-2=1,wordlist-3=2
wash up	phrv	2	3	wordlist-1=2,wordlist-2=2,wordlist-3=2
washing machine	n	2	3	wordlist-1=2,wordlist-2=2,wordlist-3=3
waste	n	2	3	wordlist-1=2,wordlist-2=2,wordlist-3=2
waste	v	2	3	wordlist-1=2,wordlist-2=2,wordlist-3=2
watch	n	1	3	wordlist-1=1,wordlist-2=1,wordlist-3=2
watch	v	1	3	wordlist-1=1,wordlist-2=1,wordlist-3=2
watch out	phrv	2	3	wordlist-1=2,wordlist-2=2,wordlist-3=2
water	n	1	3	wordlist-1=1,wordlist-2=1,wordlist-3=1
water	v	2	3	wordlist-1=2,wordlist-2=2,wordlist-3=2
waterfall	n	3	3	wordlist-1=3,wordlist-2=3,wordlist-3=3
waterproof	adj	3	3	wordlist-1=3,wordlist-2=3,wordlist-3=3
wave	n	2	3	wordlist-1=2,wordlist-2=1,wordlist-3=2
wave	v	2	3	wordlist-1=2,wordlist-2=2,wordlist-3=2
wax	n	3	3	wordlist-1=3,wordlist-2=3,wordlist-3=3
way	n	1	3	wordlist-1=1,wordlist-2=1,wordlist-3=1
we	pron	1	3	wordlist-1=1,wordlist-2=1,wordlist-3=1
weak	adj	1	3	wordlist-1=2,wordlist-2=1,wordlist-3=1
weaken	v	3	3	wordlist-1=3,wordlist-2=3,wordlist-3=3
weakness	n	2	3	wordlist-1=3,wordlist-2=2,wordlist-3=2
wealth	n	2	3	wordlist-1=3,wordlist-2=2,wordlist-3=2
wealthy	adj	2	3	wordlist-1=3,wordlist-2=2,wordlist-3=2
weapon	n	2	3	wordlist-1=2,wordlist-2=2,wordlist-3=2
wear	v	1	3	wordlist-1=1,wordlist-2=1,wordlist-3=1
weather	n	1	3	wordlist-1=1,wordlist-2=1,wordlist-3=1
web	n	2	3	wordlist-1=2,wordlist-2=2,wordlist-3=2
website	n	2	3	wordlist-1=2,wordlist-2=1,wordlist-3=2
wedding	n	2	3	wordlist-1=2,wordlist-2=2,wordlist-3=2
weed	n	3	3	wordlist-1=3,wordlist-2=3,wordlist-3=2
weed	v	3	3	wordlist-1=3,wordlist-2=4,wordlist-3=3
week	n	1	3	wordlist-1=1,wordlist-2=1,wordlist-3=1
weekend	n	2	3	wordlist-1=2,wordlist-2=1,wordlist-3=2
weekly	adj	2	3	wordlist-1=3,wordlist-2=2,wordlist-3=2
weekly	adv	3	3	wordlist-1=3,wordlist-2=3,wordlist-3=2
weigh	v	2	3	wordlist-1=2,wordlist-2=2,wordlist-3=2
weight	n	1	3	wordlist-1=1,wordlist-2=1,wordlist-3=1
weird	adj	2	3	wordlist-1=2,wordlist-2=1,wordlist-3=2
weirdly	adv	3	3	wordlist-1=3,wordlist-2=3,wordlist-3=3
welcome	interj	2	3	wordlist-1=2,wordlist-2=2,wordlist-3=1
welcome	n	2	3	wordlist-1=3,wordlist-2=2,wordlist-3=2
welfare	n	2	3	wordlist-1=3,wordlist-2=2,wordlist-3=2
well	adj	2	3	wordlist-1=2,wordlist-2=1,wordlist-3=2
well	adv	1	3	wordlist-1=1,wordlist-2=1,wordlist-3=1
well	interj	1	3	wordlist-1=1,wordlist-2=1,wordlist-3=1
wet	adj	1	3	wordlist-1=2,wordlist-2=1,wordlist-3=1
wet	v	3	3	wordlist-1=3,wordlist-2=3,wordlist-3=2
wetness	n	4	3	wordlist-1=4,wordlist-2=4,wordlist-3=4
what	det	1	3	wordlist-1=1,wordlist-2=1,wordlist-3=1
what	pron	1	3	wordlist-1=1,wordlist-2=1,wordlist-3=1
whatever	det	2	3	wordlist-1=2,wordlist-2=2,wordlist-3=1
whatever	pron	1	3	wordlist-1=2,wordlist-2=1,wordlist-3=1
wheat	n	2	3	wordlist-1=3,wordlist-2=2,wordlist-3=2
wheel	n	1	3	wordlist-1=2,wordlist-2=1,wordlist-3=1
wheelchair	n	2	3	wordlist-1=3,wordlist-2=2,wordlist-3=2
when	adv	1	3	wordlist-1=1,wordlist-2=1,wordlist-3=1
when	conj	1	3	wordlist-1=1,wordlist-2=1,wordlist-3=1
where	adv	1	3	wordlist-1=1,wordlist-2=1,wordlist-3=1
where	conj	1	3	wordlist-1=1,wordlist-2=1,wordlist-3=1
whereas	conj	3	3	wordlist-1=3,wordlist-2=2,wordlist-3=3
whether	conj	2	3	wordlist-1=2,wordlist-2=1,wordlist-3=2
which	det	1	3	wordlist-1=1,wordlist-2=1,wordlist-3=1
which	pron	1	3	wordlist-1=1,wordlist-2=1,wordlist-3=1
whichever	det	3	3	wordlist-1=3,wordlist-2=3,wordlist-3=3
whichever	pron	3	3	wordlist-1=3,wordlist-2=3,wordlist-3=3
while	conj	1	3	wordlist-1=1,wordlist-2=1,wordlist-3=1
whilst	conj	4	3	wordlist-1=4,wordlist-2=3,wordlist-3=4
whisk	n	3	3	wordlist-1=4,wordlist-2=3,wordlist-3=3
whisk	v	3	3	wordlist-1=3,wordlist-2=3,wordlist-3=3
whisper	n	2	3	wordlist-1=3,wordlist-2=2,wordlist-3=2
whisper	v	2	3	wordlist-1=3,wordlist-2=2,wordlist-3=2
white	adj	1	3	wordlist-1=1,wordlist-2=1,wordlist-3=1
who	pron	1	3	wordlist-1=1,wordlist-2=1,wordlist-3=1
whoever	pron	3	3	wordlist-1=3,wordlist-2=2,wordlist-3=3
whole	adj	1	3	wordlist-1=1,wordlist-2=1,wordlist-3=1
whole	n	2	3	wordlist-1=2,wordlist-2=2,wordlist-3=2
wholesale	adj	3	3	wordlist-1=3,wordlist-2=3,wordlist-3=3
whom	pron	2	3	wordlist-1=3,wordlist-2=2,wordlist-3=2
whomever	pron	4	3	wordlist-1=4,wordlist-2=4,wordlist-3=3
whoops	interj	3	3	wordlist-1=3,wordlist-2=3,wordlist-3=4
whose	det	1	3	wordlist-1=2,wordlist-2=1,wordlist-3=1
whose	pron	2	3	wordlist-1=3,wordlist-2=2,wordlist-3=1
why	adv	1	3	wordlist-1=1,wordlist-2=1,wordlist-3=1
wide	adj	1	3	wordlist-1=2,wordlist-2=1,wordlist-3=1
widely	adv	3	3	wordlist-1=3,wordlist-2=2,wordlist-3=3
widow	n	2	3	wordlist-1=3,wordlist-2=2,wordlist-3=2
widower	n	4	3	wordlist-1=4,wordlist-2=3,wordlist-3=4
width	n	2	3	wordlist-1=3,wordlist-2=2,wordlist-3=2
wife	n	1	3	wordlist-1=1,wordlist-2=1,wordlist-3=1
wild	adj	1	3	wordlist-1=2,wordlist-2=1,wordlist-3=1
wilderness	n	3	3	wordlist-1=3,wordlist-2=3,wordlist-3=3
wildlife	n	3	3	wordlist-1=3,wordlist-2=2,wordlist-3=3
will	modal	1	3	wordlist-1=1,wordlist-2=1,wordlist-3=1
will	n	2	3	wordlist-1=2,wordlist-2=2,wordlist-3=1
win	n	2	3	wordlist-1=2,wordlist-2=2,wordlist-3=2
win	v	1	3	wordlist-1=1,wordlist-2=1,wordlist-3=1
wind	n	1	3	wordlist-1=2,wordlist-2=1,wordlist-3=1
wind	v	3	3	wordlist-1=3,wordlist-2=2,wordlist-3=3
window	n	1	3	wordlist-1=1,wordlist-2=1,wordlist-3=1
windscreen	n	4	3	wordlist-1=4,wordlist-2=3,wordlist-3=4
wine	n	2	3	wordlist-1=2,wordlist-2=1,wordlist-3=2
wing	n	1	3	wordlist-1=2,wordlist-2=1,wordlist-3=1
winner	n	2	3	wordlist-1=2,wordlist-2=2,wordlist-3=2
winter	n	1	3	wordlist-1=2,wordlist-2=1,wordlist-3=1
wipe	n	3	3	wordlist-1=4,wordlist-2=3,wordlist-3=2
wipe	v	2	3	wordlist-1=2,wordlist-2=2,wordlist-3=2
wire	n	2	3	wordlist-1=2,wordlist-2=2,wordlist-3=2
wireless	adj	3	3	wordlist-1=3,wordlist-2=2,wordlist-3=4
wisdom	n	2	3	wordlist-1=3,wordlist-2=2,wordlist-3=2
wise	adj	2	3	wordlist-1=2,wordlist-2=2,wordlist-3=2
wish	n	2	3	wordlist-1=2,wordlist-2=2,wordlist-3=2
wish	v	2	3	wordlist-1=2,wordlist-2=1,wordlist-3=2
with	prep	1	3	wordlist-1=1,wordlist-2=1,wordlist-3=1
within	prep	1	3	wordlist-1=2,wordlist-2=1,wordlist-3=1
without	prep	1	3	wordlist-1=1,wordlist-2=1,wordlist-3=1
witness	n	2	3	wordlist-1=3,wordlist-2=2,wordlist-3=2
witness	v	2	3	wordlist-1=3,wordlist-2=2,wordlist-3=2
woman	n	1	3	wordlist-1=1,wordlist-2=1,wordlist-3=1
wonder	v	2	3	wordlist-1=2,wordlist-2=1,wordlist-3=2
wonderful	adj	2	3	wordlist-1=2,wordlist-2=1,wordlist-3=2
wonderfully	adv	3	3	wordlist-1=3,wordlist-2=3,wordlist-3=2
wood	n	1	3	wordlist-1=2,wordlist-2=1,wordlist-3=1
wool	n	2	3	wordlist-1=3,wordlist-2=2,wordlist-3=2
woolen	adj	3	3	wordlist-1=4,wordlist-2=3,wordlist-3=3
word	n	1	3	wordlist-1=1,wordlist-2=1,wordlist-3=2
work	n	1	3	wordlist-1=1,wordlist-2=1,wordlist-3=1
work	v	1	3	wordlist-1=1,wordlist-2=1,wordlist-3=1
work out	phrv	1	3	wordlist-1=1,wordlist-2=1,wordlist-3=2
worker	n	2	3	wordlist-1=2,wordlist-2=1,wordlist-3=2
workforce	n	2	3	wordlist-1=3,wordlist-2=2,wordlist-3=2
workplace	n	2	3	wordlist-1=3,wordlist-2=2,wordlist-3=2
world	n	1	3	wordlist-1=1,wordlist-2=1,wordlist-3=1
worm	n	3	3	wordlist-1=3,wordlist-2=3,wordlist-3=2
worn	adj	3	3	wordlist-1=3,wordlist-2=2,wordlist-3=3
worried	adj	2	3	wordlist-1=2,wordlist-2=1,wordlist-3=2
worry	n	2	3	wordlist-1=2,wordlist-2=2,wordlist-3=2
worry	v	2	3	wordlist-1=2,wordlist-2=1,wordlist-3=2
worship	n	3	3	wordlist-1=3,wordlist-2=3,wordlist-3=2
worship	v	3	3	wordlist-1=3,wordlist-2=3,wordlist-3=2
worth	adj	2	3	wordlist-1=2,wordlist-2=1,wordlist-3=2
worthwhile	adj	2	3	wordlist-1=3,wordlist-2=2,wordlist-3=2
would	modal	1	3	wordlist-1=1,wordlist-2=1,wordlist-3=1
wound	n	2	3	wordlist-1=3,wordlist-2=2,wordlist-3=2
wound	v	3	3	wordlist-1=3,wordlist-2=3,wordlist-3=2
wow	interj	2	3	wordlist-1=2,wordlist-2=2,wordlist-3=4
wrap	v	2	3	wordlist-1=2,wordlist-2=2,wordlist-3=3
wrestling	n	3	3	wordlist-1=3,wordlist-2=3,wordlist-3=2
wrinkle	n	3	3	wordlist-1=3,wordlist-2=3,wordlist-3=4
wrinkled	adj	4	3	wordlist-1=4,wordlist-2=3,wordlist-3=4
write	v	1	3	wordlist-1=1,wordlist-2=1,wordlist-3=1
write down	phrv	2	3	wordlist-1=2,wordlist-2=2,wordlist-3=2
writer	n	2	3	wordlist-1=2,wordlist-2=1,wordlist-3=2
written	adj	2	3	wordlist-1=2,wordlist-2=2,wordlist-3=1
wrong	adj	1	3	wordlist-1=1,wordlist-2=1,wordlist-3=2
wrongly	adv	3	3	wordlist-1=3,wordlist-2=3,wordlist-3=2
x-ray	n	2	3	wordlist-1=3,wordlist-2=2,wordlist-3=2
yard	n	2	3	wordlist-1=2,wordlist-2=2,wordlist-3=1
yay	interj	2	3	wordlist-1=3,wordlist-2=2,wordlist-3=2
year	n	1	3	wordlist-1=1,wordlist-2=1,wordlist-3=2
yearly	adj	3	3	wordlist-1=3,wordlist-2=3,wordlist-3=2
yearly	adv	3	3	wordlist-1=3,wordlist-2=3,wordlist-3=2
yellow	adj	1	3	wordlist-1=2,wordlist-2=1,wordlist-3=1
yes	adv	1	3	wordlist-1=1,wordlist-2=1,wordlist-3=2
yes	interj	1	3	wordlist-1=1,wordlist-2=1,wordlist-3=2
yesterday	adv	2	3	wordlist-1=2,wordlist-2=1,wordlist-3=2
yesterday	n	2	3	wordlist-1=2,wordlist-2=2,wordlist-3=2
yet	adv	1	3	wordlist-1=1,wordlist-2=1,wordlist-3=2
yet	conj	2	3	wordlist-1=2,wordlist-2=2,wordlist-3=2
yield	n	3	3	wordlist-1=3,wordlist-2=3,wordlist-3=2
yield	v	2	3	wordlist-1=3,wordlist-2=2,wordlist-3=2
yogurt	n	2	3	wordlist-1=3,wordlist-2=2,wordlist-3=2
you	pron	1	3	wordlist-1=1,wordlist-2=1,wordlist-3=1
you are welcome	phr	2	3	wordlist-1=2,wordlist-2=1,wordlist-3=2
young	adj	1	3	wordlist-1=1,wordlist-2=1,wordlist-3=3
your	det	1	3	wordlist-1=1,wordlist-2=1,wordlist-3=2
yours	pron	2	3	wordlist-1=2,wordlist-2=1,wordlist-3=2
yourself	pron	2	3	wordlist-1=2,wordlist-2=1,wordlist-3=2
youth	n	2	3	wordlist-1=2,wordlist-2=2,wordlist-3=2
yuck	interj	3	3	wordlist-1=3,wordlist-2=3,wordlist-3=2
zero	num	2	3	wordlist-1=2,wordlist-2=1,wordlist-3=2
zip	n	3	3	wordlist-1=3,wordlist-2=3,wordlist-3=2
zip	v	3	3	wordlist-1=3,wordlist-2=3,wordlist-3=1
zipper	n	3	3	wordlist-1=3,wordlist-2=3,wordlist-3=2
