word	pos	votes	roles
-able	suffix	3	wordlist-1,wordlist-2,wordlist-3
-al	suffix	3	wordlist-1,wordlist-2,wordlist-3
-ance	suffix	2	wordlist-1,wordlist-3
-ary	suffix	1	wordlist-1
-ation	suffix	2	wordlist-1,wordlist-3
-dom	suffix	1	wordlist-1
-ence	suffix	1	wordlist-1
-er	suffix	1	wordlist-3
-ful	suffix	3	wordlist-1,wordlist-2,wordlist-3
-graphy	comb	1	wordlist-2
-hood	suffix	1	wordlist-1
-ible	suffix	1	wordlist-2
-ic	suffix	1	wordlist-3
-ify	suffix	2	wordlist-1,wordlist-2
-ing	suffix	1	wordlist-3
-ion	suffix	1	wordlist-3
-ise	suffix	1	wordlist-2
-ish	suffix	2	wordlist-2,wordlist-3
-ism	suffix	2	wordlist-1,wordlist-2
-ist	suffix	3	wordlist-1,wordlist-2,wordlist-3
-ity	suffix	3	wordlist-1,wordlist-2,wordlist-3
-ive	suffix	2	wordlist-1,wordlist-3
-ize	suffix	3	wordlist-1,wordlist-2,wordlist-3
-less	suffix	3	wordlist-1,wordlist-2,wordlist-3
-like	suffix	1	wordlist-2
-logy	comb	1	wordlist-2
-ly	suffix	1	wordlist-3
-ment	suffix	3	wordlist-1,wordlist-2,wordlist-3
-ness	suffix	2	wordlist-2,wordlist-3
-or	suffix	1	wordlist-3
-ous	suffix	3	wordlist-1,wordlist-2,wordlist-3
-phobia	comb	1	wordlist-2
-proof	suffix	1	wordlist-2
-ship	suffix	2	wordlist-1,wordlist-3
-tion	suffix	2	wordlist-2,wordlist-3
-ward	suffix	1	wordlist-1
-wise	suffix	1	wordlist-1
-y	suffix	1	wordlist-3
a.m.	abbr	2	wordlist-1,wordlist-3
abbreviate	v	1	wordlist-3
abdomen	n	1	wordlist-2
abdominal	adj	1	wordlist-2
ability	n	1	wordlist-1
abnormal	adj	1	wordlist-3
abnormally	adv	1	wordlist-3
abolish	v	1	wordlist-1
abrasive	adj	1	wordlist-2
abrasive	n	1	wordlist-2
abroad	adv	2	wordlist-1,wordlist-2
absolutely	adv	2	wordlist-1,wordlist-2
absorb	v	3	wordlist-1,wordlist-2,wordlist-3
abstract	adj	2	wordlist-1,wordlist-2
abstract	n	2	wordlist-1,wordlist-2
abundance	n	1	wordlist-2
abundant	adj	1	wordlist-2
abysmal	adj	1	wordlist-2
abysmally	adv	1	wordlist-2
academic	adj	2	wordlist-1,wordlist-2
academic	n	1	wordlist-1
academician	n	1	wordlist-2
accelerate	v	2	wordlist-1,wordlist-2
acceleration	n	1	wordlist-2
accent	n	2	wordlist-1,wordlist-2
accentuate	v	1	wordlist-3
acceptable	adj	1	wordlist-1
access	n	2	wordlist-1,wordlist-3
access	v	2	wordlist-1,wordlist-3
accessible	adj	2	wordlist-1,wordlist-2
accessory	n	2	wordlist-1,wordlist-2
accommodate	v	1	wordlist-2
accommodation	n	1	wordlist-1
according to	prep	1	wordlist-1
accordingly	adv	1	wordlist-1
account	n	2	wordlist-1,wordlist-3
accuracy	n	1	wordlist-1
accurate	adj	3	wordlist-1,wordlist-2,wordlist-3
accurately	adv	1	wordlist-2
accusation	n	1	wordlist-1
accuse	v	1	wordlist-1
ache	n	3	wordlist-1,wordlist-2,wordlist-3
ache	v	3	wordlist-1,wordlist-2,wordlist-3
achieve	v	1	wordlist-1
achievement	n	1	wordlist-1
acknowledge	v	1	wordlist-3
acoustic	adj	1	wordlist-2
acoustics	n	1	wordlist-2
acquaintance	n	1	wordlist-2
acquisition	n	1	wordlist-2
acrobat	n	1	wordlist-2
across	prep	1	wordlist-1
act	v	1	wordlist-2
action	n	1	wordlist-1
activism	n	1	wordlist-2
activist	n	1	wordlist-2
actor	n	1	wordlist-3
actress	n	1	wordlist-3
actual	adj	1	wordlist-1
actually	adv	3	wordlist-1,wordlist-2,wordlist-3
acute	adj	2	wordlist-2,wordlist-3
ad	abbr	1	wordlist-3
ad	n	1	wordlist-3
adapt	v	2	wordlist-1,wordlist-2
adaptation	n	1	wordlist-2
add up	phrv	1	wordlist-3
addicted	adj	1	wordlist-1
addiction	n	3	wordlist-1,wordlist-2,wordlist-3
addictive	adj	1	wordlist-2
additional	adj	1	wordlist-1
address	v	1	wordlist-1
adept	adj	1	wordlist-2
adequate	adj	2	wordlist-1,wordlist-2
adequately	adv	1	wordlist-2
adhere	v	1	wordlist-2
adhesive	adj	1	wordlist-2
adhesive	n	1	wordlist-2
adjacent	adj	2	wordlist-1,wordlist-2
adjust	v	1	wordlist-1
adjustment	n	1	wordlist-1
administer	v	1	wordlist-2
administrator	n	1	wordlist-3
admiration	n	2	wordlist-1,wordlist-2
admire	v	1	wordlist-1
admit	v	1	wordlist-1
admittedly	adv	1	wordlist-2
adolescence	n	2	wordlist-1,wordlist-2
adolescent	adj	1	wordlist-2
adolescent	n	1	wordlist-2
adopt	v	2	wordlist-1,wordlist-2
adoption	n	2	wordlist-1,wordlist-2
adore	v	1	wordlist-2
adult	n	1	wordlist-1
advance	v	1	wordlist-1
advanced	adj	2	wordlist-1,wordlist-3
advantage	n	1	wordlist-1
adverse	adj	1	wordlist-3
advertise	v	1	wordlist-1
advertising	n	1	wordlist-1
affect	v	1	wordlist-1
affection	n	2	wordlist-1,wordlist-2
affectionate	adj	1	wordlist-2
afford	v	1	wordlist-1
affordable	adj	1	wordlist-1
after all	phr	1	wordlist-2
aftershave	n	1	wordlist-1
aftertaste	n	1	wordlist-2
afterwards	adv	1	wordlist-2
age	v	1	wordlist-1
ageing	n	1	wordlist-1
agenda	n	1	wordlist-2
aggression	n	1	wordlist-1
aggressive	adj	2	wordlist-1,wordlist-2
agile	adj	1	wordlist-2
agility	n	1	wordlist-2
aging	adj	1	wordlist-2
aging	n	1	wordlist-2
agitated	adj	1	wordlist-2
agree	v	1	wordlist-1
agreement	n	1	wordlist-1
agricultural	adj	2	wordlist-1,wordlist-3
agriculture	n	1	wordlist-1
ah	interj	1	wordlist-3
ahead	adv	2	wordlist-1,wordlist-2
ai	abbr	1	wordlist-2
aim	n	2	wordlist-1,wordlist-2
aim	v	2	wordlist-1,wordlist-2
airline	n	1	wordlist-1
airport	n	1	wordlist-1
aisle	n	2	wordlist-1,wordlist-2
aka	abbr	1	wordlist-2
alarm	n	1	wordlist-1
alas	interj	2	wordlist-2,wordlist-3
album	n	1	wordlist-3
alcohol	n	1	wordlist-1
alert	n	1	wordlist-3
algae	n	1	wordlist-3
algorithm	n	1	wordlist-3
alienate	v	1	wordlist-2
alienated	adj	1	wordlist-2
alienation	n	1	wordlist-2
align	v	1	wordlist-2
all	pron	1	wordlist-3
allergic	adj	2	wordlist-1,wordlist-2
allergy	n	3	wordlist-1,wordlist-2,wordlist-3
alley	n	2	wordlist-2,wordlist-3
alliance	n	2	wordlist-1,wordlist-2
allow	v	1	wordlist-1
allowance	n	1	wordlist-1
alloy	n	1	wordlist-2
ally	n	1	wordlist-2
ally	v	1	wordlist-2
almost	adv	2	wordlist-1,wordlist-3
alone	adv	1	wordlist-1
alongside	prep	3	wordlist-1,wordlist-2,wordlist-3
already	adv	2	wordlist-1,wordlist-3
alright	adv	1	wordlist-2
alright	interj	1	wordlist-2
also	adv	1	wordlist-3
alter	v	2	wordlist-1,wordlist-2
alteration	n	2	wordlist-1,wordlist-2
alternate	adj	1	wordlist-2
alternative	n	1	wordlist-1
alternatively	adv	1	wordlist-2
although	conj	2	wordlist-1,wordlist-3
altitude	n	2	wordlist-2,wordlist-3
alumnus	n	1	wordlist-2
always	adv	1	wordlist-3
amateur	adj	2	wordlist-2,wordlist-3
amateur	n	2	wordlist-2,wordlist-3
amaze	v	1	wordlist-1
amazed	adj	1	wordlist-1
ambassador	n	1	wordlist-2
ambiguity	n	1	wordlist-2
ambiguous	adj	1	wordlist-2
ambition	n	1	wordlist-1
ambitious	adj	2	wordlist-1,wordlist-2
ambulance	n	2	wordlist-1,wordlist-2
amen	interj	1	wordlist-2
amenity	n	1	wordlist-1
amid	prep	3	wordlist-1,wordlist-2,wordlist-3
amidst	prep	2	wordlist-2,wordlist-3
among	prep	2	wordlist-1,wordlist-3
amongst	prep	1	wordlist-3
amount	n	2	wordlist-1,wordlist-3
amount to	phrv	2	wordlist-2,wordlist-3
amphibian	n	2	wordlist-1,wordlist-2
ample	adj	1	wordlist-3
amplify	v	1	wordlist-2
analogy	n	1	wordlist-3
analyse	v	1	wordlist-1
analysis	n	2	wordlist-1,wordlist-2
analysis	v	1	wordlist-1
analyze	v	2	wordlist-1,wordlist-2
anarchy	n	1	wordlist-2
ancestor	n	2	wordlist-1,wordlist-2
ancestry	n	1	wordlist-2
anchor	n	1	wordlist-2
anchor	v	1	wordlist-2
ancient	adj	1	wordlist-2
anemia	n	1	wordlist-3
anesthetic	n	1	wordlist-3
animation	n	1	wordlist-2
animator	n	1	wordlist-2
anniversary	n	2	wordlist-1,wordlist-2
announce	v	1	wordlist-1
annoy	v	1	wordlist-1
annoyance	n	1	wordlist-2
annoyed	adj	1	wordlist-1
annual	adj	2	wordlist-1,wordlist-2
annually	adv	1	wordlist-2
another	pron	1	wordlist-3
answer	n	1	wordlist-1
ant	n	1	wordlist-3
antagonist	n	1	wordlist-2
anti-	prefix	3	wordlist-1,wordlist-2,wordlist-3
antibiotic	n	3	wordlist-1,wordlist-2,wordlist-3
antler	n	1	wordlist-2
antonym	n	1	wordlist-2
anxiety	n	3	wordlist-1,wordlist-2,wordlist-3
anxious	adj	2	wordlist-1,wordlist-2
any	pron	1	wordlist-3
anybody	pron	2	wordlist-2,wordlist-3
anyhow	adv	1	wordlist-3
anyone	pron	2	wordlist-2,wordlist-3
anything	pron	1	wordlist-3
anyway	adv	3	wordlist-1,wordlist-2,wordlist-3
apart	adv	1	wordlist-1
apartment	n	1	wordlist-1
apartment block	n	1	wordlist-3
apathetic	adj	1	wordlist-2
apathy	n	1	wordlist-2
ape	n	1	wordlist-3
apologies	n	2	wordlist-2,wordlist-3
apologize	v	1	wordlist-1
app	abbr	1	wordlist-2
app	n	2	wordlist-1,wordlist-3
appalling	adj	1	wordlist-2
appallingly	adv	1	wordlist-2
apparatus	n	1	wordlist-2
apparel	n	1	wordlist-3
apparent	adj	1	wordlist-3
apparently	adv	1	wordlist-1
appeal	n	1	wordlist-1
appeal	v	1	wordlist-1
appear	v	2	wordlist-1,wordlist-3
appearance	n	1	wordlist-1
appendix	n	1	wordlist-2
appetite	n	2	wordlist-1,wordlist-2
appetizer	n	2	wordlist-2,wordlist-3
applause	n	1	wordlist-2
appliance	n	2	wordlist-1,wordlist-2
application	n	1	wordlist-1
apply	v	2	wordlist-1,wordlist-3
apply for	phrv	1	wordlist-1
appoint	v	1	wordlist-1
appointment	n	2	wordlist-1,wordlist-3
appraisal	n	1	wordlist-2
appraise	v	1	wordlist-2
appreciate	v	2	wordlist-1,wordlist-2
appreciation	n	1	wordlist-2
apprehensive	adj	1	wordlist-2
apprentice	n	1	wordlist-2
apprenticeship	n	1	wordlist-2
approach	n	1	wordlist-1
approach	v	1	wordlist-1
approimate	v	1	wordlist-3
approimately	adv	1	wordlist-3
appropriate	adj	1	wordlist-1
approval	n	1	wordlist-1
approve	v	1	wordlist-1
approx.	abbr	1	wordlist-1
approximate	adj	1	wordlist-2
approximate	v	1	wordlist-2
approximately	adv	3	wordlist-1,wordlist-2,wordlist-3
approximation	n	1	wordlist-2
apron	n	1	wordlist-1
apt.	abbr	1	wordlist-1
aptitude	n	1	wordlist-2
aquatic	adj	1	wordlist-3
aquifer	n	1	wordlist-3
arable	adj	1	wordlist-2
arcade	n	2	wordlist-2,wordlist-3
archaic	adj	1	wordlist-2
archer	n	1	wordlist-2
archery	n	1	wordlist-2
archipelago	n	1	wordlist-3
archive	n	2	wordlist-2,wordlist-3
archive	v	2	wordlist-2,wordlist-3
arctic	adj	1	wordlist-2
arduous	adj	2	wordlist-2,wordlist-3
arduously	adv	1	wordlist-3
area	n	1	wordlist-3
arena	n	2	wordlist-2,wordlist-3
argue	v	2	wordlist-1,wordlist-2
argument	n	2	wordlist-1,wordlist-2
arid	adj	2	wordlist-2,wordlist-3
arise	v	1	wordlist-2
armchair	n	1	wordlist-2
army	n	1	wordlist-1
aroma	n	3	wordlist-1,wordlist-2,wordlist-3
arrange	v	1	wordlist-1
arrears	n	1	wordlist-2
arrest	n	1	wordlist-1
arrest	v	1	wordlist-1
arrested	adj	1	wordlist-1
arrival	n	2	wordlist-1,wordlist-2
arrive	v	1	wordlist-1
arrogance	n	2	wordlist-1,wordlist-2
arrogant	adj	2	wordlist-1,wordlist-2
art	n	1	wordlist-3
artery	n	2	wordlist-2,wordlist-3
arthritis	n	1	wordlist-3
article	n	1	wordlist-1
articulate	adj	1	wordlist-2
articulate	v	1	wordlist-2
artificial intelligence	n	1	wordlist-1
artillery	n	1	wordlist-2
artist	n	1	wordlist-3
as a matter of fact	phr	1	wordlist-2
as for	prep	1	wordlist-2
as if	conj	1	wordlist-1
as though	conj	1	wordlist-1
as to	prep	1	wordlist-2
as well as	conj	1	wordlist-2
as well as	prep	2	wordlist-1,wordlist-2
asap	abbr	3	wordlist-1,wordlist-2,wordlist-3
ascend	v	1	wordlist-2
ash	n	2	wordlist-1,wordlist-2
ashamed	adj	2	wordlist-1,wordlist-2
aspect	n	1	wordlist-2
aspiration	n	1	wordlist-2
aspire	v	1	wordlist-2
assault	n	1	wordlist-1
assault	v	1	wordlist-1
assemble	v	2	wordlist-1,wordlist-2
assembly	n	1	wordlist-1
assert	v	1	wordlist-2
assertion	n	1	wordlist-2
assertive	adj	1	wordlist-2
assess	v	2	wordlist-2,wordlist-3
assessment	n	2	wordlist-1,wordlist-2
assessment	v	1	wordlist-1
asset	n	2	wordlist-1,wordlist-2
assignment	n	2	wordlist-1,wordlist-2
associate	v	2	wordlist-1,wordlist-3
assume	v	3	wordlist-1,wordlist-2,wordlist-3
assuming	conj	2	wordlist-1,wordlist-3
assumption	n	3	wordlist-1,wordlist-2,wordlist-3
astern	adv	1	wordlist-2
asteroid	n	1	wordlist-3
asthma	n	2	wordlist-2,wordlist-3
astonished	adj	1	wordlist-2
astute	adj	1	wordlist-2
asylum	n	1	wordlist-2
asymmetrical	adj	1	wordlist-2
athlete	n	2	wordlist-2,wordlist-3
athletic	adj	1	wordlist-2
atm	abbr	2	wordlist-2,wordlist-3
atmosphere	n	3	wordlist-1,wordlist-2,wordlist-3
atmospheric	adj	1	wordlist-2
atoll	n	1	wordlist-3
atrium	n	1	wordlist-2
atrocious	adj	1	wordlist-2
attach	v	1	wordlist-1
attachment	n	1	wordlist-1
attack	n	1	wordlist-1
attack	v	1	wordlist-1
attempt	n	1	wordlist-1
attempt	v	1	wordlist-1
attic	n	2	wordlist-1,wordlist-2
attire	n	1	wordlist-3
attitude	n	1	wordlist-1
attn.	abbr	1	wordlist-1
attorney	n	1	wordlist-2
attractive	adj	1	wordlist-1
attractiveness	n	1	wordlist-1
atypical	adj	2	wordlist-2,wordlist-3
atypically	adv	1	wordlist-3
auction	n	1	wordlist-2
auction	v	1	wordlist-2
audacious	adj	1	wordlist-2
audible	adj	1	wordlist-2
audience	n	2	wordlist-1,wordlist-3
audio	n	1	wordlist-1
audit	n	1	wordlist-2
audit	v	1	wordlist-2
audition	n	1	wordlist-2
audition	v	1	wordlist-2
auditorium	n	1	wordlist-2
authentic	adj	2	wordlist-2,wordlist-3
authentically	adv	2	wordlist-2,wordlist-3
author	n	2	wordlist-1,wordlist-2
authoritarian	adj	1	wordlist-2
authority	n	1	wordlist-1
auto-	prefix	2	wordlist-1,wordlist-2
autobiography	n	1	wordlist-2
automated	adj	1	wordlist-3
automatic	adj	2	wordlist-1,wordlist-3
autumnal	adj	1	wordlist-2
available	adj	1	wordlist-1
avalanche	n	1	wordlist-2
ave.	abbr	1	wordlist-1
avenue	n	3	wordlist-1,wordlist-2,wordlist-3
average	adj	1	wordlist-1
avoid	v	1	wordlist-1
awake	adj	2	wordlist-1,wordlist-2
awaken	v	1	wordlist-2
aware	adj	2	wordlist-1,wordlist-3
awareness	n	2	wordlist-1,wordlist-3
awe	n	1	wordlist-2
awful	adj	2	wordlist-1,wordlist-3
awfully	adv	1	wordlist-3
awkward	adj	1	wordlist-3
awkwardly	adv	1	wordlist-3
awning	n	1	wordlist-3
axis	n	1	wordlist-3
b&b	abbr	1	wordlist-3
b2b	abbr	1	wordlist-2
back away	phrv	1	wordlist-2
back up	phrv	2	wordlist-1,wordlist-2
backpack	n	3	wordlist-1,wordlist-2,wordlist-3
backpack	v	1	wordlist-2
backpacker	n	1	wordlist-2
backstage	adj	1	wordlist-2
backstage	n	1	wordlist-2
backup	n	2	wordlist-1,wordlist-3
backup	v	1	wordlist-3
backward	adj	1	wordlist-2
backward	adv	1	wordlist-1
backwards	adv	1	wordlist-2
bacon	n	2	wordlist-1,wordlist-2
bacteria	n	2	wordlist-1,wordlist-3
badger	n	1	wordlist-3
baggage	n	2	wordlist-1,wordlist-2
baggy	adj	2	wordlist-2,wordlist-3
bail	n	1	wordlist-2
bake	v	3	wordlist-1,wordlist-2,wordlist-3
baker	n	1	wordlist-2
bakery	n	2	wordlist-1,wordlist-3
balance	n	1	wordlist-1
balcony	n	2	wordlist-1,wordlist-2
bald	adj	2	wordlist-1,wordlist-2
ball	n	1	wordlist-3
ballerina	n	1	wordlist-2
ballot	n	1	wordlist-2
ban	n	1	wordlist-1
ban	v	1	wordlist-1
band	n	1	wordlist-3
bandage	n	3	wordlist-1,wordlist-2,wordlist-3
bandage	v	2	wordlist-1,wordlist-2
bang	n	1	wordlist-1
bang	v	1	wordlist-1
bank	n	1	wordlist-2
bank account	n	1	wordlist-1
bankrupt	adj	2	wordlist-1,wordlist-2
bankruptcy	n	1	wordlist-2
banquet	n	2	wordlist-1,wordlist-2
bar	n	1	wordlist-3
barbecue	n	1	wordlist-3
barbecue	v	1	wordlist-3
barber	n	1	wordlist-1
barely	adv	2	wordlist-2,wordlist-3
bargain	v	1	wordlist-2
bark	n	2	wordlist-1,wordlist-2
barley	n	2	wordlist-2,wordlist-3
barn	n	3	wordlist-1,wordlist-2,wordlist-3
barometer	n	1	wordlist-2
barren	adj	2	wordlist-2,wordlist-3
barrier	n	1	wordlist-2
barring	prep	2	wordlist-2,wordlist-3
baseball	n	1	wordlist-3
basement	n	2	wordlist-1,wordlist-2
basically	adv	1	wordlist-3
basin	n	1	wordlist-3
basket	n	1	wordlist-1
basketball	n	1	wordlist-3
bat	n	1	wordlist-3
bathe	v	1	wordlist-2
bathrobe	n	1	wordlist-2
batter	n	1	wordlist-2
battery	n	2	wordlist-1,wordlist-3
bay	n	3	wordlist-1,wordlist-2,wordlist-3
bazaar	n	1	wordlist-3
bc	abbr	1	wordlist-3
bcc	abbr	1	wordlist-1
be	v	1	wordlist-3
beach	n	1	wordlist-1
beak	n	2	wordlist-2,wordlist-3
beam	n	2	wordlist-1,wordlist-2
beam	v	1	wordlist-2
bean	n	1	wordlist-1
beanie	n	1	wordlist-2
bear	n	1	wordlist-3
bear	v	1	wordlist-2
bear in mind	phrv	1	wordlist-1
beard	n	1	wordlist-1
bearing	n	1	wordlist-2
beat	n	1	wordlist-3
beat	v	2	wordlist-1,wordlist-3
become	v	1	wordlist-3
bedsheet	n	1	wordlist-2
bedtime	n	1	wordlist-1
bee	n	1	wordlist-3
beef	n	2	wordlist-2,wordlist-3
beforehand	adv	1	wordlist-2
behavior	n	1	wordlist-1
behaviour	n	1	wordlist-1
belief	n	1	wordlist-1
believe	v	1	wordlist-1
believe in	phrv	1	wordlist-1
belongings	n	1	wordlist-1
belt	n	1	wordlist-3
bench	n	1	wordlist-3
benchmark	n	1	wordlist-2
bend	n	1	wordlist-2
bend	v	2	wordlist-1,wordlist-2
beneath	prep	3	wordlist-1,wordlist-2,wordlist-3
benefit	n	1	wordlist-1
benefit	v	1	wordlist-1
benign	adj	2	wordlist-2,wordlist-3
bereavement	n	2	wordlist-1,wordlist-2
beside	prep	2	wordlist-1,wordlist-3
besides	adv	2	wordlist-1,wordlist-2
besides	prep	3	wordlist-1,wordlist-2,wordlist-3
bestseller	n	1	wordlist-2
betray	v	1	wordlist-2
betrayal	n	1	wordlist-2
beverage	n	2	wordlist-2,wordlist-3
bewildered	adj	1	wordlist-2
beyond	prep	2	wordlist-1,wordlist-3
bi-	comb	1	wordlist-3
bi-	prefix	1	wordlist-1
bias	n	2	wordlist-2,wordlist-3
biased	adj	1	wordlist-2
bibliography	n	2	wordlist-1,wordlist-2
bicycle	n	1	wordlist-1
bidder	n	1	wordlist-2
bike	n	1	wordlist-3
bike	v	1	wordlist-3
bikini	n	1	wordlist-3
bilingual	adj	1	wordlist-2
bill	n	1	wordlist-1
billboard	n	2	wordlist-2,wordlist-3
billiards	n	1	wordlist-2
billion	num	1	wordlist-2
bin	n	2	wordlist-1,wordlist-3
bin liner	n	1	wordlist-2
bio-	comb	2	wordlist-1,wordlist-2
biodegradable	adj	1	wordlist-2
biodiversity	n	1	wordlist-3
biography	n	1	wordlist-2
biopsy	n	1	wordlist-3
bird	n	1	wordlist-1
birth	n	1	wordlist-1
bistro	n	1	wordlist-2
bitter	adj	3	wordlist-1,wordlist-2,wordlist-3
bizarre	adj	2	wordlist-2,wordlist-3
bizarrely	adv	1	wordlist-3
bladder	n	1	wordlist-2
blade	n	2	wordlist-1,wordlist-3
blame	v	1	wordlist-1
bland	adj	2	wordlist-1,wordlist-2
blanket	n	1	wordlist-1
blazer	n	2	wordlist-2,wordlist-3
bleach	n	2	wordlist-1,wordlist-2
bleach	v	1	wordlist-2
bleak	adj	1	wordlist-2
bleed	v	3	wordlist-1,wordlist-2,wordlist-3
bleeding	n	1	wordlist-1
blemish	n	1	wordlist-2
blend	v	3	wordlist-1,wordlist-2,wordlist-3
blender	n	2	wordlist-1,wordlist-2
bless you	phr	1	wordlist-3
blind	adj	1	wordlist-1
blind	n	1	wordlist-1
blindly	adv	1	wordlist-2
blinds	n	1	wordlist-2
blizzard	n	2	wordlist-2,wordlist-3
block	n	2	wordlist-1,wordlist-3
block	v	1	wordlist-1
blockbuster	n	1	wordlist-2
blocked	adj	1	wordlist-1
blood	n	1	wordlist-1
blood pressure	phr	1	wordlist-1
bloom	n	2	wordlist-1,wordlist-2
bloom	v	2	wordlist-1,wordlist-2
blossom	n	2	wordlist-1,wordlist-2
blossom	v	1	wordlist-2
blouse	n	1	wordlist-3
blow	v	1	wordlist-1
blow-dry	v	1	wordlist-2
blunt	adj	3	wordlist-1,wordlist-2,wordlist-3
blurry	adj	1	wordlist-2
blush	n	1	wordlist-2
blush	v	1	wordlist-2
blustery	adj	1	wordlist-2
blvd.	abbr	1	wordlist-1
board	v	2	wordlist-1,wordlist-2
board game	n	2	wordlist-2,wordlist-3
boarding	n	1	wordlist-2
bog	n	1	wordlist-3
boil	v	2	wordlist-1,wordlist-3
boiling	adj	1	wordlist-1
bold	adj	1	wordlist-2
bolt	n	1	wordlist-1
bomb	n	1	wordlist-1
bond	n	1	wordlist-2
bond	v	1	wordlist-2
bone	n	2	wordlist-1,wordlist-3
bonnet	n	1	wordlist-2
bonus	n	2	wordlist-1,wordlist-2
book	v	1	wordlist-1
booking	n	1	wordlist-1
bookshelf	n	1	wordlist-2
bookshop	n	1	wordlist-3
boot	n	1	wordlist-2
boot	v	1	wordlist-3
border	n	1	wordlist-1
bored	adj	1	wordlist-1
borough	n	1	wordlist-2
borrow	v	1	wordlist-1
both	pron	1	wordlist-3
bottle	n	1	wordlist-1
boulevard	n	2	wordlist-2,wordlist-3
boutique	n	3	wordlist-1,wordlist-2,wordlist-3
bow tie	n	1	wordlist-3
bowel	n	1	wordlist-2
bowl	n	1	wordlist-1
bowling	n	1	wordlist-2
boxer	n	1	wordlist-2
boxers	n	1	wordlist-3
boxing	n	1	wordlist-3
bra	n	2	wordlist-1,wordlist-3
brace	n	1	wordlist-3
bracelet	n	3	wordlist-1,wordlist-2,wordlist-3
bracket	n	1	wordlist-2
braid	n	1	wordlist-2
braid	v	1	wordlist-2
brain	n	1	wordlist-1
brake	n	2	wordlist-1,wordlist-2
brake	v	2	wordlist-1,wordlist-2
branch	n	1	wordlist-1
brand	n	1	wordlist-1
brave	adj	1	wordlist-1
bravo	interj	2	wordlist-2,wordlist-3
brawny	adj	1	wordlist-2
brb	abbr	1	wordlist-3
breadwinner	n	1	wordlist-2
break	v	1	wordlist-1
break down	phrv	2	wordlist-1,wordlist-3
break in	phrv	2	wordlist-1,wordlist-3
break into	phrv	1	wordlist-1
break out	phrv	1	wordlist-3
break up	phrv	2	wordlist-1,wordlist-3
break up	v	1	wordlist-2
breakdown	n	1	wordlist-2
breathable	adj	1	wordlist-3
breathe	v	1	wordlist-1
breathing	n	1	wordlist-1
breathless	adj	1	wordlist-1
breed	n	3	wordlist-1,wordlist-2,wordlist-3
breed	v	3	wordlist-1,wordlist-2,wordlist-3
breeze	n	3	wordlist-1,wordlist-2,wordlist-3
bribe	n	1	wordlist-2
bribe	v	1	wordlist-2
bribery	n	1	wordlist-2
brick	n	1	wordlist-1
bride	n	1	wordlist-2
bridge	n	1	wordlist-3
brief	adj	1	wordlist-1
briefcase	n	3	wordlist-1,wordlist-2,wordlist-3
briefly	adv	1	wordlist-2
briefs	n	2	wordlist-1,wordlist-3
bright	adj	1	wordlist-1
brighten	v	2	wordlist-1,wordlist-3
brilliant	adj	1	wordlist-3
brilliantly	adv	1	wordlist-3
bring	v	1	wordlist-3
bring about	phrv	1	wordlist-2
bring back	phrv	2	wordlist-1,wordlist-3
bring in	phrv	2	wordlist-1,wordlist-3
bring up	phrv	2	wordlist-1,wordlist-3
brittle	adj	1	wordlist-2
broad	adj	2	wordlist-1,wordlist-3
brochure	n	1	wordlist-2
broil	v	1	wordlist-3
broken	adj	1	wordlist-1
broker	n	1	wordlist-2
brokerage	n	1	wordlist-2
bronchitis	n	1	wordlist-3
brooch	n	1	wordlist-3
broom	n	2	wordlist-1,wordlist-2
broth	n	2	wordlist-2,wordlist-3
browse	v	2	wordlist-1,wordlist-2
browser	n	2	wordlist-1,wordlist-3
bruise	n	3	wordlist-1,wordlist-2,wordlist-3
bruise	v	2	wordlist-1,wordlist-2
brush	n	1	wordlist-1
brush	v	1	wordlist-2
btw	abbr	1	wordlist-3
bucket	n	1	wordlist-1
buckle	n	1	wordlist-2
buckle	v	1	wordlist-2
bud	n	1	wordlist-1
budget	n	1	wordlist-1
budget	v	1	wordlist-1
buffet	n	2	wordlist-1,wordlist-2
bug	n	1	wordlist-3
bulb	n	1	wordlist-1
bulk	n	2	wordlist-2,wordlist-3
bulk up	phrv	1	wordlist-3
bulky	adj	1	wordlist-3
bull	n	1	wordlist-3
bumper	n	1	wordlist-2
bungalow	n	1	wordlist-2
buoyancy	n	1	wordlist-2
buoyant	adj	1	wordlist-2
burdensome	adj	1	wordlist-2
bureaucracy	n	1	wordlist-2
bureaucratic	adj	1	wordlist-2
burger	n	1	wordlist-1
burglar	n	1	wordlist-1
burglary	n	1	wordlist-1
burial	n	1	wordlist-2
burn	n	1	wordlist-1
burn	v	1	wordlist-1
burrow	n	1	wordlist-2
burrow	v	1	wordlist-2
bury	v	2	wordlist-1,wordlist-2
bus stop	n	1	wordlist-3
bustling	adj	2	wordlist-2,wordlist-3
butcher	n	3	wordlist-1,wordlist-2,wordlist-3
butcher	v	1	wordlist-3
butter	n	1	wordlist-1
butterfly	n	1	wordlist-3
buttery	adj	1	wordlist-3
button	n	2	wordlist-1,wordlist-3
button	v	1	wordlist-2
button up	phrv	1	wordlist-1
buzz	n	2	wordlist-1,wordlist-2
buzz	v	2	wordlist-1,wordlist-2
by the way	phr	2	wordlist-2,wordlist-3
by virtue of	prep	1	wordlist-2
by-product	n	1	wordlist-2
bye	interj	1	wordlist-3
bypass	n	1	wordlist-2
bypass	v	1	wordlist-2
cab	n	1	wordlist-2
cabinet	n	2	wordlist-1,wordlist-2
cable	n	2	wordlist-1,wordlist-3
cafeteria	n	1	wordlist-3
café	n	1	wordlist-3
cage	n	1	wordlist-1
cage	v	1	wordlist-1
calculate	v	3	wordlist-1,wordlist-2,wordlist-3
calculation	n	1	wordlist-2
calf	n	2	wordlist-2,wordlist-3
call	v	1	wordlist-3
call back	phrv	1	wordlist-3
call off	phrv	2	wordlist-1,wordlist-3
call up	phrv	1	wordlist-3
calm	adj	1	wordlist-1
calm	n	1	wordlist-1
calm	v	1	wordlist-1
calm down	phrv	3	wordlist-1,wordlist-2,wordlist-3
calorie	n	2	wordlist-1,wordlist-2
cameo	n	1	wordlist-2
camera	n	1	wordlist-3
camisole	n	1	wordlist-3
campaign	n	2	wordlist-1,wordlist-2
campaign	v	2	wordlist-1,wordlist-2
camping	n	1	wordlist-2
campsite	n	1	wordlist-1
campus	n	1	wordlist-2
can	modal	1	wordlist-3
can	n	1	wordlist-1
canal	n	2	wordlist-2,wordlist-3
cancel	v	1	wordlist-1
cancelled	adj	1	wordlist-1
candid	adj	1	wordlist-2
candidate	n	2	wordlist-1,wordlist-2
canopy	n	1	wordlist-2
canteen	n	1	wordlist-2
canvas	n	1	wordlist-2
canvass	v	1	wordlist-2
canyon	n	2	wordlist-2,wordlist-3
cap	n	1	wordlist-2
capable	adj	1	wordlist-1
capacity	n	2	wordlist-2,wordlist-3
cape	n	1	wordlist-3
capsule	n	2	wordlist-2,wordlist-3
capture	n	1	wordlist-1
capture	v	1	wordlist-1
car park	n	2	wordlist-1,wordlist-3
caravan	n	1	wordlist-2
carbohydrate	n	2	wordlist-1,wordlist-2
carbon	n	1	wordlist-3
carcass	n	1	wordlist-2
card	n	1	wordlist-3
cardigan	n	2	wordlist-2,wordlist-3
cardiology	n	1	wordlist-3
care about	phrv	1	wordlist-1
care for	phrv	1	wordlist-1
career	n	1	wordlist-1
careful	adj	1	wordlist-1
carefully	adv	1	wordlist-1
careless	adj	2	wordlist-1,wordlist-2
caress	n	1	wordlist-2
caress	v	1	wordlist-2
cargo	n	1	wordlist-2
carnivore	n	1	wordlist-2
carpet	n	2	wordlist-1,wordlist-2
carriage	n	2	wordlist-1,wordlist-2
carry	v	2	wordlist-1,wordlist-3
carry on	phrv	2	wordlist-1,wordlist-3
carry out	phrv	3	wordlist-1,wordlist-2,wordlist-3
carry-on	n	1	wordlist-1
cartilage	n	1	wordlist-3
cartoon	n	1	wordlist-3
carve	v	1	wordlist-2
case	n	1	wordlist-1
cash	n	1	wordlist-1
cash	v	1	wordlist-1
cashier	n	1	wordlist-1
casino	n	1	wordlist-2
casserole	n	2	wordlist-2,wordlist-3
cast	n	2	wordlist-2,wordlist-3
cast	v	1	wordlist-2
casual	adj	2	wordlist-1,wordlist-2
casualty	n	1	wordlist-2
catalog	n	1	wordlist-2
categorize	v	2	wordlist-2,wordlist-3
category	n	2	wordlist-1,wordlist-2
cater	v	2	wordlist-2,wordlist-3
catering	n	1	wordlist-2
caterpillar	n	1	wordlist-2
cathedral	n	1	wordlist-2
catheter	n	1	wordlist-3
cattle	n	3	wordlist-1,wordlist-2,wordlist-3
cause	n	1	wordlist-1
cause	v	1	wordlist-1
cautious	adj	1	wordlist-2
cautiously	adv	1	wordlist-2
cave	n	3	wordlist-1,wordlist-2,wordlist-3
cc	abbr	1	wordlist-1
ceasefire	n	2	wordlist-1,wordlist-2
ceaseless	adj	1	wordlist-2
ceiling	n	1	wordlist-1
celebrate	v	1	wordlist-1
celebration	n	1	wordlist-1
celestial	adj	1	wordlist-3
cell	n	1	wordlist-3
cellar	n	1	wordlist-2
cement	n	1	wordlist-1
cemetery	n	2	wordlist-1,wordlist-2
centenarian	n	1	wordlist-2
centi-	comb	1	wordlist-3
central	adj	2	wordlist-1,wordlist-3
centrally	adv	1	wordlist-3
century	n	1	wordlist-2
ceo	abbr	2	wordlist-2,wordlist-3
ceramic	adj	1	wordlist-2
ceramic	n	1	wordlist-2
ceramics	n	1	wordlist-2
cereal	n	2	wordlist-1,wordlist-2
ceremony	n	2	wordlist-1,wordlist-2
certain	adj	1	wordlist-1
certainly	adv	2	wordlist-1,wordlist-3
certainty	n	1	wordlist-3
certificate	n	1	wordlist-1
cfo	abbr	1	wordlist-2
challenge	n	1	wordlist-1
challenge	v	1	wordlist-1
challenging	adj	2	wordlist-2,wordlist-3
champion	n	1	wordlist-3
championship	n	2	wordlist-2,wordlist-3
chandelier	n	1	wordlist-2
change	v	1	wordlist-1
change into	phrv	1	wordlist-1
change one's mind	phrv	1	wordlist-1
channel	n	1	wordlist-3
chapel	n	1	wordlist-2
chapter	n	2	wordlist-1,wordlist-2
character	n	1	wordlist-1
characteristic	n	1	wordlist-1
characterize	v	1	wordlist-3
charcoal	n	1	wordlist-2
charge	n	1	wordlist-1
charge	v	1	wordlist-1
charger	n	2	wordlist-1,wordlist-3
charismatic	adj	1	wordlist-2
charitable	adj	1	wordlist-1
charity	n	2	wordlist-1,wordlist-2
charity shop	n	1	wordlist-3
charter	n	1	wordlist-2
charter	v	1	wordlist-2
chat	n	1	wordlist-3
chat	v	1	wordlist-3
cheap	adj	1	wordlist-1
check	v	1	wordlist-1
check in	phrv	2	wordlist-1,wordlist-3
check out	phrv	2	wordlist-1,wordlist-3
checked	adj	2	wordlist-1,wordlist-2
checkmate	n	1	wordlist-2
checkout	n	1	wordlist-1
checkpoint	n	2	wordlist-1,wordlist-2
checkup	n	2	wordlist-1,wordlist-3
cheer up	phrv	3	wordlist-1,wordlist-2,wordlist-3
cheerful	adj	2	wordlist-1,wordlist-2
cheers	interj	2	wordlist-2,wordlist-3
chef	n	1	wordlist-3
chemical	n	1	wordlist-1
chemist	n	1	wordlist-3
cherish	v	1	wordlist-2
chess	n	1	wordlist-3
chest	n	1	wordlist-1
chew	v	2	wordlist-1,wordlist-2
chewy	adj	1	wordlist-3
chic	adj	1	wordlist-2
chick	n	1	wordlist-3
chicken	n	1	wordlist-3
childhood	n	1	wordlist-1
childish	adj	1	wordlist-1
chill	n	1	wordlist-2
chilly	adj	1	wordlist-2
chime	n	1	wordlist-2
chime	v	1	wordlist-2
chimney	n	2	wordlist-1,wordlist-2
chinos	n	1	wordlist-3
chip	n	1	wordlist-3
choice	n	1	wordlist-1
choir	n	1	wordlist-2
choke	v	1	wordlist-2
choose	v	1	wordlist-1
chop	n	1	wordlist-2
chop	v	3	wordlist-1,wordlist-2,wordlist-3
chopping board	n	1	wordlist-1
chore	n	1	wordlist-2
choreographer	n	1	wordlist-2
choreography	n	1	wordlist-2
chores	n	1	wordlist-1
chronic	adj	3	wordlist-1,wordlist-2,wordlist-3
chronological	adj	1	wordlist-2
chronology	n	1	wordlist-2
chubby	adj	1	wordlist-2
chunk	n	1	wordlist-3
chunky	adj	1	wordlist-3
cinema	n	2	wordlist-1,wordlist-3
cinematography	n	1	wordlist-2
cinnamon	n	1	wordlist-3
circle	n	1	wordlist-2
circuit	n	2	wordlist-2,wordlist-3
circular	adj	1	wordlist-2
circumstance	n	2	wordlist-1,wordlist-2
circus	n	1	wordlist-2
citation	n	2	wordlist-1,wordlist-2
cite	v	2	wordlist-1,wordlist-2
citizen	n	2	wordlist-1,wordlist-2
citizenship	n	1	wordlist-2
citrus	n	1	wordlist-3
civic	adj	2	wordlist-2,wordlist-3
civic centre	n	1	wordlist-3
civil	adj	2	wordlist-1,wordlist-2
civilian	adj	1	wordlist-2
civilian	n	1	wordlist-2
claim	n	1	wordlist-1
claim	v	1	wordlist-1
clam	n	1	wordlist-3
clamp	n	1	wordlist-2
clamp	v	1	wordlist-2
clang	n	1	wordlist-2
clang	v	1	wordlist-2
clarification	n	1	wordlist-2
clarify	v	3	wordlist-1,wordlist-2,wordlist-3
clarity	n	1	wordlist-3
clasp	n	1	wordlist-2
clasp	v	1	wordlist-2
classical	adj	1	wordlist-3
classification	n	2	wordlist-1,wordlist-2
classify	v	3	wordlist-1,wordlist-2,wordlist-3
clause	n	1	wordlist-2
claw	n	2	wordlist-2,wordlist-3
clay	n	1	wordlist-1
clean up	phrv	2	wordlist-1,wordlist-3
cleanse	v	1	wordlist-1
cleanser	n	1	wordlist-1
clear	adj	1	wordlist-1
clear	v	2	wordlist-1,wordlist-3
clear out	phrv	1	wordlist-1
clear up	phrv	2	wordlist-1,wordlist-2
clearly	adv	2	wordlist-1,wordlist-3
clergyman	n	1	wordlist-2
clerk	n	1	wordlist-2
clever	adj	1	wordlist-1
click	n	1	wordlist-3
click	v	1	wordlist-3
client	n	1	wordlist-1
clientele	n	1	wordlist-2
cliff	n	3	wordlist-1,wordlist-2,wordlist-3
climate	n	3	wordlist-1,wordlist-2,wordlist-3
climate change	phr	1	wordlist-1
climax	n	1	wordlist-2
climb	v	1	wordlist-1
clinic	n	3	wordlist-1,wordlist-2,wordlist-3
clinical	adj	1	wordlist-3
clip	n	1	wordlist-1
clipper	n	1	wordlist-2
clique	n	1	wordlist-2
clog	v	1	wordlist-2
close	adj	1	wordlist-1
closely	adv	1	wordlist-1
cloth	n	1	wordlist-1
clothesline	n	1	wordlist-2
clothespin	n	1	wordlist-2
clothing	n	1	wordlist-1
cloud	n	2	wordlist-1,wordlist-3
cloud over	phrv	2	wordlist-1,wordlist-2
cloudy	adj	1	wordlist-1
club	n	1	wordlist-3
clue	n	1	wordlist-3
clueless	adj	1	wordlist-2
clumsy	adj	1	wordlist-2
clutch	n	2	wordlist-2,wordlist-3
clutch	v	2	wordlist-1,wordlist-2
clutter	n	1	wordlist-2
clutter	v	1	wordlist-2
cluttered	adj	1	wordlist-1
co-	prefix	3	wordlist-1,wordlist-2,wordlist-3
co.	abbr	1	wordlist-1
coach	n	2	wordlist-1,wordlist-3
coach	v	1	wordlist-3
coal	n	1	wordlist-1
coalition	n	2	wordlist-1,wordlist-2
coarse	adj	1	wordlist-2
coast	n	2	wordlist-1,wordlist-3
coastal	adj	3	wordlist-1,wordlist-2,wordlist-3
coastline	n	1	wordlist-2
coat	v	1	wordlist-1
cockpit	n	1	wordlist-2
cocoa	n	1	wordlist-3
cocoon	n	1	wordlist-2
cod	n	1	wordlist-3
code	n	2	wordlist-1,wordlist-3
code	v	2	wordlist-1,wordlist-3
coding	n	1	wordlist-1
cognition	n	2	wordlist-2,wordlist-3
cognitive	adj	3	wordlist-1,wordlist-2,wordlist-3
coherent	adj	1	wordlist-2
coincidentally	adv	1	wordlist-2
colander	n	1	wordlist-2
collapse	n	1	wordlist-1
collapse	v	1	wordlist-1
collar	n	3	wordlist-1,wordlist-2,wordlist-3
collateral	n	1	wordlist-2
colleague	n	2	wordlist-1,wordlist-2
collect	v	1	wordlist-1
collide	v	1	wordlist-2
collision	n	2	wordlist-1,wordlist-2
cologne	n	1	wordlist-2
colon	n	1	wordlist-2
colossal	adj	1	wordlist-2
colourful	adj	1	wordlist-1
columnist	n	1	wordlist-2
coma	n	1	wordlist-2
comb	v	1	wordlist-2
combat	n	1	wordlist-2
combat	v	1	wordlist-2
combustible	adj	1	wordlist-2
come	v	2	wordlist-2,wordlist-3
come across	phrv	3	wordlist-1,wordlist-2,wordlist-3
come along	phrv	1	wordlist-3
come back	phrv	1	wordlist-3
come down with	phrv	1	wordlist-2
come in	phrv	2	wordlist-1,wordlist-3
come out	phrv	2	wordlist-1,wordlist-3
come to mind	phrv	1	wordlist-1
come up	phrv	1	wordlist-3
come up with	phrv	1	wordlist-3
comedian	n	1	wordlist-2
comedy	n	1	wordlist-3
comet	n	1	wordlist-3
comfort	v	2	wordlist-1,wordlist-2
comfortable	adj	1	wordlist-1
comforter	n	1	wordlist-2
comic	adj	1	wordlist-3
comma	n	1	wordlist-2
comment	n	1	wordlist-1
comment	v	1	wordlist-1
commercial	adj	3	wordlist-1,wordlist-2,wordlist-3
commercialize	v	1	wordlist-2
commission	n	2	wordlist-1,wordlist-2
commodity	n	1	wordlist-2
common	adj	2	wordlist-1,wordlist-3
commonly	adv	1	wordlist-3
communicate	v	1	wordlist-1
communication	n	1	wordlist-1
community	n	1	wordlist-1
commute	n	2	wordlist-1,wordlist-2
commute	v	2	wordlist-1,wordlist-2
commuter	n	2	wordlist-1,wordlist-2
compact	adj	3	wordlist-1,wordlist-2,wordlist-3
compact	v	1	wordlist-2
companion	n	1	wordlist-2
companionship	n	1	wordlist-2
compare	v	2	wordlist-1,wordlist-3
comparison	n	1	wordlist-1
compartment	n	1	wordlist-2
compassion	n	1	wordlist-2
compassionate	adj	1	wordlist-2
compatible	adj	2	wordlist-1,wordlist-3
compatriot	n	1	wordlist-2
compete	v	1	wordlist-1
competence	n	2	wordlist-1,wordlist-2
competent	adj	1	wordlist-2
competition	n	2	wordlist-1,wordlist-3
competitive	adj	1	wordlist-1
competitor	n	1	wordlist-1
compilation	n	1	wordlist-2
compile	v	1	wordlist-2
complain	v	1	wordlist-1
complete	adj	1	wordlist-1
completely	adv	2	wordlist-1,wordlist-3
complex	adj	3	wordlist-1,wordlist-2,wordlist-3
complex	n	1	wordlist-2
complexion	n	2	wordlist-1,wordlist-2
complexly	adv	1	wordlist-3
complicate	v	1	wordlist-2
complicated	adj	1	wordlist-2
complication	n	1	wordlist-2
compliments	n	1	wordlist-2
component	n	1	wordlist-2
compose	v	1	wordlist-2
composed	adj	1	wordlist-2
composer	n	1	wordlist-2
compost	n	3	wordlist-1,wordlist-2,wordlist-3
compost	v	2	wordlist-1,wordlist-2
compound	n	1	wordlist-2
comprehend	v	3	wordlist-1,wordlist-2,wordlist-3
comprehension	n	1	wordlist-2
compress	v	2	wordlist-2,wordlist-3
compression	n	1	wordlist-2
comprise	v	1	wordlist-3
compromise	n	1	wordlist-1
compromise	v	1	wordlist-1
compulsory	adj	1	wordlist-1
compute	v	1	wordlist-3
concealer	n	1	wordlist-2
conceited	adj	1	wordlist-2
conceive	v	2	wordlist-2,wordlist-3
concentrate	v	1	wordlist-1
concept	n	3	wordlist-1,wordlist-2,wordlist-3
conception	n	1	wordlist-2
conceptual	adj	1	wordlist-2
concern	n	1	wordlist-1
concern	v	2	wordlist-1,wordlist-3
concerned	adj	1	wordlist-1
concerning	prep	3	wordlist-1,wordlist-2,wordlist-3
concert	n	1	wordlist-3
concise	adj	1	wordlist-2
conclude	v	3	wordlist-1,wordlist-2,wordlist-3
conclusion	n	2	wordlist-1,wordlist-2
conclusion	v	1	wordlist-1
conclusive	adj	1	wordlist-1
concrete	n	1	wordlist-1
concussion	n	1	wordlist-3
condensation	n	1	wordlist-2
condense	v	3	wordlist-1,wordlist-2,wordlist-3
condiment	n	2	wordlist-2,wordlist-3
condition	n	1	wordlist-1
condition	v	2	wordlist-1,wordlist-2
conditioner	n	2	wordlist-1,wordlist-2
condolences	n	1	wordlist-3
conduct	v	2	wordlist-1,wordlist-2
conductivity	n	1	wordlist-2
conductor	n	1	wordlist-2
confidant	n	1	wordlist-2
confide	v	1	wordlist-2
confidence	n	1	wordlist-1
confident	adj	2	wordlist-1,wordlist-2
confidential	adj	1	wordlist-1
confirm	v	1	wordlist-1
conflict	n	2	wordlist-1,wordlist-2
conflict	v	1	wordlist-1
confused	adj	1	wordlist-1
confusion	n	2	wordlist-1,wordlist-3
congested	adj	1	wordlist-2
congestion	n	2	wordlist-1,wordlist-2
conglomerate	n	1	wordlist-2
congratulate	v	1	wordlist-1
congratulations	interj	2	wordlist-2,wordlist-3
congratulations	n	1	wordlist-2
conifer	n	1	wordlist-2
connect	v	2	wordlist-1,wordlist-3
connection	n	1	wordlist-1
conscience	n	2	wordlist-2,wordlist-3
conscientious	adj	1	wordlist-2
conscious	adj	2	wordlist-1,wordlist-3
consciousness	n	1	wordlist-3
consecutive	adj	1	wordlist-2
consensus	n	1	wordlist-2
consequence	n	2	wordlist-1,wordlist-2
consequently	adv	1	wordlist-2
conservation	n	2	wordlist-1,wordlist-3
conservative	adj	2	wordlist-1,wordlist-2
conserve	v	1	wordlist-1
consider	v	1	wordlist-1
considerable	adj	3	wordlist-1,wordlist-2,wordlist-3
considerably	adv	3	wordlist-1,wordlist-2,wordlist-3
considerate	adj	1	wordlist-2
consideration	n	1	wordlist-1
considering	conj	1	wordlist-2
considering	prep	2	wordlist-2,wordlist-3
consist	v	1	wordlist-1
consistent	adj	1	wordlist-1
consistently	adv	1	wordlist-2
console	v	1	wordlist-2
constant	adj	2	wordlist-1,wordlist-2
constantly	adv	3	wordlist-1,wordlist-2,wordlist-3
constellation	n	1	wordlist-3
constipation	n	1	wordlist-1
constitute	v	2	wordlist-2,wordlist-3
constitution	n	2	wordlist-1,wordlist-2
constitutional	adj	1	wordlist-2
construct	v	3	wordlist-1,wordlist-2,wordlist-3
construction	n	1	wordlist-1
construe	v	1	wordlist-3
consult	v	1	wordlist-1
consultant	n	1	wordlist-2
consume	v	1	wordlist-1
consumer	adj	1	wordlist-1
consumer	n	1	wordlist-1
consumerism	n	1	wordlist-2
contact	v	1	wordlist-3
contagious	adj	3	wordlist-1,wordlist-2,wordlist-3
contain	v	1	wordlist-1
container	n	1	wordlist-1
contaminate	v	1	wordlist-3
contemplate	v	1	wordlist-3
contemporarily	adv	1	wordlist-3
contemporary	adj	3	wordlist-1,wordlist-2,wordlist-3
contempt	n	1	wordlist-2
content	adj	1	wordlist-1
content	n	1	wordlist-1
contest	n	1	wordlist-3
context	n	2	wordlist-1,wordlist-2
contextual	adj	1	wordlist-2
continent	n	1	wordlist-1
contingency	n	1	wordlist-2
continual	adj	1	wordlist-2
continually	adv	1	wordlist-2
continue	v	1	wordlist-3
continuity	n	1	wordlist-2
continuous	adj	1	wordlist-2
continuously	adv	1	wordlist-2
contract	n	1	wordlist-1
contract	v	1	wordlist-1
contraction	n	1	wordlist-3
contrast	n	1	wordlist-1
contrast	v	2	wordlist-1,wordlist-3
contribute	v	2	wordlist-1,wordlist-2
contribution	n	1	wordlist-2
control	n	1	wordlist-1
control	v	1	wordlist-1
controversial	adj	1	wordlist-2
controversy	n	1	wordlist-2
convenient	adj	1	wordlist-1
conventional	adj	2	wordlist-2,wordlist-3
conventionally	adv	2	wordlist-2,wordlist-3
converge	v	1	wordlist-2
conversation	n	1	wordlist-1
conversion	n	1	wordlist-2
convert	v	1	wordlist-2
convey	v	2	wordlist-2,wordlist-3
convict	v	2	wordlist-1,wordlist-2
conviction	n	3	wordlist-1,wordlist-2,wordlist-3
convince	v	2	wordlist-1,wordlist-3
convinced	adj	1	wordlist-1
convincing	adj	2	wordlist-1,wordlist-2
convulsion	n	1	wordlist-2
cook	v	1	wordlist-1
cookbook	n	1	wordlist-3
cookware	n	1	wordlist-3
cool	adj	1	wordlist-1
cool	v	1	wordlist-1
cool down	phrv	2	wordlist-1,wordlist-2
cooperative	adj	1	wordlist-2
coordinate	v	1	wordlist-1
cope	v	1	wordlist-2
copy	n	2	wordlist-1,wordlist-3
copy	v	2	wordlist-1,wordlist-3
copyright	n	1	wordlist-2
coral	n	1	wordlist-3
cord	n	1	wordlist-1
corduroy	n	1	wordlist-3
corn	n	1	wordlist-3
corner	n	1	wordlist-1
corp.	abbr	1	wordlist-1
corporate	adj	1	wordlist-1
correct	adj	2	wordlist-1,wordlist-3
correctly	adv	1	wordlist-3
correlate	v	1	wordlist-2
correlation	n	1	wordlist-2
corridor	n	2	wordlist-1,wordlist-2
corroborate	v	1	wordlist-2
corrode	v	2	wordlist-1,wordlist-2
corrosion	n	1	wordlist-2
corrosive	adj	1	wordlist-2
corrupt	adj	2	wordlist-1,wordlist-2
corruption	n	2	wordlist-1,wordlist-2
cosmetic	adj	1	wordlist-1
cosmetic	n	1	wordlist-1
cosmetics	n	1	wordlist-2
cosmic	adj	1	wordlist-3
cost	n	1	wordlist-1
costume	n	2	wordlist-1,wordlist-2
cosy	adj	1	wordlist-1
cottage	n	1	wordlist-2
cotton	n	2	wordlist-1,wordlist-3
cough	n	1	wordlist-1
cough	v	2	wordlist-1,wordlist-3
could	modal	1	wordlist-3
counseling	n	1	wordlist-2
counselling	n	1	wordlist-1
count	v	1	wordlist-2
count on	phrv	1	wordlist-3
counter	n	1	wordlist-1
counter-	prefix	2	wordlist-1,wordlist-2
counterfeit	adj	1	wordlist-2
counterfeit	v	1	wordlist-2
counterpart	n	1	wordlist-2
countertop	n	1	wordlist-2
courage	n	2	wordlist-1,wordlist-2
course	n	1	wordlist-1
court	n	2	wordlist-1,wordlist-3
courteous	adj	1	wordlist-2
courthouse	n	2	wordlist-1,wordlist-3
courtship	n	1	wordlist-2
courtyard	n	2	wordlist-2,wordlist-3
cove	n	1	wordlist-2
cow	n	1	wordlist-3
coward	n	1	wordlist-2
cowardly	adj	1	wordlist-1
cozy	adj	1	wordlist-2
cpr	n	1	wordlist-3
crab	n	1	wordlist-3
crack	n	2	wordlist-1,wordlist-2
crack	v	2	wordlist-1,wordlist-2
craft	n	1	wordlist-2
cram	v	1	wordlist-2
cramp	n	2	wordlist-2,wordlist-3
cramp	v	1	wordlist-3
cramped	adj	1	wordlist-2
crash	n	3	wordlist-1,wordlist-2,wordlist-3
crash	v	3	wordlist-1,wordlist-2,wordlist-3
crater	n	3	wordlist-1,wordlist-2,wordlist-3
crawl	v	2	wordlist-1,wordlist-2
creak	n	1	wordlist-2
creak	v	1	wordlist-2
cream	n	1	wordlist-1
creamy	adj	3	wordlist-1,wordlist-2,wordlist-3
crease	n	1	wordlist-2
crease	v	1	wordlist-2
creative	adj	1	wordlist-1
creativity	n	1	wordlist-1
credit	n	1	wordlist-1
creek	n	1	wordlist-2
creep	v	1	wordlist-2
cremate	v	2	wordlist-1,wordlist-2
cremation	n	2	wordlist-1,wordlist-2
crematorium	n	1	wordlist-2
cricket	n	1	wordlist-3
crime	n	2	wordlist-1,wordlist-2
criminal	adj	2	wordlist-1,wordlist-2
criminal	n	2	wordlist-1,wordlist-2
crisis	n	1	wordlist-2
crisp	adj	1	wordlist-2
crispy	adj	3	wordlist-1,wordlist-2,wordlist-3
criterion	n	3	wordlist-1,wordlist-2,wordlist-3
critical	adj	3	wordlist-1,wordlist-2,wordlist-3
critically	adv	2	wordlist-2,wordlist-3
criticize	v	1	wordlist-1
crockery	n	2	wordlist-1,wordlist-2
crop	n	3	wordlist-1,wordlist-2,wordlist-3
cross	v	1	wordlist-1
crossing	n	1	wordlist-1
crossroads	n	1	wordlist-2
crosswalk	n	1	wordlist-3
crosswise	adv	1	wordlist-2
crouch	n	1	wordlist-2
crouch	v	1	wordlist-2
crowded	adj	1	wordlist-1
crucial	adj	2	wordlist-2,wordlist-3
crucially	adv	1	wordlist-3
crude	adj	1	wordlist-2
cruel	adj	1	wordlist-1
cruelty	n	1	wordlist-1
cruise	n	2	wordlist-1,wordlist-2
cruise	v	2	wordlist-1,wordlist-2
crunchy	adj	1	wordlist-2
crush	n	1	wordlist-2
crush	v	2	wordlist-1,wordlist-2
crust	n	1	wordlist-2
crutch	n	3	wordlist-1,wordlist-2,wordlist-3
crystal	n	2	wordlist-1,wordlist-2
crystalline	adj	1	wordlist-2
crystallize	v	1	wordlist-2
cub	n	1	wordlist-2
cuff	n	1	wordlist-1
cuisine	n	2	wordlist-1,wordlist-3
cul-de-sac	n	1	wordlist-3
culminate	v	1	wordlist-2
culminate in	phrv	1	wordlist-2
culmination	n	1	wordlist-2
cultivate	v	3	wordlist-1,wordlist-2,wordlist-3
cultivation	n	2	wordlist-1,wordlist-2
cumbersome	adj	2	wordlist-2,wordlist-3
cumbersomely	adv	1	wordlist-3
cunning	adj	1	wordlist-2
cupboard	n	2	wordlist-1,wordlist-2
curator	n	1	wordlist-2
curb	n	1	wordlist-2
curb	v	1	wordlist-2
cure	n	1	wordlist-1
cure	v	1	wordlist-1
curiosity	n	2	wordlist-1,wordlist-2
curious	adj	3	wordlist-1,wordlist-2,wordlist-3
curiously	adv	2	wordlist-2,wordlist-3
currency	n	1	wordlist-1
current	adj	3	wordlist-1,wordlist-2,wordlist-3
current	n	1	wordlist-2
currently	adv	3	wordlist-1,wordlist-2,wordlist-3
curriculum	n	2	wordlist-1,wordlist-2
curriculum vitae	n	1	wordlist-2
cursor	n	1	wordlist-3
curtain	n	2	wordlist-1,wordlist-2
curve	n	1	wordlist-2
curve	v	1	wordlist-2
curved	adj	1	wordlist-2
cushion	n	2	wordlist-1,wordlist-2
custody	n	1	wordlist-2
custom	n	1	wordlist-1
customarily	adv	1	wordlist-3
customary	adj	2	wordlist-2,wordlist-3
customer	n	1	wordlist-1
customs	n	2	wordlist-1,wordlist-2
cut back	phrv	1	wordlist-1
cut down	phrv	1	wordlist-3
cut off	phrv	1	wordlist-3
cut up	phrv	1	wordlist-3
cutlery	n	3	wordlist-1,wordlist-2,wordlist-3
cutting board	n	1	wordlist-2
cv	abbr	2	wordlist-2,wordlist-3
cycle	v	1	wordlist-1
cycling	n	1	wordlist-2
cyclist	n	2	wordlist-1,wordlist-2
cyclone	n	3	wordlist-1,wordlist-2,wordlist-3
cylinder	n	1	wordlist-2
cylindrical	adj	1	wordlist-2
cynic	n	1	wordlist-2
cynical	adj	1	wordlist-2
cyst	n	1	wordlist-3
daily	adj	2	wordlist-1,wordlist-2
daily	adv	1	wordlist-2
dairy	adj	1	wordlist-2
dairy	n	3	wordlist-1,wordlist-2,wordlist-3
dairy-free	adj	1	wordlist-1
dam	n	1	wordlist-3
damage	n	1	wordlist-1
damage	v	1	wordlist-1
damaged	adj	1	wordlist-1
damp	adj	3	wordlist-1,wordlist-2,wordlist-3
damp	n	1	wordlist-1
dampen	v	1	wordlist-2
dance	n	1	wordlist-3
dance	v	1	wordlist-3
dancer	n	1	wordlist-3
dangerous	adj	1	wordlist-1
dare	modal	2	wordlist-2,wordlist-3
dare	v	1	wordlist-2
dark	adj	1	wordlist-1
darken	v	2	wordlist-1,wordlist-3
darts	n	1	wordlist-2
dash	n	1	wordlist-2
dash	v	1	wordlist-2
dashboard	n	1	wordlist-1
data	n	3	wordlist-1,wordlist-2,wordlist-3
database	n	2	wordlist-1,wordlist-3
dawn	n	1	wordlist-2
daybreak	n	1	wordlist-3
daycare	n	1	wordlist-1
dazzle	v	1	wordlist-2
de-	prefix	2	wordlist-1,wordlist-2
dead end	n	1	wordlist-3
deadbolt	n	1	wordlist-2
deadline	n	1	wordlist-2
deaf	adj	1	wordlist-1
deafening	adj	1	wordlist-2
deal	n	1	wordlist-1
deal with	phrv	2	wordlist-1,wordlist-3
dealer	n	1	wordlist-1
death	n	1	wordlist-1
debate	n	2	wordlist-1,wordlist-2
debate	v	2	wordlist-1,wordlist-2
debt	n	1	wordlist-1
decade	n	1	wordlist-2
decay	n	1	wordlist-2
decay	v	1	wordlist-2
deceased	adj	1	wordlist-2
deceitful	adj	1	wordlist-2
deceive	v	1	wordlist-3
decent	adj	1	wordlist-2
decently	adv	1	wordlist-2
deception	n	1	wordlist-3
deciduous	adj	1	wordlist-2
decision	n	1	wordlist-1
decision	v	1	wordlist-1
deck	n	1	wordlist-2
declare	v	1	wordlist-1
decline	n	2	wordlist-1,wordlist-2
decline	v	2	wordlist-1,wordlist-2
declutter	v	1	wordlist-2
decompose	v	1	wordlist-2
decomposition	n	1	wordlist-2
decorate	v	1	wordlist-1
decrease	n	1	wordlist-3
decrement	n	1	wordlist-3
decrypt	v	1	wordlist-3
deduce	v	2	wordlist-2,wordlist-3
deduct	v	1	wordlist-2
deductible	adj	1	wordlist-2
deduction	n	1	wordlist-2
deeply	adv	1	wordlist-1
deer	n	1	wordlist-3
default	n	1	wordlist-2
default	v	1	wordlist-2
defence	n	1	wordlist-1
defend	v	1	wordlist-1
defendant	n	1	wordlist-2
defensive	adj	1	wordlist-2
defiant	adj	1	wordlist-2
defibrillator	n	1	wordlist-3
deficiency	n	1	wordlist-2
deficit	n	2	wordlist-2,wordlist-3
define	v	2	wordlist-1,wordlist-3
definitely	adv	3	wordlist-1,wordlist-2,wordlist-3
definition	n	1	wordlist-1
deflate	v	1	wordlist-3
deflation	n	1	wordlist-2
deforestation	n	1	wordlist-1
defrost	v	1	wordlist-1
degrade	v	1	wordlist-2
degree	n	2	wordlist-1,wordlist-2
dehydrated	adj	1	wordlist-2
dehydration	n	1	wordlist-2
deity	n	1	wordlist-2
delay	n	1	wordlist-1
delay	v	1	wordlist-1
delayed	adj	2	wordlist-1,wordlist-2
delectable	adj	1	wordlist-2
delegate	v	1	wordlist-2
delete	n	1	wordlist-1
delete	v	2	wordlist-1,wordlist-3
deliberate	adj	1	wordlist-3
deliberate	v	1	wordlist-3
deliberately	adv	1	wordlist-2
delicacy	n	2	wordlist-2,wordlist-3
delicate	adj	1	wordlist-3
delicately	adv	1	wordlist-3
delicatessen	n	1	wordlist-2
delight	v	1	wordlist-1
delighted	adj	2	wordlist-1,wordlist-2
deliver	v	2	wordlist-1,wordlist-2
delivery	n	1	wordlist-1
delta	n	1	wordlist-3
demand	n	1	wordlist-1
demand	v	1	wordlist-1
demanding	adj	2	wordlist-2,wordlist-3
demandingly	adv	1	wordlist-3
dementia	n	1	wordlist-3
democracy	n	2	wordlist-1,wordlist-2
democratic	adj	2	wordlist-1,wordlist-2
demolish	v	3	wordlist-1,wordlist-2,wordlist-3
demolition	n	1	wordlist-1
demonstrate	v	3	wordlist-1,wordlist-2,wordlist-3
demonstration	n	2	wordlist-1,wordlist-2
den	n	1	wordlist-2
denim	n	2	wordlist-2,wordlist-3
denote	v	1	wordlist-3
dense	adj	3	wordlist-1,wordlist-2,wordlist-3
density	n	3	wordlist-1,wordlist-2,wordlist-3
dentist	n	1	wordlist-3
deny	v	1	wordlist-1
deodorant	n	2	wordlist-1,wordlist-2
depart	v	1	wordlist-1
department	n	1	wordlist-1
department store	n	1	wordlist-3
departure	n	2	wordlist-1,wordlist-2
depend	v	1	wordlist-1
depend on	phrv	1	wordlist-1
dependent	adj	2	wordlist-1,wordlist-2
dependent	n	1	wordlist-2
deploy	v	1	wordlist-2
deployment	n	1	wordlist-2
deposit	n	1	wordlist-1
deposit	v	1	wordlist-2
depot	n	1	wordlist-2
depreciate	v	1	wordlist-2
depreciation	n	1	wordlist-2
depressed	adj	2	wordlist-1,wordlist-2
depression	n	3	wordlist-1,wordlist-2,wordlist-3
dept.	abbr	1	wordlist-1
depth	n	1	wordlist-3
deregulate	v	1	wordlist-2
deregulation	n	1	wordlist-2
derelict	adj	3	wordlist-1,wordlist-2,wordlist-3
dermatology	n	1	wordlist-3
descend	v	2	wordlist-1,wordlist-2
descendant	n	2	wordlist-1,wordlist-2
describe	v	2	wordlist-1,wordlist-3
description	n	1	wordlist-1
desert	n	2	wordlist-1,wordlist-3
designer	adj	1	wordlist-1
desire	n	1	wordlist-1
desire	v	1	wordlist-1
desktop	n	1	wordlist-1
despair	n	1	wordlist-2
despair	v	1	wordlist-2
desperately	adv	1	wordlist-2
despise	v	1	wordlist-2
despite	prep	3	wordlist-1,wordlist-2,wordlist-3
dessert	n	3	wordlist-1,wordlist-2,wordlist-3
destination	n	2	wordlist-1,wordlist-2
destroy	v	1	wordlist-1
destroyed	adj	1	wordlist-1
destruction	n	1	wordlist-1
detach	v	1	wordlist-1
detailed	adj	1	wordlist-1
detergent	n	2	wordlist-1,wordlist-2
deteriorate	v	2	wordlist-2,wordlist-3
deterioration	n	1	wordlist-2
determination	n	1	wordlist-1
determine	v	1	wordlist-1
determined	adj	2	wordlist-1,wordlist-2
detest	v	1	wordlist-2
detour	n	1	wordlist-2
detour	v	1	wordlist-2
devastated	adj	1	wordlist-2
develop	v	1	wordlist-1
developer	n	1	wordlist-1
development	n	1	wordlist-1
device	n	2	wordlist-1,wordlist-3
devoted	adj	1	wordlist-2
devotion	n	1	wordlist-2
dew	n	2	wordlist-2,wordlist-3
dexterity	n	1	wordlist-2
dexterous	adj	1	wordlist-2
diabetes	n	2	wordlist-2,wordlist-3
diabetic	adj	1	wordlist-2
diagnose	v	3	wordlist-1,wordlist-2,wordlist-3
diagnosis	n	3	wordlist-1,wordlist-2,wordlist-3
diagonal	adj	1	wordlist-2
diagonal	n	1	wordlist-2
dialect	n	1	wordlist-2
dialogue	n	1	wordlist-2
diameter	n	1	wordlist-2
diarrhea	n	1	wordlist-1
diary	n	1	wordlist-1
dice	n	1	wordlist-2
dice	v	1	wordlist-1
dictator	n	1	wordlist-2
dictatorship	n	1	wordlist-2
die	v	1	wordlist-1
die out	phrv	1	wordlist-1
diesel	n	1	wordlist-1
diet	n	3	wordlist-1,wordlist-2,wordlist-3
differ	v	1	wordlist-1
difference	n	1	wordlist-1
different	adj	1	wordlist-1
differentiate	v	2	wordlist-2,wordlist-3
difficult	adj	1	wordlist-1
digest	v	2	wordlist-1,wordlist-2
digestion	n	2	wordlist-1,wordlist-2
digital	adj	2	wordlist-1,wordlist-3
dignity	n	1	wordlist-2
dilapidated	adj	1	wordlist-2
dilemma	n	1	wordlist-2
diligent	adj	1	wordlist-2
dilute	adj	1	wordlist-2
dilute	v	1	wordlist-2
dilution	n	1	wordlist-2
dim	adj	2	wordlist-1,wordlist-2
dim	v	2	wordlist-1,wordlist-2
dimension	n	2	wordlist-2,wordlist-3
diminish	v	1	wordlist-2
dimple	n	1	wordlist-2
dine	v	1	wordlist-3
diner	n	1	wordlist-3
dip	n	2	wordlist-2,wordlist-3
dip	v	2	wordlist-2,wordlist-3
diplomacy	n	2	wordlist-1,wordlist-2
diplomat	n	1	wordlist-2
diplomatic	adj	2	wordlist-1,wordlist-2
direct	adj	1	wordlist-1
direct	adv	1	wordlist-1
direction	n	1	wordlist-1
directly	adv	2	wordlist-1,wordlist-3
director	n	2	wordlist-1,wordlist-2
dis-	prefix	2	wordlist-1,wordlist-3
disability	n	1	wordlist-1
disable	v	1	wordlist-1
disabled	adj	1	wordlist-1
disadvantage	n	1	wordlist-1
disagree	v	1	wordlist-1
disagreement	n	1	wordlist-1
disappoint	v	1	wordlist-1
disappointed	adj	2	wordlist-1,wordlist-2
disappointment	n	2	wordlist-1,wordlist-2
disarmament	n	1	wordlist-2
discern	v	1	wordlist-3
discharge	v	1	wordlist-1
discipline	n	2	wordlist-1,wordlist-2
discipline	v	2	wordlist-1,wordlist-2
disclose	v	1	wordlist-3
disconnect	v	1	wordlist-1
discount	n	1	wordlist-1
discover	v	1	wordlist-1
discreet	adj	1	wordlist-2
discrepancy	n	1	wordlist-2
discriminate	v	2	wordlist-1,wordlist-2
discrimination	n	2	wordlist-1,wordlist-2
discuss	v	1	wordlist-1
discussion	n	1	wordlist-1
disease	n	1	wordlist-1
disembark	v	1	wordlist-2
disgust	n	1	wordlist-2
disgust	v	1	wordlist-2
dish	n	2	wordlist-1,wordlist-3
disheartened	adj	1	wordlist-2
dishwasher	n	2	wordlist-1,wordlist-2
disinfect	v	1	wordlist-1
disinfectant	n	2	wordlist-1,wordlist-2
dismantle	v	1	wordlist-2
dismiss	v	2	wordlist-1,wordlist-3
disorder	n	2	wordlist-2,wordlist-3
disorganized	adj	1	wordlist-1
disperse	v	1	wordlist-2
displace	v	1	wordlist-2
displacement	n	1	wordlist-2
display	n	1	wordlist-1
display	v	2	wordlist-1,wordlist-3
disposable	adj	1	wordlist-1
dispose of	phrv	1	wordlist-1
disposition	n	1	wordlist-2
dispute	n	2	wordlist-1,wordlist-2
dispute	v	2	wordlist-1,wordlist-2
disregard	n	1	wordlist-3
disregard	v	1	wordlist-3
disrupt	v	1	wordlist-2
disruption	n	1	wordlist-2
dissertation	n	1	wordlist-2
dissolve	v	2	wordlist-1,wordlist-2
distance	n	1	wordlist-1
distant	adj	1	wordlist-1
distinctly	adv	1	wordlist-2
distinguish	v	3	wordlist-1,wordlist-2,wordlist-3
distort	v	1	wordlist-3
distress	n	1	wordlist-2
distress	v	1	wordlist-2
distributor	n	1	wordlist-2
district	n	2	wordlist-1,wordlist-2
diverge	v	1	wordlist-2
divide	v	1	wordlist-3
dividend	n	1	wordlist-2
divorce	n	2	wordlist-1,wordlist-2
divorce	v	2	wordlist-1,wordlist-2
diy	abbr	3	wordlist-1,wordlist-2,wordlist-3
diy store	n	1	wordlist-3
dizziness	n	1	wordlist-2
dizzy	adj	3	wordlist-1,wordlist-2,wordlist-3
do	v	1	wordlist-3
do without	phrv	1	wordlist-3
dob	abbr	1	wordlist-2
dock	n	2	wordlist-2,wordlist-3
dock	v	1	wordlist-2
doctrine	n	1	wordlist-2
document	n	2	wordlist-1,wordlist-3
dodge	n	1	wordlist-2
dodge	v	1	wordlist-2
dolphin	n	1	wordlist-3
domestic	adj	2	wordlist-1,wordlist-2
domesticate	v	2	wordlist-2,wordlist-3
domesticated	adj	1	wordlist-2
donkey	n	1	wordlist-3
doorbell	n	1	wordlist-2
doorknob	n	1	wordlist-2
doormat	n	1	wordlist-2
dose	n	3	wordlist-1,wordlist-2,wordlist-3
dose	v	1	wordlist-1
doubt	n	2	wordlist-1,wordlist-3
doubt	v	2	wordlist-1,wordlist-3
doubtful	adj	1	wordlist-1
dough	n	3	wordlist-1,wordlist-2,wordlist-3
down-	prefix	1	wordlist-3
download	n	2	wordlist-1,wordlist-3
download	v	2	wordlist-1,wordlist-3
downpour	n	2	wordlist-2,wordlist-3
downsize	v	1	wordlist-2
downstairs	adv	2	wordlist-1,wordlist-2
downstream	adj	1	wordlist-3
downtown	n	1	wordlist-3
downward	adj	1	wordlist-2
downward	adv	1	wordlist-1
downwards	adv	1	wordlist-2
doze	v	2	wordlist-1,wordlist-2
doze off	phrv	1	wordlist-2
dozen	det	1	wordlist-2
dozen	n	1	wordlist-2
dozen	num	1	wordlist-2
dr.	abbr	1	wordlist-1
draft	n	1	wordlist-2
draft	v	1	wordlist-2
drag	n	1	wordlist-2
drag	v	3	wordlist-1,wordlist-2,wordlist-3
drain	n	3	wordlist-1,wordlist-2,wordlist-3
drain	v	2	wordlist-1,wordlist-2
drainage	n	1	wordlist-3
drama	n	1	wordlist-3
dramatic	adj	1	wordlist-2
dramatically	adv	1	wordlist-2
drastic	adj	1	wordlist-2
drastically	adv	1	wordlist-2
draughty	adj	1	wordlist-2
draw	v	1	wordlist-3
drawback	n	1	wordlist-2
drawer	n	1	wordlist-1
drawing	n	1	wordlist-3
dread	n	1	wordlist-2
dread	v	1	wordlist-2
dreadful	adj	2	wordlist-2,wordlist-3
dreadfully	adv	2	wordlist-2,wordlist-3
drench	v	1	wordlist-2
dress	n	1	wordlist-3
dress up	phrv	3	wordlist-1,wordlist-2,wordlist-3
dresser	n	1	wordlist-2
dressing	n	1	wordlist-3
dribble	v	1	wordlist-2
drift	n	1	wordlist-2
drift	v	2	wordlist-1,wordlist-2
drift off	phrv	1	wordlist-1
drill	n	2	wordlist-1,wordlist-3
drill	v	2	wordlist-1,wordlist-3
drip	v	1	wordlist-1
drive	v	1	wordlist-1
driveway	n	2	wordlist-1,wordlist-2
drizzle	n	3	wordlist-1,wordlist-2,wordlist-3
drizzle	v	1	wordlist-2
drop	v	2	wordlist-1,wordlist-3
drop off	phrv	2	wordlist-1,wordlist-3
drought	n	3	wordlist-1,wordlist-2,wordlist-3
drowsiness	n	1	wordlist-2
drowsy	adj	1	wordlist-2
drug	n	1	wordlist-1
drum	n	1	wordlist-3
dry	adj	1	wordlist-1
dry	v	1	wordlist-1
dry cleaner	n	1	wordlist-3
dryer	n	2	wordlist-1,wordlist-2
dubious	adj	1	wordlist-2
dubiously	adv	1	wordlist-2
duck	n	1	wordlist-3
ductile	adj	1	wordlist-2
due to	prep	1	wordlist-1
duffel	n	1	wordlist-3
dull	adj	2	wordlist-1,wordlist-2
dune	n	2	wordlist-2,wordlist-3
durability	n	1	wordlist-2
durable	adj	2	wordlist-1,wordlist-2
duration	n	1	wordlist-2
dusk	n	2	wordlist-2,wordlist-3
dust	n	1	wordlist-1
dust	v	2	wordlist-1,wordlist-2
duster	n	1	wordlist-2
dustpan	n	2	wordlist-1,wordlist-2
dusty	adj	1	wordlist-1
duvet	n	2	wordlist-1,wordlist-2
dvd	abbr	1	wordlist-3
dwelling	n	1	wordlist-2
dye	n	1	wordlist-1
dye	v	1	wordlist-1
e.g.	abbr	3	wordlist-1,wordlist-2,wordlist-3
each	pron	1	wordlist-3
eager	adj	1	wordlist-1
eagerly	adv	1	wordlist-2
earlier	adv	1	wordlist-1
earn	v	1	wordlist-1
earring	n	2	wordlist-1,wordlist-2
earrings	n	1	wordlist-3
earthquake	n	3	wordlist-1,wordlist-2,wordlist-3
easel	n	1	wordlist-2
easily	adv	2	wordlist-1,wordlist-3
eastern	adj	1	wordlist-1
eat out	phrv	1	wordlist-3
eccentric	adj	2	wordlist-2,wordlist-3
eccentric	n	1	wordlist-2
eccentrically	adv	1	wordlist-3
echo	n	2	wordlist-1,wordlist-2
echo	v	2	wordlist-1,wordlist-2
eclipse	n	1	wordlist-3
eco-	comb	1	wordlist-2
economic	adj	1	wordlist-1
economy	n	1	wordlist-1
ecosystem	n	2	wordlist-1,wordlist-3
ecstatic	adj	1	wordlist-2
edge	n	1	wordlist-1
edge forward	phrv	1	wordlist-2
edible	adj	3	wordlist-1,wordlist-2,wordlist-3
edible	n	1	wordlist-2
edit	v	2	wordlist-1,wordlist-2
edition	n	2	wordlist-1,wordlist-2
editor	n	1	wordlist-2
editorial	adj	1	wordlist-2
editorial	n	1	wordlist-2
education	n	1	wordlist-1
educational	adj	1	wordlist-1
effect	n	1	wordlist-1
effective	adj	1	wordlist-1
effectively	adv	2	wordlist-1,wordlist-3
effervescence	n	1	wordlist-2
effervescent	adj	1	wordlist-2
efficiency	n	1	wordlist-1
efficient	adj	1	wordlist-1
effort	n	1	wordlist-1
effortless	adj	1	wordlist-2
effortlessly	adv	1	wordlist-2
egg	n	1	wordlist-3
either	det	1	wordlist-2
either	pron	2	wordlist-2,wordlist-3
elaborate	adj	1	wordlist-2
elaborate	v	1	wordlist-2
elastic	adj	2	wordlist-1,wordlist-2
elasticity	n	1	wordlist-2
elderly	adj	2	wordlist-1,wordlist-2
elect	v	1	wordlist-1
election	n	2	wordlist-1,wordlist-2
electric	adj	2	wordlist-1,wordlist-3
electrician	n	1	wordlist-1
electronic	adj	2	wordlist-1,wordlist-3
elegant	adj	1	wordlist-1
element	n	1	wordlist-2
elementary	adj	1	wordlist-1
elephant	n	1	wordlist-3
elevation	n	1	wordlist-2
elevator	n	1	wordlist-1
elimination	n	1	wordlist-2
elongate	v	1	wordlist-2
elongated	adj	1	wordlist-2
eloquent	adj	1	wordlist-2
elsewhere	adv	3	wordlist-1,wordlist-2,wordlist-3
elucidate	v	1	wordlist-3
email	n	2	wordlist-1,wordlist-3
email	v	2	wordlist-1,wordlist-3
embargo	n	1	wordlist-2
embark	v	1	wordlist-2
embarrass	v	2	wordlist-1,wordlist-2
embarrassed	adj	1	wordlist-1
embarrassment	n	1	wordlist-1
embassy	n	2	wordlist-1,wordlist-2
embed	v	1	wordlist-2
embody	v	1	wordlist-3
embrace	n	1	wordlist-2
embrace	v	1	wordlist-2
embroidery	n	1	wordlist-2
emerge	v	2	wordlist-1,wordlist-2
emergence	n	1	wordlist-2
emergency	adj	1	wordlist-1
emergency	n	1	wordlist-1
emit	v	1	wordlist-3
emotion	n	1	wordlist-1
empathize	v	1	wordlist-2
empathy	n	1	wordlist-2
emphasis	n	1	wordlist-2
emphasize	v	3	wordlist-1,wordlist-2,wordlist-3
empirical	adj	2	wordlist-1,wordlist-2
employ	v	1	wordlist-1
employee	n	1	wordlist-1
employer	n	1	wordlist-1
employment	n	1	wordlist-1
enable	v	1	wordlist-1
encapsulate	v	1	wordlist-3
encourage	v	1	wordlist-1
encrypt	v	1	wordlist-3
encyclopedia	n	1	wordlist-2
end up	phrv	2	wordlist-2,wordlist-3
endangered	adj	2	wordlist-1,wordlist-2
endeavor	n	1	wordlist-2
endeavor	v	1	wordlist-2
endorse	v	1	wordlist-2
endorsement	n	1	wordlist-2
energetic	adj	1	wordlist-1
energy-efficient	adj	1	wordlist-1
enforce	v	1	wordlist-1
engaged	adj	1	wordlist-1
engagement	n	1	wordlist-1
engine	n	2	wordlist-1,wordlist-3
enlighten	v	2	wordlist-2,wordlist-3
enormous	adj	2	wordlist-2,wordlist-3
enough	adv	1	wordlist-1
enough	pron	1	wordlist-3
enrol	v	1	wordlist-1
ensemble	n	1	wordlist-3
entail	v	1	wordlist-3
enter	v	1	wordlist-1
entertainment	n	1	wordlist-3
enthusiasm	n	2	wordlist-1,wordlist-2
enthusiastic	adj	2	wordlist-1,wordlist-2
entire	adj	1	wordlist-1
entirely	adv	1	wordlist-1
entrance	n	1	wordlist-1
entree	n	1	wordlist-3
entrepreneur	n	1	wordlist-2
envious	adj	1	wordlist-2
environment	n	1	wordlist-1
environmental	adj	1	wordlist-1
envision	v	1	wordlist-3
envy	n	2	wordlist-1,wordlist-2
envy	v	1	wordlist-2
epidemic	n	2	wordlist-2,wordlist-3
eq	abbr	1	wordlist-2
equal	adj	1	wordlist-1
equality	n	1	wordlist-1
equation	n	2	wordlist-1,wordlist-2
equator	n	2	wordlist-2,wordlist-3
equestrian	adj	1	wordlist-2
equinox	n	2	wordlist-2,wordlist-3
equipment	n	1	wordlist-1
equity	n	1	wordlist-2
era	n	1	wordlist-2
erect	v	1	wordlist-2
erosion	n	2	wordlist-2,wordlist-3
errand	n	2	wordlist-1,wordlist-2
erroneous	adj	1	wordlist-2
erroneously	adv	1	wordlist-2
error	n	1	wordlist-1
erupt	v	3	wordlist-1,wordlist-2,wordlist-3
eruption	n	2	wordlist-1,wordlist-2
escalator	n	1	wordlist-1
escape	n	1	wordlist-1
escape	v	1	wordlist-1
especially	adv	2	wordlist-1,wordlist-3
essay	n	1	wordlist-2
essential	adj	3	wordlist-1,wordlist-2,wordlist-3
essentially	adv	1	wordlist-3
est.	abbr	1	wordlist-1
establish	v	1	wordlist-1
estate	n	2	wordlist-2,wordlist-3
estate agent	n	1	wordlist-2
estimate	n	3	wordlist-1,wordlist-2,wordlist-3
estimate	v	3	wordlist-1,wordlist-2,wordlist-3
estimation	n	1	wordlist-2
estrange	v	1	wordlist-2
estranged	adj	1	wordlist-2
estuary	n	2	wordlist-2,wordlist-3
eta	abbr	2	wordlist-2,wordlist-3
etc.	abbr	3	wordlist-1,wordlist-2,wordlist-3
eternal	adj	1	wordlist-2
eternity	n	1	wordlist-2
ethical	adj	2	wordlist-1,wordlist-2
ethics	n	2	wordlist-1,wordlist-2
evacuate	v	1	wordlist-1
evaluate	v	3	wordlist-1,wordlist-2,wordlist-3
evaluation	n	2	wordlist-1,wordlist-2
evaluation	v	1	wordlist-1
evaporate	v	2	wordlist-1,wordlist-2
evaporation	n	1	wordlist-2
even	adj	2	wordlist-2,wordlist-3
even though	conj	1	wordlist-1
eventually	adv	3	wordlist-1,wordlist-2,wordlist-3
evergreen	adj	1	wordlist-2
everybody	pron	1	wordlist-3
everyday	adj	1	wordlist-3
everyone	pron	1	wordlist-3
everything	pron	1	wordlist-3
evidence	n	2	wordlist-1,wordlist-2
evidently	adv	1	wordlist-2
evolution	n	1	wordlist-2
evolve	v	1	wordlist-2
ex-	prefix	3	wordlist-1,wordlist-2,wordlist-3
exact	adj	1	wordlist-3
exactly	adv	3	wordlist-1,wordlist-2,wordlist-3
examination	n	1	wordlist-1
examine	v	1	wordlist-1
examiner	n	1	wordlist-1
example	n	1	wordlist-1
exceed	v	1	wordlist-2
excellent	adj	2	wordlist-1,wordlist-3
excellently	adv	1	wordlist-3
except	conj	1	wordlist-1
except	prep	2	wordlist-1,wordlist-3
excepting	prep	2	wordlist-2,wordlist-3
exceptional	adj	3	wordlist-1,wordlist-2,wordlist-3
exceptionally	adv	2	wordlist-2,wordlist-3
excerpt	n	1	wordlist-2
excess	n	1	wordlist-3
excessive	adj	1	wordlist-2
excessively	adv	2	wordlist-2,wordlist-3
exchange	v	1	wordlist-1
exchange rate	n	1	wordlist-1
excite	v	1	wordlist-1
excited	adj	1	wordlist-1
excitement	n	1	wordlist-1
excl.	abbr	1	wordlist-1
exclaim	v	1	wordlist-2
excluding	prep	1	wordlist-1
exclusively	adv	1	wordlist-2
excursion	n	1	wordlist-2
excuse me	phr	2	wordlist-2,wordlist-3
execute	v	1	wordlist-3
executive	adj	1	wordlist-2
executive	n	2	wordlist-1,wordlist-2
exemplify	v	1	wordlist-3
exempt	adj	1	wordlist-2
exemption	n	1	wordlist-2
exercise	n	2	wordlist-1,wordlist-3
exercise	v	3	wordlist-1,wordlist-2,wordlist-3
exert	v	1	wordlist-2
exhale	v	1	wordlist-2
exhaust	n	1	wordlist-2
exhausted	adj	1	wordlist-1
exhaustion	n	1	wordlist-2
exhibit	v	1	wordlist-3
exhibition	n	1	wordlist-2
exist	v	1	wordlist-1
exit	n	1	wordlist-1
exit	v	1	wordlist-1
exotic	adj	1	wordlist-2
expand	v	2	wordlist-1,wordlist-2
expande	v	1	wordlist-3
expansion	n	3	wordlist-1,wordlist-2,wordlist-3
expansive	adj	1	wordlist-3
expect	v	1	wordlist-1
expectation	n	1	wordlist-1
expedition	n	1	wordlist-2
expenditure	n	1	wordlist-2
expense	n	1	wordlist-1
expensive	adj	1	wordlist-1
experience	n	1	wordlist-1
experienced	adj	1	wordlist-1
experiment	n	2	wordlist-1,wordlist-2
experiment	v	2	wordlist-1,wordlist-2
experimental	adj	1	wordlist-1
expertise	n	1	wordlist-2
expiry	n	1	wordlist-1
explain	v	1	wordlist-1
explanation	n	1	wordlist-1
explicate	v	1	wordlist-3
explicitly	adv	1	wordlist-2
explode	v	1	wordlist-1
explosion	n	1	wordlist-1
export	n	1	wordlist-1
export	v	1	wordlist-1
expose	v	1	wordlist-3
express	v	2	wordlist-1,wordlist-3
expression	n	1	wordlist-1
expressive	adj	1	wordlist-2
expressway	n	1	wordlist-2
ext.	abbr	1	wordlist-1
extended	adj	1	wordlist-2
extensive	adj	1	wordlist-1
extent	n	2	wordlist-2,wordlist-3
extinct	adj	2	wordlist-1,wordlist-2
extinction	n	2	wordlist-1,wordlist-2
extra-	prefix	1	wordlist-1
extract	v	2	wordlist-2,wordlist-3
extraction	n	1	wordlist-2
extraordinarily	adv	1	wordlist-2
extraordinary	adj	1	wordlist-2
extreme	adj	1	wordlist-1
extremely	adv	2	wordlist-1,wordlist-3
extremist	n	1	wordlist-1
extroverted	adj	1	wordlist-2
eyeliner	n	1	wordlist-2
fabric	n	2	wordlist-1,wordlist-3
fabulous	adj	1	wordlist-2
fabulously	adv	1	wordlist-2
facade	n	2	wordlist-1,wordlist-2
facilitate	v	1	wordlist-2
facility	n	2	wordlist-1,wordlist-2
fact	n	1	wordlist-1
factor	n	2	wordlist-1,wordlist-2
factory	n	1	wordlist-1
faculty	n	2	wordlist-1,wordlist-2
fade	v	2	wordlist-1,wordlist-2
faded	adj	1	wordlist-3
failure	n	1	wordlist-1
faint	adj	1	wordlist-2
faint	v	2	wordlist-2,wordlist-3
fair	adj	1	wordlist-1
fairly	adv	2	wordlist-1,wordlist-3
faith	n	2	wordlist-1,wordlist-2
faithful	adj	1	wordlist-1
fall	n	1	wordlist-1
fall	v	3	wordlist-1,wordlist-2,wordlist-3
fall asleep	phrv	1	wordlist-1
fall down	phrv	2	wordlist-1,wordlist-3
fall out	phrv	1	wordlist-3
fall out	v	1	wordlist-2
fall over	phrv	1	wordlist-3
false	adj	2	wordlist-1,wordlist-3
falsely	adv	1	wordlist-3
familiar	adj	2	wordlist-1,wordlist-3
familiarly	adv	1	wordlist-3
fan	n	1	wordlist-3
fantastic	adj	1	wordlist-3
fantastically	adv	1	wordlist-3
faq	abbr	3	wordlist-1,wordlist-2,wordlist-3
fare	n	2	wordlist-1,wordlist-2
farewell	interj	2	wordlist-2,wordlist-3
farewell	n	1	wordlist-2
farm	n	1	wordlist-3
farm	v	1	wordlist-3
farmer	n	2	wordlist-1,wordlist-3
farmhouse	n	1	wordlist-1
farming	n	1	wordlist-1
fashionable	adj	1	wordlist-1
fast food	n	1	wordlist-3
fasten	v	2	wordlist-1,wordlist-2
fastening	n	1	wordlist-1
fat	n	2	wordlist-1,wordlist-2
fatal	adj	2	wordlist-1,wordlist-2
fatigue	n	2	wordlist-2,wordlist-3
faucet	n	1	wordlist-2
fault	n	1	wordlist-1
faulty	adj	1	wordlist-1
fauna	n	1	wordlist-2
fear	n	1	wordlist-1
fear	v	1	wordlist-1
feasibility	n	1	wordlist-2
feast	n	2	wordlist-2,wordlist-3
feather	n	2	wordlist-2,wordlist-3
feature	n	1	wordlist-1
fee	n	1	wordlist-1
feed	n	1	wordlist-1
feed	v	1	wordlist-1
feedback	n	1	wordlist-1
feel	v	3	wordlist-1,wordlist-2,wordlist-3
fen	n	1	wordlist-3
fence	n	3	wordlist-1,wordlist-2,wordlist-3
fence	v	1	wordlist-1
feral	adj	2	wordlist-2,wordlist-3
ferment	v	2	wordlist-2,wordlist-3
fermentation	n	1	wordlist-2
ferry	n	2	wordlist-1,wordlist-2
ferry	v	1	wordlist-2
fertile	adj	3	wordlist-1,wordlist-2,wordlist-3
fertilize	v	1	wordlist-1
fertilizer	n	3	wordlist-1,wordlist-2,wordlist-3
festival	n	2	wordlist-2,wordlist-3
fever	n	2	wordlist-1,wordlist-2
few	det	1	wordlist-2
few	pron	2	wordlist-2,wordlist-3
fewer	pron	1	wordlist-3
fewest	pron	1	wordlist-3
fiancé	n	2	wordlist-1,wordlist-2
fiancée	n	2	wordlist-1,wordlist-2
fiber	n	2	wordlist-1,wordlist-2
fibre	n	1	wordlist-1
fibrous	adj	1	wordlist-2
fickle	adj	1	wordlist-2
fiction	n	2	wordlist-2,wordlist-3
fictional	adj	1	wordlist-1
field	n	2	wordlist-1,wordlist-3
figure	v	1	wordlist-2
figure out	phrv	2	wordlist-1,wordlist-3
file	n	2	wordlist-1,wordlist-3
fill in	phrv	2	wordlist-1,wordlist-3
fill out	phrv	2	wordlist-1,wordlist-3
fill up	phrv	1	wordlist-3
fillet	n	1	wordlist-2
fillet	v	1	wordlist-2
filling	adj	1	wordlist-3
film	n	1	wordlist-3
film	v	1	wordlist-3
filter	n	1	wordlist-1
filter	v	1	wordlist-1
fin	n	1	wordlist-2
final	adj	1	wordlist-1
final	n	1	wordlist-3
finally	adv	2	wordlist-1,wordlist-3
financial	adj	1	wordlist-1
find	v	1	wordlist-3
find out	phrv	2	wordlist-1,wordlist-3
finding	n	2	wordlist-1,wordlist-2
fine	n	1	wordlist-1
fire	n	1	wordlist-1
fire	v	1	wordlist-1
fire station	n	1	wordlist-3
firefighter	n	1	wordlist-1
fireplace	n	1	wordlist-2
firewall	n	1	wordlist-3
first aid	n	1	wordlist-3
fiscal	adj	1	wordlist-2
fish	n	2	wordlist-1,wordlist-3
fit	adj	1	wordlist-1
fitness	n	1	wordlist-1
fitting	adj	1	wordlist-2
fitting	n	1	wordlist-1
fix	v	1	wordlist-1
fixture	n	1	wordlist-2
fjord	n	1	wordlist-3
flammable	adj	1	wordlist-2
flash	n	2	wordlist-1,wordlist-2
flash	v	2	wordlist-1,wordlist-2
flat	adj	2	wordlist-1,wordlist-3
flattering	adj	1	wordlist-3
flavor	n	3	wordlist-1,wordlist-2,wordlist-3
flavor	v	1	wordlist-2
flavorful	adj	1	wordlist-3
flavour	n	2	wordlist-1,wordlist-2
flavour	v	2	wordlist-1,wordlist-2
flawed	adj	2	wordlist-2,wordlist-3
flawless	adj	1	wordlist-2
flee	v	1	wordlist-2
fleece	n	2	wordlist-2,wordlist-3
fleet	n	1	wordlist-2
flesh	n	1	wordlist-3
flexible	adj	2	wordlist-1,wordlist-2
flick	n	1	wordlist-2
flick	v	1	wordlist-2
flicker	n	1	wordlist-2
flicker	v	1	wordlist-2
flight	n	1	wordlist-1
fling	v	1	wordlist-2
flirt	n	1	wordlist-2
flirt	v	1	wordlist-2
float	v	2	wordlist-1,wordlist-2
flock	n	3	wordlist-1,wordlist-2,wordlist-3
flock	v	2	wordlist-2,wordlist-3
flood	n	2	wordlist-1,wordlist-3
flood	v	1	wordlist-1
flooring	n	1	wordlist-1
flora	n	1	wordlist-2
floral	adj	2	wordlist-1,wordlist-3
florist	n	2	wordlist-2,wordlist-3
floss	n	1	wordlist-1
floss	v	1	wordlist-1
flour	n	3	wordlist-1,wordlist-2,wordlist-3
flow	v	1	wordlist-1
flowering	adj	1	wordlist-1
flu	n	1	wordlist-1
fluctuate	v	1	wordlist-2
fluctuation	n	1	wordlist-2
fluency	n	1	wordlist-2
fluent	adj	1	wordlist-2
fluid	adj	1	wordlist-2
fluid	n	1	wordlist-2
fly	v	1	wordlist-1
flyer	n	1	wordlist-2
flyover	n	1	wordlist-3
foal	n	1	wordlist-2
foam	n	1	wordlist-2
foam	v	1	wordlist-2
focus	n	1	wordlist-1
focus	v	1	wordlist-1
fog	n	3	wordlist-1,wordlist-2,wordlist-3
foggy	adj	2	wordlist-1,wordlist-2
fold	n	1	wordlist-2
fold	v	2	wordlist-1,wordlist-2
folder	n	2	wordlist-1,wordlist-3
foliage	n	1	wordlist-2
follow	v	2	wordlist-1,wordlist-3
following	adj	1	wordlist-2
following	prep	2	wordlist-2,wordlist-3
fond	adj	1	wordlist-2
font	n	1	wordlist-2
foodie	n	1	wordlist-3
football	n	1	wordlist-3
footnote	n	1	wordlist-2
footwear	n	1	wordlist-2
forage	n	1	wordlist-2
forage	v	1	wordlist-2
forecast	n	3	wordlist-1,wordlist-2,wordlist-3
forecast	v	2	wordlist-1,wordlist-2
foreign	adj	1	wordlist-1
foresee	v	1	wordlist-3
foresight	n	1	wordlist-3
forest	n	1	wordlist-1
foreword	n	1	wordlist-2
forge	v	1	wordlist-2
forgery	n	1	wordlist-1
forget	v	1	wordlist-1
forgive	v	1	wordlist-1
fork	n	2	wordlist-1,wordlist-3
form	v	1	wordlist-1
formal	adj	2	wordlist-1,wordlist-2
formally	adv	1	wordlist-1
format	n	2	wordlist-1,wordlist-3
format	v	2	wordlist-1,wordlist-3
former	adj	1	wordlist-1
formula	n	2	wordlist-1,wordlist-2
formulate	v	1	wordlist-2
forthcoming	adj	1	wordlist-2
fortunately	adv	2	wordlist-1,wordlist-3
forward	adj	1	wordlist-2
forward	adv	1	wordlist-1
forwards	adv	1	wordlist-2
fossil	n	1	wordlist-3
foster	adj	1	wordlist-2
foster	v	1	wordlist-2
foul	adj	1	wordlist-2
foul	n	1	wordlist-2
foul	v	1	wordlist-2
foundation	n	1	wordlist-2
fountain	n	2	wordlist-2,wordlist-3
fox	n	1	wordlist-3
foyer	n	2	wordlist-1,wordlist-2
fraction	n	2	wordlist-2,wordlist-3
fractional	adj	1	wordlist-2
fracture	n	3	wordlist-1,wordlist-2,wordlist-3
fracture	v	2	wordlist-2,wordlist-3
fragile	adj	2	wordlist-1,wordlist-2
fragment	n	1	wordlist-1
fragrance	n	2	wordlist-1,wordlist-2
fragrant	adj	3	wordlist-1,wordlist-2,wordlist-3
frail	adj	1	wordlist-2
framework	n	2	wordlist-1,wordlist-2
franchise	n	1	wordlist-2
franchise	v	1	wordlist-2
frankly	adv	2	wordlist-2,wordlist-3
fraternal	adj	1	wordlist-2
fraud	n	1	wordlist-1
freckle	n	1	wordlist-2
free	adj	1	wordlist-1
freedom	n	1	wordlist-1
freelance	adj	1	wordlist-2
freelancer	n	1	wordlist-2
freeway	n	1	wordlist-2
freeze	v	3	wordlist-1,wordlist-2,wordlist-3
freezer	n	1	wordlist-1
freezing	adj	1	wordlist-1
freight	n	1	wordlist-2
freighter	n	1	wordlist-2
frenzy	n	1	wordlist-2
frequency	n	1	wordlist-2
frequent	adj	1	wordlist-2
frequently	adv	3	wordlist-1,wordlist-2,wordlist-3
fresh	adj	3	wordlist-1,wordlist-2,wordlist-3
freshly	adv	2	wordlist-2,wordlist-3
friction	n	2	wordlist-1,wordlist-2
frictionless	adj	1	wordlist-2
fridge	n	1	wordlist-1
friendly	adj	1	wordlist-1
frightened	adj	1	wordlist-2
frog	n	1	wordlist-3
frost	n	3	wordlist-1,wordlist-2,wordlist-3
frosty	adj	1	wordlist-2
frozen	adj	1	wordlist-1
fruit	v	1	wordlist-1
frustrate	v	1	wordlist-1
frustrated	adj	2	wordlist-1,wordlist-2
frustration	n	1	wordlist-1
fry	v	3	wordlist-1,wordlist-2,wordlist-3
fuel	n	2	wordlist-1,wordlist-3
full	adj	1	wordlist-1
full-time	adj	1	wordlist-1
fully	adv	1	wordlist-1
fumble	v	1	wordlist-2
function	n	1	wordlist-1
function	v	2	wordlist-1,wordlist-2
fund	n	1	wordlist-1
fundamental	adj	3	wordlist-1,wordlist-2,wordlist-3
fundamentally	adv	2	wordlist-2,wordlist-3
funeral	n	2	wordlist-1,wordlist-2
fungus	n	2	wordlist-2,wordlist-3
fur	n	2	wordlist-2,wordlist-3
furious	adj	1	wordlist-2
furnish	v	2	wordlist-1,wordlist-2
furnished	adj	2	wordlist-1,wordlist-2
furniture shop	n	1	wordlist-3
furthermore	adv	1	wordlist-2
future	adj	1	wordlist-1
fyi	abbr	2	wordlist-2,wordlist-3
gain	n	1	wordlist-3
gait	n	1	wordlist-2
galaxy	n	1	wordlist-3
gale	n	2	wordlist-1,wordlist-2
gallery	n	3	wordlist-1,wordlist-2,wordlist-3
gambit	n	1	wordlist-2
gamble	n	1	wordlist-2
gamble	v	1	wordlist-2
game	n	1	wordlist-3
garage	n	3	wordlist-1,wordlist-2,wordlist-3
garden	n	1	wordlist-3
garlic	n	2	wordlist-1,wordlist-2
garment	n	3	wordlist-1,wordlist-2,wordlist-3
garnish	n	2	wordlist-2,wordlist-3
garnish	v	3	wordlist-1,wordlist-2,wordlist-3
gate	n	2	wordlist-1,wordlist-3
gather	v	1	wordlist-1
gauge	n	1	wordlist-2
gauge	v	2	wordlist-2,wordlist-3
gaze	n	2	wordlist-1,wordlist-2
gaze	v	2	wordlist-1,wordlist-2
gdp	abbr	2	wordlist-2,wordlist-3
gear	n	2	wordlist-2,wordlist-3
gel	n	1	wordlist-2
gelatinous	adj	1	wordlist-2
gender	n	1	wordlist-1
genealogy	n	1	wordlist-2
general	adj	1	wordlist-1
generally	adv	2	wordlist-1,wordlist-3
generate	v	1	wordlist-2
generation	n	2	wordlist-1,wordlist-2
generational	adj	1	wordlist-2
generosity	n	1	wordlist-1
generous	adj	2	wordlist-1,wordlist-2
genetic	adj	1	wordlist-2
genius	n	1	wordlist-2
genre	n	1	wordlist-2
gentrify	v	1	wordlist-2
genuine	adj	3	wordlist-1,wordlist-2,wordlist-3
genuinely	adv	2	wordlist-2,wordlist-3
geo-	comb	2	wordlist-1,wordlist-3
geriatrics	n	1	wordlist-3
germinate	v	1	wordlist-2
gesture	n	1	wordlist-2
gesture	v	1	wordlist-2
get	v	1	wordlist-3
get along	phrv	1	wordlist-3
get along	v	1	wordlist-2
get away	phrv	2	wordlist-1,wordlist-3
get back	phrv	1	wordlist-3
get in	phrv	2	wordlist-1,wordlist-3
get off	phrv	2	wordlist-1,wordlist-3
get on	phrv	2	wordlist-1,wordlist-3
get out	phrv	2	wordlist-1,wordlist-3
get over	phrv	2	wordlist-1,wordlist-3
get rid of	phrv	1	wordlist-3
get together	phrv	1	wordlist-3
get up	phrv	2	wordlist-1,wordlist-3
getaway	n	1	wordlist-2
geyser	n	1	wordlist-3
ghetto	n	1	wordlist-3
gifted	adj	1	wordlist-2
gig	n	1	wordlist-2
gigantic	adj	1	wordlist-3
gill	n	1	wordlist-2
ginger	n	1	wordlist-3
give	v	1	wordlist-3
give away	phrv	1	wordlist-3
give back	phrv	1	wordlist-3
give in	phrv	1	wordlist-3
give out	phrv	1	wordlist-3
give rise to	phr	1	wordlist-2
give up	phrv	2	wordlist-1,wordlist-3
given	conj	2	wordlist-1,wordlist-2
given	prep	2	wordlist-2,wordlist-3
given that	conj	1	wordlist-1
glacier	n	3	wordlist-1,wordlist-2,wordlist-3
glance	n	2	wordlist-1,wordlist-2
glance	v	2	wordlist-1,wordlist-2
gland	n	1	wordlist-3
glare	n	2	wordlist-1,wordlist-2
glare	v	2	wordlist-1,wordlist-2
glasses	n	1	wordlist-3
glee	n	1	wordlist-2
glide	v	1	wordlist-2
glimmer	n	1	wordlist-2
glimmer	v	1	wordlist-2
glimpse	n	2	wordlist-1,wordlist-2
glimpse	v	2	wordlist-1,wordlist-2
glitter	n	1	wordlist-2
glitter	v	1	wordlist-2
global	adj	1	wordlist-1
gloom	n	1	wordlist-2
gloomy	adj	2	wordlist-2,wordlist-3
glossary	n	1	wordlist-2
glove	n	1	wordlist-3
gloves	n	2	wordlist-2,wordlist-3
glow	n	2	wordlist-1,wordlist-2
glow	v	2	wordlist-1,wordlist-2
glue	n	1	wordlist-1
gluten-free	adj	1	wordlist-1
go	v	2	wordlist-2,wordlist-3
go ahead	phrv	1	wordlist-3
go away	phrv	1	wordlist-3
go back	phrv	1	wordlist-3
go down	phrv	1	wordlist-3
go on	phrv	1	wordlist-3
go out	phrv	1	wordlist-3
go over	phrv	1	wordlist-3
go past	phrv	1	wordlist-1
go through	phrv	2	wordlist-1,wordlist-3
go up	phrv	1	wordlist-3
goat	n	1	wordlist-3
golf	n	1	wordlist-3
gondola	n	1	wordlist-2
good morning	phr	1	wordlist-3
good night	phr	1	wordlist-3
goodbye	interj	1	wordlist-3
goodness	interj	1	wordlist-2
goodness	n	1	wordlist-2
goose	n	1	wordlist-3
gorge	n	1	wordlist-3
gorgeous	adj	1	wordlist-2
gosh	interj	1	wordlist-2
govern	v	1	wordlist-1
government	n	1	wordlist-1
govt.	abbr	1	wordlist-1
gown	n	1	wordlist-3
gps	abbr	2	wordlist-2,wordlist-3
graceful	adj	1	wordlist-2
gracefully	adv	1	wordlist-2
grade	n	1	wordlist-1
gradual	adj	1	wordlist-3
gradually	adv	3	wordlist-1,wordlist-2,wordlist-3
graduate	n	1	wordlist-2
graduate	v	2	wordlist-1,wordlist-2
graffiti	n	1	wordlist-3
grain	n	3	wordlist-1,wordlist-2,wordlist-3
grammar	n	2	wordlist-1,wordlist-2
grammatical	adj	1	wordlist-2
granular	adj	1	wordlist-2
granule	n	1	wordlist-2
graph	n	1	wordlist-1
grasp	n	2	wordlist-2,wordlist-3
grasp	v	3	wordlist-1,wordlist-2,wordlist-3
grate	v	2	wordlist-1,wordlist-2
grateful	adj	1	wordlist-1
grater	n	1	wordlist-2
gratitude	n	2	wordlist-1,wordlist-2
grave	n	2	wordlist-1,wordlist-2
graveyard	n	2	wordlist-1,wordlist-2
gravy	n	2	wordlist-2,wordlist-3
graze	v	3	wordlist-1,wordlist-2,wordlist-3
grazing	n	1	wordlist-1
greasy	adj	2	wordlist-2,wordlist-3
greedy	adj	2	wordlist-1,wordlist-2
greenhouse	n	3	wordlist-1,wordlist-2,wordlist-3
greenhouse gas	phr	1	wordlist-1
greet	v	1	wordlist-1
greetings	n	2	wordlist-2,wordlist-3
gridlock	n	1	wordlist-2
grief	n	1	wordlist-2
grieve	v	2	wordlist-1,wordlist-2
grill	n	3	wordlist-1,wordlist-2,wordlist-3
grill	v	3	wordlist-1,wordlist-2,wordlist-3
grind	v	1	wordlist-1
grip	n	2	wordlist-1,wordlist-2
grip	v	2	wordlist-1,wordlist-2
grocer	n	1	wordlist-3
grocery	n	1	wordlist-3
groom	n	1	wordlist-2
groom	v	2	wordlist-1,wordlist-2
grooming	n	2	wordlist-1,wordlist-2
groundwater	n	1	wordlist-3
grow	v	3	wordlist-1,wordlist-2,wordlist-3
grow apart	v	1	wordlist-2
grow up	phrv	2	wordlist-1,wordlist-3
grower	n	1	wordlist-1
growth	n	2	wordlist-1,wordlist-3
grumpy	adj	1	wordlist-2
guard	n	1	wordlist-1
guard	v	1	wordlist-1
guardian	n	1	wordlist-2
guardianship	n	1	wordlist-2
guerrilla	n	1	wordlist-2
guess	v	1	wordlist-1
guide	v	1	wordlist-1
guidebook	n	1	wordlist-1
guilt	n	2	wordlist-1,wordlist-2
guilty	adj	2	wordlist-1,wordlist-2
guitar	n	1	wordlist-3
gulf	n	2	wordlist-2,wordlist-3
gullible	adj	1	wordlist-2
gulp	v	1	wordlist-2
gun	n	1	wordlist-1
gust	n	1	wordlist-2
gusty	adj	1	wordlist-2
gutter	n	2	wordlist-2,wordlist-3
gym	n	1	wordlist-3
gymnast	n	1	wordlist-2
gymnastics	n	1	wordlist-2
habit	n	2	wordlist-1,wordlist-2
habitat	n	3	wordlist-1,wordlist-2,wordlist-3
habitual	adj	3	wordlist-1,wordlist-2,wordlist-3
habitually	adv	2	wordlist-2,wordlist-3
hack	v	1	wordlist-1
hacker	n	1	wordlist-1
haggle	v	1	wordlist-2
hail	n	3	wordlist-1,wordlist-2,wordlist-3
hail	v	1	wordlist-2
hairbrush	n	1	wordlist-1
hairdresser	n	1	wordlist-1
hairdryer	n	1	wordlist-1
half	det	1	wordlist-2
half	pron	2	wordlist-2,wordlist-3
hallway	n	2	wordlist-1,wordlist-2
halt	n	1	wordlist-2
halt	v	1	wordlist-2
ham	n	1	wordlist-1
hammer	n	2	wordlist-1,wordlist-3
hammer	v	1	wordlist-3
hand in	phrv	1	wordlist-3
hand out	phrv	1	wordlist-3
hand sanitizer	n	1	wordlist-3
handbag	n	3	wordlist-1,wordlist-2,wordlist-3
handful	n	1	wordlist-3
handkerchief	n	1	wordlist-3
handle	n	1	wordlist-1
handle	v	1	wordlist-1
handout	n	1	wordlist-2
handwriting	n	1	wordlist-2
hang	v	1	wordlist-1
hang out	phrv	1	wordlist-2
hang up	phrv	1	wordlist-3
hangar	n	1	wordlist-2
hanger	n	2	wordlist-1,wordlist-2
happen	v	1	wordlist-3
happy birthday	phr	1	wordlist-3
harbor	n	1	wordlist-2
harbor	v	1	wordlist-2
harbour	n	2	wordlist-1,wordlist-2
hard	adj	2	wordlist-1,wordlist-3
hard	adv	1	wordlist-3
hard-working	adj	1	wordlist-1
hardcover	n	1	wordlist-2
harden	v	1	wordlist-1
hardly	adv	2	wordlist-2,wordlist-3
hardware	n	1	wordlist-3
hardware store	n	2	wordlist-2,wordlist-3
hardworking	adj	1	wordlist-1
harm	n	1	wordlist-1
harm	v	1	wordlist-1
harmonious	adj	1	wordlist-2
harsh	adj	2	wordlist-2,wordlist-3
harvest	n	3	wordlist-1,wordlist-2,wordlist-3
harvest	v	3	wordlist-1,wordlist-2,wordlist-3
hastily	adv	1	wordlist-2
hatch	v	2	wordlist-1,wordlist-3
hatred	n	1	wordlist-2
haughty	adj	1	wordlist-2
haul	n	1	wordlist-2
haul	v	2	wordlist-1,wordlist-2
haulage	n	1	wordlist-2
have	v	1	wordlist-3
hay	n	2	wordlist-2,wordlist-3
haze	n	2	wordlist-2,wordlist-3
hazy	adj	1	wordlist-2
hd	abbr	1	wordlist-2
head	v	1	wordlist-1
head for	phrv	1	wordlist-2
headache	n	1	wordlist-1
headhunt	v	1	wordlist-2
headlight	n	1	wordlist-2
headline	n	2	wordlist-1,wordlist-2
headliner	n	1	wordlist-2
headphones	n	1	wordlist-3
headquarters	n	2	wordlist-1,wordlist-2
heal	v	3	wordlist-1,wordlist-2,wordlist-3
healing	n	1	wordlist-1
health	n	1	wordlist-1
health centre	n	1	wordlist-3
healthcare	n	1	wordlist-1
healthy	adj	1	wordlist-1
hear	v	1	wordlist-1
hearing	n	1	wordlist-1
heart	n	1	wordlist-1
heat	n	1	wordlist-1
heat	v	1	wordlist-1
heath	n	1	wordlist-3
heating	n	1	wordlist-1
heave	v	1	wordlist-2
heavy	adj	1	wordlist-1
heavylifting	n	1	wordlist-2
hedgehog	n	1	wordlist-3
heel	n	2	wordlist-1,wordlist-2
height	n	1	wordlist-3
heir	n	1	wordlist-2
hello	interj	1	wordlist-3
helpful	adj	1	wordlist-1
hem	n	3	wordlist-1,wordlist-2,wordlist-3
hemisphere	n	3	wordlist-1,wordlist-2,wordlist-3
hen	n	1	wordlist-3
hence	adv	1	wordlist-2
hepatitis	n	1	wordlist-3
herb	n	3	wordlist-1,wordlist-2,wordlist-3
herbicide	n	1	wordlist-3
herbivore	n	1	wordlist-2
herd	n	3	wordlist-1,wordlist-2,wordlist-3
herd	v	2	wordlist-2,wordlist-3
hereditary	adj	2	wordlist-2,wordlist-3
heredity	n	1	wordlist-2
heritage	n	1	wordlist-2
hers	pron	1	wordlist-2
hesitant	adj	1	wordlist-2
hesitate	v	2	wordlist-1,wordlist-2
hey	interj	2	wordlist-2,wordlist-3
hi	interj	1	wordlist-3
hibernate	v	1	wordlist-2
hibernation	n	1	wordlist-2
hide	n	2	wordlist-2,wordlist-3
hideous	adj	1	wordlist-2
hierarchy	n	1	wordlist-2
high-rise	adj	2	wordlist-1,wordlist-2
high-rise	n	2	wordlist-1,wordlist-3
highlight	v	1	wordlist-3
highly	adv	2	wordlist-1,wordlist-3
highway	n	2	wordlist-1,wordlist-2
hiking	n	1	wordlist-2
hill	n	1	wordlist-1
hinder	v	1	wordlist-2
hindsight	n	1	wordlist-3
hinge	n	1	wordlist-2
hire	v	1	wordlist-1
hiss	n	1	wordlist-2
hiss	v	1	wordlist-2
historic	adj	3	wordlist-1,wordlist-2,wordlist-3
hit it off	v	1	wordlist-2
hitchhike	v	1	wordlist-2
hitchhiker	n	1	wordlist-2
hiv	abbr	1	wordlist-3
hive	n	2	wordlist-2,wordlist-3
hmm	interj	1	wordlist-3
hoarse	adj	1	wordlist-3
hobby	n	1	wordlist-3
hobbyist	n	1	wordlist-2
hockey	n	1	wordlist-3
hoist	n	1	wordlist-2
hoist	v	1	wordlist-2
hold	v	2	wordlist-2,wordlist-3
hold on	phrv	1	wordlist-3
hold up	phrv	1	wordlist-3
holidaymaker	n	1	wordlist-1
hollow	adj	2	wordlist-1,wordlist-2
holy	adj	1	wordlist-2
homeless	adj	1	wordlist-1
homely	adj	1	wordlist-2
homemade	adj	1	wordlist-1
homesick	adj	2	wordlist-1,wordlist-2
honest	adj	1	wordlist-1
honestly	adv	3	wordlist-1,wordlist-2,wordlist-3
honesty	n	1	wordlist-1
honey	n	2	wordlist-1,wordlist-3
honeymoon	n	2	wordlist-1,wordlist-2
hood	n	1	wordlist-2
hoodie	n	2	wordlist-2,wordlist-3
hoof	n	2	wordlist-2,wordlist-3
hook	n	1	wordlist-1
hope	n	1	wordlist-1
hope	v	1	wordlist-1
hopeful	adj	1	wordlist-1
hopefully	adv	1	wordlist-3
horizon	n	3	wordlist-1,wordlist-2,wordlist-3
horizontal	adj	2	wordlist-1,wordlist-2
hormone	n	2	wordlist-2,wordlist-3
horn	n	2	wordlist-2,wordlist-3
horrendous	adj	1	wordlist-2
horrendously	adv	1	wordlist-2
horse	n	1	wordlist-3
hospitable	adj	1	wordlist-2
hospitality	n	1	wordlist-2
hospitalize	v	1	wordlist-1
hostage	n	2	wordlist-1,wordlist-2
hostel	n	2	wordlist-1,wordlist-2
hostile	adj	1	wordlist-2
hostility	n	1	wordlist-2
household	adj	1	wordlist-2
household	n	2	wordlist-1,wordlist-2
housing	n	1	wordlist-1
housing estate	n	1	wordlist-3
hover	v	1	wordlist-2
however	adv	1	wordlist-1
hq	abbr	1	wordlist-2
hr	abbr	2	wordlist-2,wordlist-3
hr.	abbr	1	wordlist-1
huddle	n	1	wordlist-2
huddle	v	1	wordlist-2
hue	n	1	wordlist-2
hum	n	2	wordlist-1,wordlist-2
hum	v	2	wordlist-1,wordlist-2
humanities	n	1	wordlist-2
humble	adj	1	wordlist-2
humid	adj	3	wordlist-1,wordlist-2,wordlist-3
humidity	n	2	wordlist-1,wordlist-2
humiliate	v	1	wordlist-2
humiliation	n	1	wordlist-2
humor	n	1	wordlist-1
humorous	adj	1	wordlist-1
humour	n	1	wordlist-1
hungry	adj	1	wordlist-1
hunt	v	1	wordlist-1
hunting	n	1	wordlist-1
hurdle	n	1	wordlist-2
hurricane	n	2	wordlist-1,wordlist-3
hurry	v	1	wordlist-2
hurry up	phrv	1	wordlist-3
hydraulic	adj	1	wordlist-3
hygiene	n	3	wordlist-1,wordlist-2,wordlist-3
hygienic	adj	2	wordlist-1,wordlist-3
hyper-	prefix	2	wordlist-1,wordlist-2
hypermarket	n	1	wordlist-3
hypertension	n	1	wordlist-2
hyphen	n	1	wordlist-2
hypocrite	n	1	wordlist-2
hypocritical	adj	1	wordlist-2
hypothesis	n	3	wordlist-1,wordlist-2,wordlist-3
hysterical	adj	1	wordlist-2
i mean	phr	1	wordlist-3
i.e.	abbr	3	wordlist-1,wordlist-2,wordlist-3
iceberg	n	2	wordlist-1,wordlist-2
icicle	n	1	wordlist-2
icon	n	1	wordlist-3
icy	adj	1	wordlist-1
id	abbr	3	wordlist-1,wordlist-2,wordlist-3
idea	n	1	wordlist-1
ideal	adj	1	wordlist-1
idealistic	adj	1	wordlist-2
identify	v	1	wordlist-1
identity	n	1	wordlist-1
ideological	adj	1	wordlist-2
ideology	n	3	wordlist-1,wordlist-2,wordlist-3
idiom	n	1	wordlist-2
ignite	v	1	wordlist-2
ignition	n	1	wordlist-2
ignorance	n	2	wordlist-2,wordlist-3
ignorant	adj	2	wordlist-2,wordlist-3
illegal	adj	2	wordlist-1,wordlist-2
illegible	adj	1	wordlist-2
illiterate	adj	1	wordlist-2
illuminate	v	2	wordlist-1,wordlist-2
illusion	n	2	wordlist-2,wordlist-3
illustrate	v	3	wordlist-1,wordlist-2,wordlist-3
illustration	n	1	wordlist-2
image	n	1	wordlist-1
imagination	n	2	wordlist-1,wordlist-3
imaginative	adj	1	wordlist-1
imagine	v	1	wordlist-1
imho	abbr	1	wordlist-3
immature	adj	2	wordlist-1,wordlist-2
immediate	adj	1	wordlist-2
immediately	adv	3	wordlist-1,wordlist-2,wordlist-3
immense	adj	2	wordlist-2,wordlist-3
immensely	adv	2	wordlist-2,wordlist-3
immerse	v	1	wordlist-2
immigrant	n	2	wordlist-1,wordlist-2
immigration	n	2	wordlist-1,wordlist-2
imminent	adj	1	wordlist-2
immobile	adj	1	wordlist-2
immune	adj	3	wordlist-1,wordlist-2,wordlist-3
immunity	n	2	wordlist-1,wordlist-2
immunize	v	1	wordlist-3
imo	abbr	1	wordlist-3
impact	n	2	wordlist-1,wordlist-2
impact	v	2	wordlist-1,wordlist-2
impatient	adj	2	wordlist-1,wordlist-2
impermeable	adj	1	wordlist-2
implant	n	1	wordlist-3
implant	v	1	wordlist-3
implication	n	1	wordlist-2
imply	v	3	wordlist-1,wordlist-2,wordlist-3
impolite	adj	1	wordlist-1
import	n	1	wordlist-1
import	v	1	wordlist-1
imposing	adj	1	wordlist-2
impress	v	1	wordlist-1
impression	n	2	wordlist-1,wordlist-3
impressive	adj	2	wordlist-1,wordlist-3
impressively	adv	1	wordlist-3
imprison	v	1	wordlist-2
imprisonment	n	1	wordlist-2
improve	v	1	wordlist-1
improvement	n	1	wordlist-1
impulsive	adj	1	wordlist-2
impurity	n	1	wordlist-2
in addition to	prep	1	wordlist-1
in case	conj	1	wordlist-1
in fact	phr	1	wordlist-2
in lieu of	prep	1	wordlist-2
in light of	prep	1	wordlist-2
in spite of	prep	1	wordlist-1
in terms of	prep	1	wordlist-2
in-law	n	1	wordlist-2
inaccessible	adj	1	wordlist-2
inaccurate	adj	1	wordlist-2
inadequate	adj	1	wordlist-2
inadequately	adv	1	wordlist-2
inasmuch as	conj	1	wordlist-2
inaudible	adj	1	wordlist-2
inc.	abbr	1	wordlist-1
incentive	n	1	wordlist-2
incident	n	1	wordlist-2
incidentally	adv	1	wordlist-2
incl.	abbr	1	wordlist-1
inclination	n	1	wordlist-3
include	v	1	wordlist-1
including	prep	2	wordlist-1,wordlist-3
incoherent	adj	1	wordlist-2
income	n	1	wordlist-1
incompetent	adj	1	wordlist-2
increase	n	2	wordlist-1,wordlist-3
increase	v	1	wordlist-1
increasingly	adv	2	wordlist-1,wordlist-3
increment	n	1	wordlist-3
incubator	n	1	wordlist-3
indeed	adv	3	wordlist-1,wordlist-2,wordlist-3
indeed	interj	1	wordlist-2
independence	n	1	wordlist-1
independent	adj	2	wordlist-1,wordlist-2
index	n	1	wordlist-2
indicate	v	2	wordlist-1,wordlist-3
indifferent	adj	1	wordlist-2
indirect	adj	1	wordlist-1
indispensable	adj	1	wordlist-3
indispensably	adv	1	wordlist-3
indisputable	adj	1	wordlist-2
indisputably	adv	1	wordlist-2
individual	n	1	wordlist-1
indoor	adj	1	wordlist-1
indoors	adv	1	wordlist-2
industrial	adj	3	wordlist-1,wordlist-2,wordlist-3
industry	n	1	wordlist-1
inedible	adj	1	wordlist-2
inequality	n	2	wordlist-1,wordlist-2
inevitably	adv	2	wordlist-2,wordlist-3
infancy	n	1	wordlist-2
infant	n	2	wordlist-1,wordlist-2
infantry	n	1	wordlist-2
infect	v	2	wordlist-1,wordlist-3
infected	adj	1	wordlist-1
infection	n	3	wordlist-1,wordlist-2,wordlist-3
infectious	adj	2	wordlist-2,wordlist-3
infer	v	3	wordlist-1,wordlist-2,wordlist-3
inference	n	1	wordlist-2
inferior	adj	1	wordlist-2
infinite	adj	1	wordlist-2
infinitely	adv	1	wordlist-2
inflame	v	2	wordlist-2,wordlist-3
inflammable	adj	1	wordlist-2
inflammation	n	2	wordlist-2,wordlist-3
inflate	v	1	wordlist-3
inflation	n	2	wordlist-1,wordlist-2
influence	n	2	wordlist-1,wordlist-2
influence	v	2	wordlist-1,wordlist-2
info.	abbr	1	wordlist-1
informal	adj	1	wordlist-1
information	n	1	wordlist-1
informative	adj	1	wordlist-1
infrequent	adj	1	wordlist-2
infrequently	adv	1	wordlist-2
ingredient	n	3	wordlist-1,wordlist-2,wordlist-3
inhale	v	1	wordlist-2
inherit	v	2	wordlist-1,wordlist-2
inheritance	n	2	wordlist-1,wordlist-2
initial	adj	2	wordlist-1,wordlist-2
initially	adv	3	wordlist-1,wordlist-2,wordlist-3
initiate	v	1	wordlist-2
inject	v	3	wordlist-1,wordlist-2,wordlist-3
injection	n	3	wordlist-1,wordlist-2,wordlist-3
injure	v	2	wordlist-1,wordlist-2
injured	adj	1	wordlist-1
injury	n	1	wordlist-1
ink	n	1	wordlist-1
inland	adj	1	wordlist-3
inn	n	2	wordlist-2,wordlist-3
inner-city	adj	1	wordlist-2
innocent	adj	2	wordlist-1,wordlist-2
innovate	v	1	wordlist-2
innovation	n	1	wordlist-2
innovative	adj	2	wordlist-2,wordlist-3
innovatively	adv	1	wordlist-3
inquire	v	1	wordlist-2
inquiry	n	1	wordlist-2
insect	n	3	wordlist-1,wordlist-2,wordlist-3
insecticide	n	1	wordlist-1
insecure	adj	1	wordlist-2
insert	v	2	wordlist-1,wordlist-2
insight	n	2	wordlist-2,wordlist-3
insightful	adj	2	wordlist-2,wordlist-3
insofar as	conj	1	wordlist-2
insolvent	adj	1	wordlist-2
insomnia	n	3	wordlist-1,wordlist-2,wordlist-3
insomniac	n	1	wordlist-2
install	v	2	wordlist-1,wordlist-3
installation	n	1	wordlist-1
instance	n	1	wordlist-1
instant	adj	1	wordlist-2
instant	n	1	wordlist-2
instantly	adv	1	wordlist-2
instead	adv	2	wordlist-1,wordlist-3
instead of	prep	1	wordlist-1
instinct	n	1	wordlist-3
institute	n	1	wordlist-2
instrument	n	2	wordlist-1,wordlist-3
insufficient	adj	1	wordlist-2
insulate	v	1	wordlist-2
insulated	adj	1	wordlist-3
insulation	n	2	wordlist-1,wordlist-2
insulator	n	1	wordlist-2
insult	v	1	wordlist-1
insurance	n	1	wordlist-1
insure	v	1	wordlist-1
integrity	n	1	wordlist-2
intellect	n	1	wordlist-2
intellectual	adj	3	wordlist-1,wordlist-2,wordlist-3
intellectual	n	2	wordlist-2,wordlist-3
intelligence	n	1	wordlist-1
intelligent	adj	1	wordlist-1
intend	v	1	wordlist-1
intense	adj	1	wordlist-2
intensely	adv	1	wordlist-2
intensify	v	1	wordlist-2
intensity	n	1	wordlist-2
intensive	adj	1	wordlist-2
intent	adj	1	wordlist-3
intent	n	1	wordlist-3
intention	n	2	wordlist-1,wordlist-2
inter-	prefix	3	wordlist-1,wordlist-2,wordlist-3
interact	v	1	wordlist-2
interaction	n	1	wordlist-2
interactive	adj	1	wordlist-3
interdependent	adj	1	wordlist-2
interdisciplinary	adj	1	wordlist-1
interest	n	1	wordlist-1
interest	v	1	wordlist-1
interested	adj	1	wordlist-1
interface	n	2	wordlist-1,wordlist-3
interim	adj	1	wordlist-2
interim	n	1	wordlist-2
intermission	n	1	wordlist-2
intermittent	adj	1	wordlist-2
intern	n	1	wordlist-2
international	adj	1	wordlist-1
internet	n	2	wordlist-1,wordlist-3
internship	n	1	wordlist-2
interpret	v	3	wordlist-1,wordlist-2,wordlist-3
interpretation	n	2	wordlist-1,wordlist-2
interpreter	n	1	wordlist-2
interrupt	v	2	wordlist-1,wordlist-2
interruption	n	1	wordlist-2
intersection	n	3	wordlist-1,wordlist-2,wordlist-3
interval	n	1	wordlist-2
intervene	v	1	wordlist-2
intervention	n	1	wordlist-2
interview	n	1	wordlist-1
interview	v	1	wordlist-1
intestine	n	1	wordlist-2
intimate	adj	1	wordlist-2
intimidate	v	1	wordlist-2
intimidated	adj	1	wordlist-2
intolerance	n	1	wordlist-1
intricate	adj	1	wordlist-2
intricately	adv	1	wordlist-2
introduce	v	1	wordlist-1
introverted	adj	1	wordlist-2
intuition	n	1	wordlist-3
intuitive	adj	1	wordlist-3
invade	v	2	wordlist-1,wordlist-2
invalid	adj	1	wordlist-2
invaluable	adj	1	wordlist-2
invariably	adv	1	wordlist-2
invasion	n	2	wordlist-1,wordlist-2
invasive	adj	1	wordlist-1
inventory	n	1	wordlist-2
invest	v	1	wordlist-1
investigate	v	2	wordlist-1,wordlist-2
investigation	n	2	wordlist-1,wordlist-2
investment	n	1	wordlist-1
invisible	adj	1	wordlist-1
invite	v	1	wordlist-1
invoice	n	2	wordlist-1,wordlist-2
invoice	v	1	wordlist-2
involve	v	2	wordlist-1,wordlist-3
inward	adj	1	wordlist-2
inwardly	adv	1	wordlist-2
inwards	adv	1	wordlist-2
ip	abbr	1	wordlist-2
iq	abbr	2	wordlist-2,wordlist-3
iron	n	1	wordlist-1
iron	v	2	wordlist-1,wordlist-2
ironic	adj	1	wordlist-2
ironically	adv	1	wordlist-2
ironing board	n	1	wordlist-2
irony	n	1	wordlist-2
irrational	adj	1	wordlist-3
irregular	adj	1	wordlist-2
irregularly	adv	1	wordlist-2
irrespective of	prep	1	wordlist-2
irrigate	v	3	wordlist-1,wordlist-2,wordlist-3
irrigation	n	3	wordlist-1,wordlist-2,wordlist-3
irritate	v	2	wordlist-1,wordlist-2
irritated	adj	1	wordlist-1
irritation	n	1	wordlist-2
island	n	1	wordlist-1
isolate	v	2	wordlist-1,wordlist-2
isolation	n	3	wordlist-1,wordlist-2,wordlist-3
issue	n	1	wordlist-1
isthmus	n	1	wordlist-3
it	abbr	1	wordlist-2
itch	n	2	wordlist-1,wordlist-2
itch	v	2	wordlist-1,wordlist-2
itinerary	n	2	wordlist-1,wordlist-2
iv	n	1	wordlist-3
jackpot	n	1	wordlist-2
jail	n	1	wordlist-1
jam	n	2	wordlist-1,wordlist-2
jam	v	1	wordlist-2
jar	n	1	wordlist-1
jargon	n	1	wordlist-2
jazz	n	1	wordlist-3
jealous	adj	2	wordlist-1,wordlist-2
jealousy	n	2	wordlist-1,wordlist-2
jeans	n	1	wordlist-3
jellyfish	n	1	wordlist-3
jewelry	n	2	wordlist-1,wordlist-3
joggers	n	1	wordlist-3
joint	n	3	wordlist-1,wordlist-2,wordlist-3
joke	n	1	wordlist-3
joke	v	1	wordlist-3
journal	n	2	wordlist-1,wordlist-2
journalism	n	1	wordlist-2
journalist	n	1	wordlist-2
journey	n	1	wordlist-1
judge	n	1	wordlist-1
judge	v	1	wordlist-1
judgment	n	2	wordlist-1,wordlist-3
judicial	adj	1	wordlist-2
judicious	adj	1	wordlist-3
juggling	n	1	wordlist-2
juicy	adj	3	wordlist-1,wordlist-2,wordlist-3
junction	n	3	wordlist-1,wordlist-2,wordlist-3
jungle	n	3	wordlist-1,wordlist-2,wordlist-3
jury	n	2	wordlist-1,wordlist-2
justice	n	2	wordlist-1,wordlist-2
justification	n	1	wordlist-2
justify	v	3	wordlist-1,wordlist-2,wordlist-3
juvenile	adj	1	wordlist-2
juvenile	n	1	wordlist-2
kayak	n	1	wordlist-2
kayak	v	1	wordlist-2
keep	v	1	wordlist-3
keep in mind	phrv	1	wordlist-1
keep on	phrv	1	wordlist-3
keep up	phrv	1	wordlist-3
kerb	n	2	wordlist-2,wordlist-3
ketchup	n	1	wordlist-1
kettle	n	3	wordlist-1,wordlist-2,wordlist-3
key	adj	1	wordlist-3
keyboard	n	2	wordlist-1,wordlist-3
keychain	n	2	wordlist-1,wordlist-2
kg	abbr	1	wordlist-1
kidnap	v	1	wordlist-1
kidnapping	n	1	wordlist-1
kidney	n	2	wordlist-1,wordlist-2
killer	n	1	wordlist-1
kin	n	1	wordlist-2
kindness	n	1	wordlist-1
kiosk	n	2	wordlist-2,wordlist-3
kitchenware	n	1	wordlist-3
knead	v	1	wordlist-2
kneel	v	1	wordlist-1
knife	n	2	wordlist-1,wordlist-3
knit	n	1	wordlist-3
knit	v	2	wordlist-1,wordlist-2
knockout	n	1	wordlist-2
knowingly	adv	1	wordlist-3
knowledge	n	1	wordlist-1
kph	abbr	1	wordlist-2
lab	n	1	wordlist-3
label	n	1	wordlist-1
labor	n	1	wordlist-2
laboratory	n	2	wordlist-1,wordlist-2
lagoon	n	2	wordlist-2,wordlist-3
lake	n	1	wordlist-1
lamb	n	2	wordlist-2,wordlist-3
lamp	n	1	wordlist-1
lamppost	n	2	wordlist-2,wordlist-3
lampshade	n	1	wordlist-2
lan	abbr	1	wordlist-2
land	v	2	wordlist-1,wordlist-2
landing	n	2	wordlist-1,wordlist-2
landlady	n	1	wordlist-2
landlord	n	2	wordlist-1,wordlist-2
landmark	n	2	wordlist-2,wordlist-3
landscape	n	3	wordlist-1,wordlist-2,wordlist-3
landslide	n	1	wordlist-2
lane	n	2	wordlist-1,wordlist-2
lanky	adj	1	wordlist-2
laptop	n	2	wordlist-1,wordlist-3
largely	adv	2	wordlist-1,wordlist-3
larva	n	1	wordlist-2
later	adv	1	wordlist-1
latest	adj	1	wordlist-3
latex	n	1	wordlist-2
latitude	n	1	wordlist-3
launch	v	1	wordlist-1
launderette	n	1	wordlist-3
laundry	n	2	wordlist-1,wordlist-2
lava	n	1	wordlist-2
law	n	1	wordlist-1
lawful	adj	1	wordlist-1
lawn	n	1	wordlist-2
lawsuit	n	1	wordlist-2
lawyer	n	1	wordlist-1
lay	v	3	wordlist-1,wordlist-2,wordlist-3
lay off	phrv	1	wordlist-2
layer	n	1	wordlist-1
layover	n	1	wordlist-2
lazy	adj	1	wordlist-1
lb.	abbr	1	wordlist-1
lcd	abbr	2	wordlist-2,wordlist-3
lead	v	2	wordlist-1,wordlist-3
lead on	v	1	wordlist-2
lead to	phrv	1	wordlist-2
leaf	n	1	wordlist-1
leaflet	n	1	wordlist-2
league	n	1	wordlist-3
leak	n	2	wordlist-1,wordlist-2
leak	v	2	wordlist-1,wordlist-2
leaky	adj	1	wordlist-1
lean	v	2	wordlist-1,wordlist-2
leap	n	1	wordlist-2
leap	v	1	wordlist-2
learn	v	1	wordlist-1
lease	n	2	wordlist-1,wordlist-2
lease	v	2	wordlist-1,wordlist-2
leather	adj	1	wordlist-1
leather	n	2	wordlist-1,wordlist-3
leave	v	1	wordlist-3
lecture	n	2	wordlist-1,wordlist-2
lecture	v	2	wordlist-1,wordlist-2
led	abbr	2	wordlist-2,wordlist-3
leftovers	n	2	wordlist-2,wordlist-3
legal	adj	1	wordlist-1
leggings	n	1	wordlist-3
legible	adj	1	wordlist-2
legislation	n	2	wordlist-1,wordlist-2
legislative	adj	1	wordlist-1
legitimate	adj	2	wordlist-2,wordlist-3
legitimately	adv	2	wordlist-2,wordlist-3
leisure	n	2	wordlist-2,wordlist-3
leisurely	adj	1	wordlist-2
lemon	n	1	wordlist-3
lend	v	1	wordlist-1
length	n	1	wordlist-3
lengthen	v	1	wordlist-3
lengthwise	adv	1	wordlist-2
lentil	n	1	wordlist-1
lesion	n	1	wordlist-3
lest	conj	3	wordlist-1,wordlist-2,wordlist-3
let	v	1	wordlist-3
let down	phrv	1	wordlist-3
lethargic	adj	1	wordlist-2
letter	n	1	wordlist-1
level	adj	1	wordlist-2
level	n	1	wordlist-2
level	v	1	wordlist-2
lever	n	2	wordlist-2,wordlist-3
lever	v	1	wordlist-2
levy	n	1	wordlist-2
levy	v	1	wordlist-2
liability	n	2	wordlist-1,wordlist-2
liberal	adj	2	wordlist-1,wordlist-2
library	n	2	wordlist-1,wordlist-3
licence	n	1	wordlist-1
lid	n	2	wordlist-1,wordlist-2
lie down	phrv	2	wordlist-1,wordlist-3
lifespan	n	1	wordlist-1
lifestyle	n	2	wordlist-1,wordlist-3
lifetime	n	1	wordlist-1
lift	n	1	wordlist-1
lift	v	1	wordlist-1
ligament	n	1	wordlist-3
light up	phrv	1	wordlist-1
lightning	n	3	wordlist-1,wordlist-2,wordlist-3
lightweight	adj	1	wordlist-1
likelihood	n	1	wordlist-1
likely	adj	1	wordlist-1
likely	adv	2	wordlist-1,wordlist-3
limb	n	1	wordlist-2
limited	adj	1	wordlist-1
line up	phrv	1	wordlist-1
lineage	n	1	wordlist-2
linen	n	3	wordlist-1,wordlist-2,wordlist-3
linger	v	1	wordlist-2
lingerie	n	2	wordlist-1,wordlist-2
lining	n	1	wordlist-3
link	n	2	wordlist-1,wordlist-3
link	v	2	wordlist-1,wordlist-3
lion	n	1	wordlist-3
lipstick	n	1	wordlist-2
liquid	n	1	wordlist-1
liquidate	v	1	wordlist-2
liquidity	n	1	wordlist-2
liquor	n	1	wordlist-3
listen	interj	1	wordlist-3
listen	v	1	wordlist-1
listener	n	1	wordlist-1
literacy	n	1	wordlist-2
literally	adv	1	wordlist-3
literary	adj	2	wordlist-1,wordlist-2
literate	adj	1	wordlist-2
literature	n	1	wordlist-2
litter	n	2	wordlist-2,wordlist-3
lively	adj	2	wordlist-1,wordlist-3
liver	n	2	wordlist-1,wordlist-2
livestock	n	2	wordlist-1,wordlist-2
lizard	n	1	wordlist-3
load	n	2	wordlist-1,wordlist-3
load	v	2	wordlist-1,wordlist-3
loaf	n	1	wordlist-2
loan	n	1	wordlist-1
loathe	v	1	wordlist-2
lobby	n	2	wordlist-1,wordlist-2
lobster	n	1	wordlist-3
local	adj	1	wordlist-1
location	n	1	wordlist-1
lock	n	1	wordlist-3
lock	v	1	wordlist-1
locksmith	n	1	wordlist-2
locomotive	n	1	wordlist-2
lodge	v	1	wordlist-2
loft	n	1	wordlist-2
log in	phrv	1	wordlist-1
log out	phrv	1	wordlist-1
logic	n	1	wordlist-3
logical	adj	2	wordlist-1,wordlist-3
login	n	2	wordlist-1,wordlist-3
login	v	1	wordlist-3
logistics	n	1	wordlist-2
logout	v	1	wordlist-3
lol	abbr	1	wordlist-3
loneliness	n	2	wordlist-1,wordlist-2
lonely	adj	1	wordlist-1
longevity	n	1	wordlist-2
longing	n	1	wordlist-2
longitude	n	1	wordlist-3
look	interj	1	wordlist-3
look	v	1	wordlist-3
look after	phrv	1	wordlist-3
look after	v	1	wordlist-2
look at	phrv	1	wordlist-3
look for	phrv	1	wordlist-3
look forward to	phrv	2	wordlist-1,wordlist-3
look into	phrv	1	wordlist-3
look out	phrv	1	wordlist-3
look over	phrv	1	wordlist-3
look up	phrv	2	wordlist-1,wordlist-3
look up to	v	1	wordlist-2
loom	v	1	wordlist-2
loose	adj	3	wordlist-1,wordlist-2,wordlist-3
loosen	v	1	wordlist-2
lorry	n	2	wordlist-1,wordlist-2
loss	n	2	wordlist-1,wordlist-3
lotion	n	2	wordlist-1,wordlist-2
lower	v	1	wordlist-1
loyal	adj	2	wordlist-1,wordlist-2
loyalty	n	2	wordlist-1,wordlist-2
ltd.	abbr	1	wordlist-1
lubricant	n	1	wordlist-2
lubricate	v	1	wordlist-2
lucrative	adj	1	wordlist-2
lug	v	1	wordlist-2
luggage	n	3	wordlist-1,wordlist-2,wordlist-3
lump	n	1	wordlist-3
lunar	adj	1	wordlist-3
lung	n	2	wordlist-1,wordlist-2
lush	adj	1	wordlist-3
lyrics	n	1	wordlist-2
machine	n	1	wordlist-1
macro-	comb	1	wordlist-2
magician	n	1	wordlist-2
magnificent	adj	1	wordlist-2
magnitude	n	2	wordlist-2,wordlist-3
main	adj	1	wordlist-1
main	n	1	wordlist-1
mainly	adv	2	wordlist-1,wordlist-3
maintain	v	1	wordlist-1
maintenance	n	1	wordlist-1
major	adj	3	wordlist-1,wordlist-2,wordlist-3
major	n	1	wordlist-1
majority	n	1	wordlist-1
majorly	adv	1	wordlist-3
make	v	1	wordlist-3
make out	phrv	2	wordlist-1,wordlist-3
make sense	phr	1	wordlist-2
make sure	phrv	1	wordlist-3
make up	phrv	1	wordlist-3
make up	v	1	wordlist-2
make up one's mind	phrv	1	wordlist-1
makeup	n	1	wordlist-1
malicious	adj	1	wordlist-2
malignant	adj	2	wordlist-2,wordlist-3
mall	n	3	wordlist-1,wordlist-2,wordlist-3
malleable	adj	1	wordlist-2
malware	n	1	wordlist-3
mammal	n	2	wordlist-1,wordlist-2
manage	v	1	wordlist-1
manager	n	1	wordlist-1
maneuver	n	1	wordlist-2
maneuver	v	1	wordlist-2
manhole	n	2	wordlist-2,wordlist-3
manicure	n	2	wordlist-1,wordlist-2
manifest	v	2	wordlist-2,wordlist-3
manifestation	n	1	wordlist-2
manner	n	1	wordlist-1
mannerism	n	1	wordlist-2
mansion	n	1	wordlist-2
mantelpiece	n	1	wordlist-2
manual	adj	2	wordlist-1,wordlist-3
manufacture	v	1	wordlist-1
manure	n	3	wordlist-1,wordlist-2,wordlist-3
manuscript	n	1	wordlist-2
many	pron	1	wordlist-3
marathon	n	1	wordlist-2
march	v	1	wordlist-1
marginal	adj	1	wordlist-2
marginally	adv	1	wordlist-2
marina	n	1	wordlist-3
marinate	v	3	wordlist-1,wordlist-2,wordlist-3
marine	adj	2	wordlist-2,wordlist-3
marital	adj	1	wordlist-2
market	n	2	wordlist-1,wordlist-3
marriage	n	1	wordlist-1
marry	v	1	wordlist-1
marsh	n	2	wordlist-2,wordlist-3
marvelous	adj	2	wordlist-2,wordlist-3
marvelously	adv	1	wordlist-3
mascara	n	1	wordlist-2
mash	v	1	wordlist-3
mask	n	2	wordlist-1,wordlist-3
mass	n	1	wordlist-3
massive	adj	1	wordlist-2
massively	adv	1	wordlist-2
match	n	1	wordlist-3
match	v	1	wordlist-1
mate	n	1	wordlist-2
mate	v	2	wordlist-2,wordlist-3
material	n	1	wordlist-1
maternal	adj	1	wordlist-2
maternity	adj	1	wordlist-2
maternity	n	1	wordlist-2
matrimony	n	1	wordlist-2
mattress	n	2	wordlist-1,wordlist-2
mature	adj	2	wordlist-1,wordlist-2
mature	v	1	wordlist-2
maturity	n	1	wordlist-2
max.	abbr	1	wordlist-1
maximal	adj	1	wordlist-3
maximise	v	1	wordlist-2
maximum	adj	1	wordlist-2
may	modal	1	wordlist-3
mayonnaise	n	1	wordlist-1
meadow	n	3	wordlist-1,wordlist-2,wordlist-3
meal	n	2	wordlist-1,wordlist-3
mean	v	1	wordlist-1
meaning	n	1	wordlist-1
meanwhile	adv	3	wordlist-1,wordlist-2,wordlist-3
measure	n	1	wordlist-1
measure	v	2	wordlist-1,wordlist-3
measurement	n	2	wordlist-1,wordlist-3
meat	n	1	wordlist-3
mechanic	n	1	wordlist-2
mechanical	adj	1	wordlist-3
medal	n	1	wordlist-3
medical	adj	1	wordlist-1
medication	n	1	wordlist-1
medicine	n	1	wordlist-1
meditate	v	1	wordlist-3
melancholy	adj	1	wordlist-2
melancholy	n	1	wordlist-2
melodrama	n	1	wordlist-2
melody	n	2	wordlist-1,wordlist-2
melt	v	2	wordlist-1,wordlist-2
membrane	n	1	wordlist-2
memoir	n	1	wordlist-2
memorial	n	1	wordlist-2
memorize	v	2	wordlist-1,wordlist-2
memory	n	1	wordlist-1
mend	v	2	wordlist-1,wordlist-2
mental	adj	1	wordlist-1
mention	v	1	wordlist-1
mentor	n	1	wordlist-2
mentor	v	1	wordlist-2
menu	n	2	wordlist-1,wordlist-3
merchandise	n	1	wordlist-2
merely	adv	1	wordlist-3
merger	n	1	wordlist-2
mess	n	1	wordlist-1
message	n	2	wordlist-1,wordlist-3
message	v	2	wordlist-1,wordlist-3
messy	adj	1	wordlist-1
metabolism	n	2	wordlist-2,wordlist-3
metal	n	1	wordlist-1
metaphor	n	1	wordlist-2
meteor	n	1	wordlist-3
meteorological	adj	1	wordlist-2
method	n	1	wordlist-1
methodology	n	1	wordlist-2
metric	adj	1	wordlist-2
metric	n	2	wordlist-2,wordlist-3
metropolis	n	1	wordlist-2
metropolitan	adj	2	wordlist-2,wordlist-3
micro-	comb	3	wordlist-1,wordlist-2,wordlist-3
microclimate	n	1	wordlist-3
microphone	n	1	wordlist-3
microwave	n	2	wordlist-1,wordlist-2
microwave	v	1	wordlist-2
middle-aged	adj	1	wordlist-1
midst	n	1	wordlist-2
midwife	n	1	wordlist-2
might	modal	1	wordlist-3
migraine	n	1	wordlist-3
migrate	v	2	wordlist-1,wordlist-2
migration	adj	1	wordlist-1
migration	n	2	wordlist-1,wordlist-2
mild	adj	3	wordlist-1,wordlist-2,wordlist-3
mileage	n	1	wordlist-2
milestone	n	2	wordlist-1,wordlist-2
militant	adj	1	wordlist-2
militant	n	1	wordlist-2
military	adj	1	wordlist-1
military	n	1	wordlist-1
milk	n	1	wordlist-3
milk	v	1	wordlist-3
millennium	n	1	wordlist-2
min.	abbr	1	wordlist-1
mince	v	1	wordlist-2
mind	n	1	wordlist-1
mindset	n	1	wordlist-3
mine	pron	1	wordlist-2
mineral	n	2	wordlist-2,wordlist-3
mini-	comb	1	wordlist-3
miniature	adj	1	wordlist-3
minimal	adj	1	wordlist-3
minimise	v	1	wordlist-2
minimum	adj	1	wordlist-2
miniskirt	n	1	wordlist-3
minister	n	1	wordlist-1
minor	adj	2	wordlist-2,wordlist-3
minor	n	1	wordlist-1
minority	n	1	wordlist-1
minorly	adv	1	wordlist-3
mint	n	1	wordlist-3
minus	prep	1	wordlist-3
minuscule	adj	1	wordlist-2
minute	adj	1	wordlist-2
mirror	n	1	wordlist-1
mis-	prefix	3	wordlist-1,wordlist-2,wordlist-3
misconception	n	1	wordlist-3
miserable	adj	2	wordlist-1,wordlist-2
misery	n	1	wordlist-2
misinterpret	v	1	wordlist-3
misplace	v	1	wordlist-1
missile	n	1	wordlist-2
mist	n	3	wordlist-1,wordlist-2,wordlist-3
mistake	n	1	wordlist-1
misty	adj	1	wordlist-2
misunderstand	v	2	wordlist-1,wordlist-3
mittens	n	1	wordlist-3
mix	v	2	wordlist-1,wordlist-3
mixture	n	1	wordlist-1
mo.	abbr	1	wordlist-1
mobile	adj	2	wordlist-2,wordlist-3
model	n	1	wordlist-1
moderate	adj	2	wordlist-2,wordlist-3
moderately	adv	2	wordlist-2,wordlist-3
modern	adj	2	wordlist-1,wordlist-3
modernly	adv	1	wordlist-3
modest	adj	3	wordlist-1,wordlist-2,wordlist-3
modesty	n	2	wordlist-1,wordlist-2
modification	n	1	wordlist-2
modify	v	1	wordlist-2
moist	adj	2	wordlist-2,wordlist-3
moisture	n	2	wordlist-1,wordlist-2
moisturize	v	1	wordlist-1
moisturizer	n	2	wordlist-1,wordlist-2
mole	n	1	wordlist-3
momentarily	adv	1	wordlist-2
momentary	adj	1	wordlist-2
monarchy	n	1	wordlist-2
monastery	n	1	wordlist-2
monetary	adj	1	wordlist-2
monetize	v	1	wordlist-2
monitor	n	1	wordlist-1
monitor	v	2	wordlist-1,wordlist-3
monkey	n	1	wordlist-3
mono-	comb	1	wordlist-3
mono-	prefix	1	wordlist-2
monologue	n	1	wordlist-2
monopolize	v	1	wordlist-2
monopoly	n	1	wordlist-2
monsoon	n	2	wordlist-2,wordlist-3
monthly	adj	1	wordlist-2
monthly	adv	1	wordlist-2
monument	n	2	wordlist-2,wordlist-3
mood	n	1	wordlist-1
moody	adj	1	wordlist-2
moonlight	n	1	wordlist-1
moor	n	1	wordlist-3
mop	n	2	wordlist-1,wordlist-2
mop	v	2	wordlist-1,wordlist-2
moral	adj	2	wordlist-1,wordlist-2
morality	n	1	wordlist-2
morbid	adj	1	wordlist-2
more	pron	1	wordlist-3
moreover	adv	2	wordlist-1,wordlist-2
mortgage	n	2	wordlist-1,wordlist-2
mortgage	v	1	wordlist-2
mosque	n	1	wordlist-2
moss	n	1	wordlist-2
most	pron	1	wordlist-3
mostly	adv	2	wordlist-1,wordlist-3
motel	n	2	wordlist-2,wordlist-3
moth	n	1	wordlist-3
motivation	n	1	wordlist-1
motive	n	2	wordlist-2,wordlist-3
motor	n	1	wordlist-3
motorcycle	n	1	wordlist-1
motorist	n	1	wordlist-1
motorway	n	2	wordlist-1,wordlist-2
mould	n	2	wordlist-1,wordlist-2
mould	v	2	wordlist-1,wordlist-2
moult	v	1	wordlist-2
mourn	v	1	wordlist-2
mourner	n	1	wordlist-2
mourning	n	1	wordlist-1
mouse	n	2	wordlist-1,wordlist-3
moustache	n	1	wordlist-1
mouthwash	n	1	wordlist-1
move	v	1	wordlist-3
move away	phrv	1	wordlist-1
move back	phrv	1	wordlist-1
move in	phrv	2	wordlist-1,wordlist-3
move out	phrv	2	wordlist-1,wordlist-3
move over	phrv	1	wordlist-1
movement	n	1	wordlist-1
movie	n	1	wordlist-3
mow	v	1	wordlist-2
mph	abbr	3	wordlist-1,wordlist-2,wordlist-3
mr.	abbr	1	wordlist-1
mrs.	abbr	1	wordlist-1
ms.	abbr	1	wordlist-1
msg	abbr	1	wordlist-1
mud	n	1	wordlist-1
muddy	adj	1	wordlist-2
muffle	v	1	wordlist-2
mug	n	3	wordlist-1,wordlist-2,wordlist-3
mulch	n	1	wordlist-3
mule	n	1	wordlist-3
multi-	prefix	3	wordlist-1,wordlist-2,wordlist-3
multilingual	adj	1	wordlist-2
multiply	v	1	wordlist-3
multistorey	adj	1	wordlist-2
mumble	v	1	wordlist-2
municipal	adj	3	wordlist-1,wordlist-2,wordlist-3
mural	n	1	wordlist-2
murder	n	1	wordlist-1
murder	v	1	wordlist-1
murmur	n	2	wordlist-1,wordlist-2
murmur	v	2	wordlist-1,wordlist-2
muscle	n	2	wordlist-1,wordlist-2
muscular	adj	2	wordlist-1,wordlist-2
museum	n	2	wordlist-1,wordlist-3
mushroom	n	1	wordlist-1
mushy	adj	1	wordlist-3
music	n	1	wordlist-3
musical	adj	1	wordlist-3
musician	n	1	wordlist-3
mussel	n	1	wordlist-3
must	modal	1	wordlist-3
mustard	n	1	wordlist-1
musty	adj	1	wordlist-1
mutter	v	1	wordlist-1
my pleasure	phr	2	wordlist-2,wordlist-3
n/a	abbr	1	wordlist-3
nail	n	1	wordlist-1
nail polish	n	1	wordlist-1
naive	adj	2	wordlist-2,wordlist-3
namely	adv	1	wordlist-2
nap	n	2	wordlist-1,wordlist-2
nap	v	2	wordlist-1,wordlist-2
napkin	n	3	wordlist-1,wordlist-2,wordlist-3
narrate	v	1	wordlist-2
narrative	adj	1	wordlist-2
narrative	n	1	wordlist-2
narrator	n	1	wordlist-2
narrow	adj	2	wordlist-1,wordlist-3
nation	n	1	wordlist-1
national	adj	1	wordlist-1
nationalize	v	1	wordlist-2
native	adj	2	wordlist-1,wordlist-2
natural	adj	1	wordlist-1
naturally	adv	2	wordlist-1,wordlist-3
nausea	n	3	wordlist-1,wordlist-2,wordlist-3
navigable	adj	1	wordlist-2
navigate	v	2	wordlist-1,wordlist-2
navigation	n	1	wordlist-2
navigator	n	1	wordlist-2
nearby	adj	1	wordlist-1
nearby	adv	2	wordlist-1,wordlist-2
nearly	adv	2	wordlist-1,wordlist-3
neat	adj	2	wordlist-1,wordlist-2
nebula	n	1	wordlist-3
necessarily	adv	1	wordlist-3
necessary	adj	1	wordlist-1
necklace	n	3	wordlist-1,wordlist-2,wordlist-3
need	modal	1	wordlist-3
need	n	1	wordlist-1
negative	adj	1	wordlist-1
neglect	n	2	wordlist-2,wordlist-3
neglect	v	2	wordlist-2,wordlist-3
negligible	adj	1	wordlist-2
negotiate	v	2	wordlist-1,wordlist-2
negotiation	n	2	wordlist-1,wordlist-2
neighborhood	n	1	wordlist-1
neighbourhood	n	3	wordlist-1,wordlist-2,wordlist-3
neither	det	1	wordlist-2
neither	pron	2	wordlist-2,wordlist-3
nerve	n	2	wordlist-1,wordlist-3
nervous	adj	1	wordlist-1
nest	n	3	wordlist-1,wordlist-2,wordlist-3
nest	v	2	wordlist-1,wordlist-2
network	n	2	wordlist-1,wordlist-3
neurology	n	1	wordlist-3
never mind	phr	2	wordlist-2,wordlist-3
nevertheless	adv	2	wordlist-1,wordlist-2
newborn	adj	2	wordlist-1,wordlist-2
newborn	n	2	wordlist-1,wordlist-2
newly	adv	1	wordlist-3
newlywed	n	1	wordlist-2
newsagent	n	1	wordlist-3
newsletter	n	1	wordlist-2
nightgown	n	1	wordlist-3
nightmare	n	1	wordlist-2
no	interj	1	wordlist-3
no one	pron	1	wordlist-3
no problem	phr	1	wordlist-3
no worries	phr	1	wordlist-2
no.	abbr	1	wordlist-1
nobody	pron	2	wordlist-2,wordlist-3
nocturnal	adj	1	wordlist-2
nod off	phrv	1	wordlist-2
noise	n	1	wordlist-1
noisy	adj	1	wordlist-1
non-	prefix	3	wordlist-1,wordlist-2,wordlist-3
non-fiction	n	1	wordlist-2
none	pron	2	wordlist-2,wordlist-3
nonetheless	adv	1	wordlist-2
nonprofit	adj	1	wordlist-2
noodle	n	2	wordlist-1,wordlist-3
normal	adj	2	wordlist-1,wordlist-3
normally	adv	2	wordlist-1,wordlist-3
northern	adj	1	wordlist-1
nostalgia	n	1	wordlist-2
notable	adj	1	wordlist-2
notably	adv	1	wordlist-2
notch	n	1	wordlist-2
notch	v	1	wordlist-2
note	n	1	wordlist-1
note	v	1	wordlist-1
noteworthy	adj	1	wordlist-3
nothing	pron	1	wordlist-3
notice	v	1	wordlist-1
notification	n	2	wordlist-1,wordlist-3
notion	n	2	wordlist-2,wordlist-3
notwithstanding	conj	1	wordlist-2
notwithstanding	prep	2	wordlist-2,wordlist-3
nought	num	1	wordlist-2
novel	adj	2	wordlist-2,wordlist-3
novel	n	2	wordlist-1,wordlist-3
novelly	adv	1	wordlist-3
novice	n	1	wordlist-2
now	interj	1	wordlist-3
nuisance	n	1	wordlist-2
numb	adj	3	wordlist-1,wordlist-2,wordlist-3
numb	v	1	wordlist-3
number plate	n	1	wordlist-1
numerical	adj	1	wordlist-2
nurse	n	1	wordlist-3
nursery	n	1	wordlist-1
nurture	n	1	wordlist-2
nurture	v	1	wordlist-2
nutmeg	n	1	wordlist-3
nutrition	n	3	wordlist-1,wordlist-2,wordlist-3
nutritious	adj	3	wordlist-1,wordlist-2,wordlist-3
nylon	n	1	wordlist-3
oasis	n	1	wordlist-3
oats	n	1	wordlist-3
obedient	adj	1	wordlist-2
obese	adj	1	wordlist-2
obesity	n	3	wordlist-1,wordlist-2,wordlist-3
objective	adj	2	wordlist-1,wordlist-2
objective	n	2	wordlist-1,wordlist-2
objectivity	n	1	wordlist-2
oblivious	adj	1	wordlist-3
observant	adj	1	wordlist-2
observation	n	1	wordlist-1
observe	v	1	wordlist-1
obsolete	adj	1	wordlist-2
obstacle	n	1	wordlist-2
obstinate	adj	1	wordlist-2
obvious	adj	2	wordlist-1,wordlist-3
obviously	adv	2	wordlist-1,wordlist-3
occasional	adj	2	wordlist-1,wordlist-2
occasionally	adv	2	wordlist-1,wordlist-2
occupation	n	2	wordlist-1,wordlist-2
occupational	adj	1	wordlist-2
occupy	v	2	wordlist-1,wordlist-2
occur	v	3	wordlist-1,wordlist-2,wordlist-3
occurrence	n	1	wordlist-2
ocean	n	1	wordlist-1
octopus	n	1	wordlist-3
odd	adj	2	wordlist-2,wordlist-3
oddly	adv	1	wordlist-2
odor	n	1	wordlist-1
odour	n	1	wordlist-2
offend	v	1	wordlist-1
offender	n	1	wordlist-2
offense	n	1	wordlist-2
offensive	adj	1	wordlist-2
offensive	n	1	wordlist-2
office	n	1	wordlist-1
official	adj	1	wordlist-1
official	n	1	wordlist-1
offline	adj	1	wordlist-3
offshore	adj	1	wordlist-3
offspring	n	1	wordlist-2
oh	interj	1	wordlist-3
oil	n	2	wordlist-1,wordlist-3
oily	adj	1	wordlist-2
ointment	n	2	wordlist-2,wordlist-3
ok	abbr	1	wordlist-3
okay	interj	1	wordlist-3
olive	n	1	wordlist-3
omelette	n	1	wordlist-3
omg	abbr	1	wordlist-3
on account of	prep	1	wordlist-2
on behalf of	prep	1	wordlist-2
once	conj	2	wordlist-1,wordlist-3
oncology	n	1	wordlist-3
one-way	adj	1	wordlist-1
oneself	pron	1	wordlist-2
onion	n	2	wordlist-1,wordlist-2
online	adj	2	wordlist-1,wordlist-3
online	adv	1	wordlist-1
onshore	adj	1	wordlist-3
oops	interj	2	wordlist-2,wordlist-3
opaque	adj	3	wordlist-1,wordlist-2,wordlist-3
open-plan	adj	1	wordlist-1
opera	n	1	wordlist-3
operate	v	3	wordlist-1,wordlist-2,wordlist-3
operating	adj	1	wordlist-3
operation	n	1	wordlist-1
opinion	n	1	wordlist-1
opinionated	adj	1	wordlist-3
opponent	n	1	wordlist-2
opportunity	n	1	wordlist-1
opposite	prep	2	wordlist-1,wordlist-3
opposition	adj	1	wordlist-1
opposition	n	1	wordlist-1
oppress	v	1	wordlist-2
oppression	n	1	wordlist-2
optician	n	1	wordlist-3
optimist	n	1	wordlist-2
optimistic	adj	2	wordlist-1,wordlist-2
optimize	v	1	wordlist-2
option	n	1	wordlist-1
optional	adj	1	wordlist-1
oral	adj	1	wordlist-3
orbit	n	1	wordlist-3
orchard	n	3	wordlist-1,wordlist-2,wordlist-3
orchestra	n	2	wordlist-2,wordlist-3
order	n	1	wordlist-1
order	v	1	wordlist-1
ordinarily	adv	1	wordlist-3
ordinary	adj	2	wordlist-1,wordlist-3
ore	n	2	wordlist-2,wordlist-3
organ	n	3	wordlist-1,wordlist-2,wordlist-3
organic	adj	3	wordlist-1,wordlist-2,wordlist-3
organic	n	1	wordlist-2
organization	n	1	wordlist-1
organize	v	1	wordlist-1
organized	adj	1	wordlist-1
orientation	n	1	wordlist-2
origami	n	1	wordlist-2
original	adj	2	wordlist-1,wordlist-3
originally	adv	2	wordlist-1,wordlist-3
orphan	n	2	wordlist-1,wordlist-2
orphan	v	1	wordlist-2
other	pron	1	wordlist-3
others	pron	1	wordlist-3
otherwise	adv	2	wordlist-1,wordlist-3
otter	n	1	wordlist-3
ouch	interj	2	wordlist-2,wordlist-3
ought	modal	1	wordlist-3
ours	pron	1	wordlist-2
out-	prefix	2	wordlist-1,wordlist-3
outbreak	n	2	wordlist-2,wordlist-3
outcome	n	2	wordlist-1,wordlist-2
outdated	adj	1	wordlist-2
outdoor	adj	1	wordlist-1
outdoors	adv	1	wordlist-2
outfit	n	3	wordlist-1,wordlist-2,wordlist-3
outgoing	adj	2	wordlist-1,wordlist-2
outlay	n	1	wordlist-2
outlet	n	2	wordlist-2,wordlist-3
outlook	n	1	wordlist-3
outskirts	n	2	wordlist-2,wordlist-3
outsource	v	1	wordlist-2
outstanding	adj	3	wordlist-1,wordlist-2,wordlist-3
outstandingly	adv	1	wordlist-3
outward	adj	1	wordlist-2
outwardly	adv	1	wordlist-2
outwards	adv	1	wordlist-2
oval	adj	1	wordlist-2
oval	n	1	wordlist-2
ovation	n	1	wordlist-2
oven	n	2	wordlist-1,wordlist-3
over-	prefix	3	wordlist-1,wordlist-2,wordlist-3
overall	adj	1	wordlist-1
overall	adv	1	wordlist-1
overcast	adj	2	wordlist-2,wordlist-3
overcoat	n	1	wordlist-3
overcome	v	1	wordlist-2
overcooked	adj	1	wordlist-1
overdose	n	1	wordlist-3
overdue	adj	1	wordlist-2
overflow	n	1	wordlist-2
overflow	v	2	wordlist-1,wordlist-2
overhead	n	1	wordlist-2
overheads	n	1	wordlist-2
overlook	v	1	wordlist-3
overly	adv	1	wordlist-3
overpass	n	2	wordlist-2,wordlist-3
overpriced	adj	1	wordlist-1
overseas	adj	2	wordlist-1,wordlist-2
overseas	adv	1	wordlist-2
oversee	v	1	wordlist-2
oversized	adj	1	wordlist-2
oversleep	v	1	wordlist-1
overspend	v	1	wordlist-2
overtake	v	2	wordlist-1,wordlist-2
overtime	n	2	wordlist-1,wordlist-2
overweight	adj	1	wordlist-1
overwhelm	v	1	wordlist-2
overwhelmed	adj	1	wordlist-2
owe	v	1	wordlist-1
owing to	prep	2	wordlist-1,wordlist-2
owner	n	1	wordlist-1
oxygen	n	1	wordlist-3
oyster	n	1	wordlist-3
oz.	abbr	1	wordlist-1
p.m.	abbr	2	wordlist-1,wordlist-3
p.s.	abbr	1	wordlist-2
pacemaker	n	1	wordlist-3
pack	v	1	wordlist-1
package	n	1	wordlist-1
packet	n	1	wordlist-1
painful	adj	1	wordlist-1
painkiller	n	2	wordlist-1,wordlist-2
paint	n	1	wordlist-1
paint	v	1	wordlist-1
painting	n	1	wordlist-3
pajamas	n	2	wordlist-2,wordlist-3
pale	adj	2	wordlist-1,wordlist-2
palliative	adj	1	wordlist-3
pamphlet	n	1	wordlist-2
pan	n	2	wordlist-1,wordlist-3
pandemic	n	1	wordlist-3
pane	n	1	wordlist-2
panic	n	1	wordlist-2
panic	v	1	wordlist-2
panties	n	1	wordlist-3
pantry	n	1	wordlist-2
pants	n	1	wordlist-3
pantyhose	n	1	wordlist-3
paperback	n	1	wordlist-2
paradigm	n	1	wordlist-2
paradox	n	1	wordlist-2
paragraph	n	2	wordlist-1,wordlist-2
parallel	adj	2	wordlist-1,wordlist-2
parallel	n	1	wordlist-2
paralysis	n	2	wordlist-2,wordlist-3
paralyze	v	1	wordlist-2
paramedic	n	1	wordlist-2
parameter	n	1	wordlist-2
paramount	adj	2	wordlist-2,wordlist-3
paramountly	adv	1	wordlist-3
paraphrase	n	1	wordlist-2
paraphrase	v	2	wordlist-2,wordlist-3
parasite	n	2	wordlist-2,wordlist-3
parasitic	adj	1	wordlist-2
parcel	n	1	wordlist-1
pardon	interj	2	wordlist-2,wordlist-3
pardon	n	1	wordlist-2
parenthood	n	1	wordlist-1
park	n	1	wordlist-3
park	v	1	wordlist-1
parka	n	1	wordlist-3
parking	n	1	wordlist-1
parliament	n	2	wordlist-1,wordlist-2
parlour	n	1	wordlist-3
parody	n	1	wordlist-2
parody	v	1	wordlist-2
part-time	adj	1	wordlist-1
partially	adv	1	wordlist-2
participate	v	1	wordlist-1
participation	n	1	wordlist-1
particle	n	2	wordlist-1,wordlist-2
particular	adj	1	wordlist-1
particularly	adv	2	wordlist-1,wordlist-3
partly	adv	2	wordlist-1,wordlist-3
partner	n	2	wordlist-1,wordlist-2
party	n	1	wordlist-1
pass	v	2	wordlist-1,wordlist-3
pass away	phrv	2	wordlist-1,wordlist-3
pass for	phrv	1	wordlist-2
pass out	phrv	3	wordlist-1,wordlist-2,wordlist-3
passage	n	1	wordlist-2
passenger	n	1	wordlist-1
passion	n	1	wordlist-1
passionate	adj	1	wordlist-2
passive	adj	1	wordlist-2
passport	n	2	wordlist-1,wordlist-2
password	n	2	wordlist-1,wordlist-3
pasta	n	3	wordlist-1,wordlist-2,wordlist-3
paste	n	1	wordlist-2
paste	v	2	wordlist-1,wordlist-3
pastime	n	1	wordlist-2
pastry	n	3	wordlist-1,wordlist-2,wordlist-3
pasture	n	3	wordlist-1,wordlist-2,wordlist-3
pasturize	v	1	wordlist-2
pat	n	1	wordlist-2
pat	v	1	wordlist-2
patch	n	1	wordlist-2
patch	v	1	wordlist-2
patched	adj	1	wordlist-3
patent	n	1	wordlist-2
patent	v	1	wordlist-2
paternal	adj	1	wordlist-2
paternity	adj	1	wordlist-2
paternity	n	1	wordlist-2
path	n	1	wordlist-1
pathology	n	1	wordlist-3
patience	n	2	wordlist-1,wordlist-2
patient	adj	1	wordlist-1
patient	n	2	wordlist-1,wordlist-3
patio	n	2	wordlist-1,wordlist-2
patron	n	1	wordlist-2
pattern	n	2	wordlist-1,wordlist-3
patterned	adj	2	wordlist-1,wordlist-2
pave	v	1	wordlist-1
pavement	n	3	wordlist-1,wordlist-2,wordlist-3
pavilion	n	1	wordlist-2
paw	n	2	wordlist-2,wordlist-3
pawnshop	n	1	wordlist-3
pay attention	phrv	1	wordlist-1
pay back	phrv	2	wordlist-1,wordlist-3
pay for	phrv	1	wordlist-1
pay off	phrv	1	wordlist-1
payment	n	1	wordlist-1
payroll	n	1	wordlist-2
pc	abbr	2	wordlist-2,wordlist-3
pdf	abbr	1	wordlist-3
pea	n	1	wordlist-1
peace	n	1	wordlist-1
peaceful	adj	1	wordlist-1
peacoat	n	1	wordlist-3
peak	n	3	wordlist-1,wordlist-2,wordlist-3
peculiar	adj	2	wordlist-2,wordlist-3
peculiarly	adv	2	wordlist-2,wordlist-3
pedagogical	adj	1	wordlist-2
pedagogy	n	1	wordlist-2
pedestrian	adj	1	wordlist-2
pedestrian	n	3	wordlist-1,wordlist-2,wordlist-3
pedestrianise	v	1	wordlist-3
pedestrianize	v	2	wordlist-1,wordlist-2
pedestrianized	adj	1	wordlist-1
pediatric	adj	1	wordlist-2
pediatrics	n	1	wordlist-3
pedicure	n	2	wordlist-1,wordlist-2
peel	n	1	wordlist-2
peel	v	3	wordlist-1,wordlist-2,wordlist-3
peeler	n	1	wordlist-2
peephole	n	1	wordlist-2
peer	n	1	wordlist-2
peer	v	2	wordlist-1,wordlist-2
pelvis	n	1	wordlist-2
pen	n	1	wordlist-3
penalty	n	1	wordlist-2
pendant	n	2	wordlist-2,wordlist-3
pending	prep	3	wordlist-1,wordlist-2,wordlist-3
peninsula	n	2	wordlist-2,wordlist-3
pension	n	2	wordlist-1,wordlist-2
pensioner	n	1	wordlist-2
penthouse	n	1	wordlist-2
pepper	n	2	wordlist-1,wordlist-3
per	prep	2	wordlist-1,wordlist-3
perceive	v	1	wordlist-3
percentage	n	2	wordlist-2,wordlist-3
perception	n	2	wordlist-1,wordlist-3
perceptive	adj	1	wordlist-2
perch	n	1	wordlist-2
perch	v	1	wordlist-2
perfectionist	n	1	wordlist-2
perfectly	adv	1	wordlist-3
performance	n	1	wordlist-3
perfume	n	1	wordlist-1
perfume	v	1	wordlist-1
perhaps	adv	2	wordlist-1,wordlist-3
perimeter	n	1	wordlist-2
periodic	adj	1	wordlist-2
periodically	adv	1	wordlist-2
perishable	adj	1	wordlist-2
perk	n	1	wordlist-2
permanent	adj	2	wordlist-1,wordlist-2
permanently	adv	2	wordlist-1,wordlist-2
permeable	adj	1	wordlist-2
permission	n	1	wordlist-3
permit	n	1	wordlist-1
permit	v	1	wordlist-1
perpendicular	adj	1	wordlist-2
perpetual	adj	1	wordlist-2
perpetually	adv	1	wordlist-2
perplexed	adj	1	wordlist-2
persecute	v	1	wordlist-2
persecution	n	1	wordlist-2
perseverance	n	1	wordlist-2
persevere	v	1	wordlist-2
persist	v	1	wordlist-2
persistence	n	1	wordlist-2
personal	adj	1	wordlist-1
personality	n	1	wordlist-1
personally	adv	2	wordlist-1,wordlist-3
personnel	n	1	wordlist-2
perspective	n	2	wordlist-2,wordlist-3
perspire	v	2	wordlist-2,wordlist-3
persuade	v	2	wordlist-1,wordlist-2
persuasive	adj	2	wordlist-1,wordlist-2
pertain	v	1	wordlist-3
pertaining to	prep	1	wordlist-2
pessimist	n	1	wordlist-2
pessimistic	adj	2	wordlist-1,wordlist-2
pest	n	3	wordlist-1,wordlist-2,wordlist-3
pesticide	n	3	wordlist-1,wordlist-2,wordlist-3
petal	n	1	wordlist-2
petite	adj	1	wordlist-2
petrol	n	1	wordlist-1
petrol station	n	1	wordlist-3
pharmacy	n	3	wordlist-1,wordlist-2,wordlist-3
phase	n	1	wordlist-2
phenomenon	n	1	wordlist-2
phrase	n	2	wordlist-1,wordlist-2
phrase	v	1	wordlist-2
physical	adj	1	wordlist-1
physician	n	2	wordlist-2,wordlist-3
physique	n	1	wordlist-2
pick up	phrv	3	wordlist-1,wordlist-2,wordlist-3
pickle	n	1	wordlist-3
pickle	v	1	wordlist-3
picturesque	adj	2	wordlist-2,wordlist-3
pier	n	2	wordlist-2,wordlist-3
pierce	v	1	wordlist-2
piercing	adj	1	wordlist-2
pig	n	1	wordlist-3
pigment	n	1	wordlist-2
pile	n	1	wordlist-2
pile	v	1	wordlist-2
pilgrim	n	1	wordlist-2
pilgrimage	n	1	wordlist-2
pill	n	1	wordlist-3
pillow	n	1	wordlist-1
pillowcase	n	1	wordlist-2
pin	abbr	2	wordlist-2,wordlist-3
pin	n	1	wordlist-1
pinch	n	1	wordlist-3
pinnacle	n	1	wordlist-2
pioneer	n	1	wordlist-2
pioneer	v	1	wordlist-2
pipe	n	1	wordlist-3
pitch	n	2	wordlist-1,wordlist-2
pitch	v	1	wordlist-2
pitcher	n	1	wordlist-3
pivot	n	1	wordlist-2
pivot	v	1	wordlist-2
pivotal	adj	1	wordlist-3
pivotally	adv	1	wordlist-3
pizza	n	1	wordlist-1
plagiarism	n	1	wordlist-2
plaid	n	1	wordlist-3
plain	adj	2	wordlist-1,wordlist-2
plain	n	3	wordlist-1,wordlist-2,wordlist-3
plan	n	1	wordlist-1
plan	v	1	wordlist-1
plankton	n	1	wordlist-3
plant	n	1	wordlist-3
plant	v	2	wordlist-1,wordlist-3
plantation	n	2	wordlist-1,wordlist-3
plaster	n	1	wordlist-2
plastic	n	1	wordlist-1
plate	n	2	wordlist-1,wordlist-3
plateau	n	2	wordlist-2,wordlist-3
platform	n	1	wordlist-1
platter	n	2	wordlist-2,wordlist-3
plausible	adj	1	wordlist-3
play	n	1	wordlist-3
play	v	2	wordlist-2,wordlist-3
player	n	1	wordlist-3
playground	n	2	wordlist-1,wordlist-3
plaza	n	2	wordlist-2,wordlist-3
please	adv	1	wordlist-3
pleasure	n	1	wordlist-1
plenty	pron	1	wordlist-2
pliable	adj	1	wordlist-2
pliers	n	1	wordlist-3
plop	v	1	wordlist-2
plot	n	2	wordlist-1,wordlist-2
plough	n	2	wordlist-1,wordlist-2
plough	v	2	wordlist-1,wordlist-2
plow	n	1	wordlist-3
plow	v	1	wordlist-3
plug	n	3	wordlist-1,wordlist-2,wordlist-3
plug	v	1	wordlist-3
plug in	phrv	2	wordlist-1,wordlist-2
plumber	n	2	wordlist-1,wordlist-2
plumbing	n	1	wordlist-2
plunge	n	1	wordlist-3
plunge	v	1	wordlist-2
plus	prep	1	wordlist-3
pneumatic	adj	1	wordlist-3
pneumonia	n	1	wordlist-3
poach	v	3	wordlist-1,wordlist-2,wordlist-3
poaching	n	1	wordlist-1
podcast	n	1	wordlist-1
poem	n	3	wordlist-1,wordlist-2,wordlist-3
poet	n	2	wordlist-2,wordlist-3
poetry	n	3	wordlist-1,wordlist-2,wordlist-3
point out	phrv	2	wordlist-1,wordlist-3
poisonous	adj	2	wordlist-1,wordlist-2
polar	adj	2	wordlist-2,wordlist-3
police	n	1	wordlist-1
police station	n	1	wordlist-3
policy	n	2	wordlist-1,wordlist-2
polish	n	1	wordlist-2
polish	v	2	wordlist-1,wordlist-2
polite	adj	1	wordlist-1
political	adj	1	wordlist-1
politician	n	2	wordlist-1,wordlist-2
politics	n	1	wordlist-1
poll	n	1	wordlist-2
poll	v	1	wordlist-2
pollen	n	1	wordlist-2
pollinate	v	1	wordlist-2
pollination	n	1	wordlist-2
pollute	v	2	wordlist-1,wordlist-3
pollution	n	1	wordlist-1
polo	n	1	wordlist-3
poly-	prefix	1	wordlist-2
polyester	n	1	wordlist-3
pond	n	2	wordlist-1,wordlist-2
ponder	v	1	wordlist-3
pony	n	1	wordlist-3
ponytail	n	1	wordlist-2
pool	n	1	wordlist-3
pop	adj	1	wordlist-3
pop-up	n	1	wordlist-3
popular	adj	1	wordlist-1
population	n	1	wordlist-1
porch	n	2	wordlist-1,wordlist-2
pork	n	2	wordlist-2,wordlist-3
porous	adj	1	wordlist-2
portable	adj	2	wordlist-1,wordlist-3
portfolio	n	1	wordlist-2
portion	n	3	wordlist-1,wordlist-2,wordlist-3
portrait	n	1	wordlist-2
pose	v	1	wordlist-2
position	n	1	wordlist-1
position	v	1	wordlist-2
positive	adj	1	wordlist-1
possessive	adj	1	wordlist-2
possibility	n	1	wordlist-1
possible	adj	1	wordlist-1
possibly	adv	1	wordlist-1
post	n	2	wordlist-1,wordlist-3
post	v	2	wordlist-1,wordlist-3
post office	n	1	wordlist-3
post-	prefix	3	wordlist-1,wordlist-2,wordlist-3
postgraduate	n	1	wordlist-2
posture	n	1	wordlist-2
pot	n	2	wordlist-1,wordlist-3
potent	adj	1	wordlist-3
potential	n	1	wordlist-1
potential	v	1	wordlist-1
potentially	adv	1	wordlist-3
pottery	n	1	wordlist-2
poult	n	1	wordlist-2
poultry	n	3	wordlist-1,wordlist-2,wordlist-3
pour	v	2	wordlist-1,wordlist-2
poverty	n	2	wordlist-1,wordlist-2
powder	n	1	wordlist-1
ppe	n	1	wordlist-3
pr	abbr	2	wordlist-2,wordlist-3
practical	adj	1	wordlist-1
practically	adv	1	wordlist-3
pragmatic	adj	1	wordlist-2
prairie	n	1	wordlist-3
pray	v	1	wordlist-2
prayer	n	2	wordlist-1,wordlist-2
pre-	prefix	3	wordlist-1,wordlist-2,wordlist-3
precaution	n	1	wordlist-1
preceding	adj	1	wordlist-2
precipitation	n	1	wordlist-2
precise	adj	3	wordlist-1,wordlist-2,wordlist-3
precisely	adv	2	wordlist-2,wordlist-3
precision	n	1	wordlist-2
preconception	n	1	wordlist-3
predator	n	2	wordlist-1,wordlist-2
predecessor	n	1	wordlist-2
predict	v	1	wordlist-1
prediction	n	1	wordlist-1
preface	n	1	wordlist-2
prefer	v	1	wordlist-1
pregnancy	n	2	wordlist-1,wordlist-2
pregnant	adj	2	wordlist-1,wordlist-2
prejudice	n	2	wordlist-2,wordlist-3
preliminary	adj	2	wordlist-1,wordlist-2
premiere	n	1	wordlist-2
premiere	v	1	wordlist-2
premise	n	1	wordlist-3
premises	n	1	wordlist-1
prepare	v	1	wordlist-1
prescribe	v	3	wordlist-1,wordlist-2,wordlist-3
prescription	n	3	wordlist-1,wordlist-2,wordlist-3
presentation	n	1	wordlist-2
presently	adv	1	wordlist-2
preservation	n	1	wordlist-1
preservative	n	1	wordlist-2
preserve	n	1	wordlist-3
preserve	v	2	wordlist-1,wordlist-3
president	n	1	wordlist-1
pressure	n	1	wordlist-1
presumably	adv	1	wordlist-2
presume	v	1	wordlist-3
presumption	n	1	wordlist-3
prevailing	adj	1	wordlist-3
prevailingly	adv	1	wordlist-3
prevalent	adj	1	wordlist-2
prevent	v	1	wordlist-1
prevention	n	1	wordlist-1
preventive	adj	1	wordlist-3
previous	adj	1	wordlist-1
previously	adv	2	wordlist-1,wordlist-3
prey	n	2	wordlist-1,wordlist-2
prey	v	1	wordlist-2
prick	n	1	wordlist-2
prick	v	1	wordlist-2
pride	n	2	wordlist-1,wordlist-2
priest	n	1	wordlist-2
primarily	adv	3	wordlist-1,wordlist-2,wordlist-3
primary	adj	1	wordlist-1
principle	n	1	wordlist-1
print	n	1	wordlist-1
print	v	2	wordlist-1,wordlist-3
printer	n	2	wordlist-1,wordlist-3
prior	adj	1	wordlist-2
prior to	prep	1	wordlist-2
prioritize	v	1	wordlist-2
priority	n	2	wordlist-1,wordlist-2
prison	n	1	wordlist-1
prisoner	n	1	wordlist-1
privacy	n	2	wordlist-1,wordlist-3
private	adj	1	wordlist-1
privatization	n	1	wordlist-2
privatize	v	1	wordlist-2
privilege	n	1	wordlist-2
prize	n	1	wordlist-3
pro-	prefix	2	wordlist-1,wordlist-2
probability	n	1	wordlist-1
probable	adj	1	wordlist-1
probably	adv	2	wordlist-1,wordlist-3
problematic	adj	1	wordlist-3
problematically	adv	1	wordlist-3
proceed	v	1	wordlist-1
process	n	2	wordlist-1,wordlist-3
process	v	1	wordlist-1
procure	v	1	wordlist-2
procurement	n	1	wordlist-2
prodigious	adj	1	wordlist-2
prodigy	n	1	wordlist-2
produce	n	1	wordlist-1
producer	n	2	wordlist-1,wordlist-2
product	n	1	wordlist-1
productive	adj	1	wordlist-1
profession	n	1	wordlist-2
professional	adj	2	wordlist-1,wordlist-3
professional	n	2	wordlist-1,wordlist-2
proficiency	n	1	wordlist-2
proficient	adj	1	wordlist-2
profile	n	2	wordlist-1,wordlist-3
profit	n	1	wordlist-1
profitable	adj	2	wordlist-1,wordlist-2
profoundly	adv	1	wordlist-2
progeny	n	1	wordlist-2
program	n	2	wordlist-1,wordlist-3
program	v	1	wordlist-1
programme	n	1	wordlist-3
programming	n	1	wordlist-3
progress	n	2	wordlist-1,wordlist-2
progress	v	2	wordlist-1,wordlist-2
prolonged	adj	1	wordlist-2
promenade	n	1	wordlist-3
prominent	adj	1	wordlist-2
prominently	adv	1	wordlist-2
promote	v	1	wordlist-1
promotion	n	1	wordlist-1
prompt	v	1	wordlist-2
promptly	adv	1	wordlist-2
pronounce	v	1	wordlist-2
pronunciation	n	2	wordlist-1,wordlist-2
proof	n	1	wordlist-1
proofread	v	2	wordlist-1,wordlist-2
prop	n	1	wordlist-2
prop	v	1	wordlist-2
propel	v	1	wordlist-2
proper	adj	2	wordlist-1,wordlist-3
properly	adv	2	wordlist-1,wordlist-3
property	n	1	wordlist-1
prophet	n	1	wordlist-2
proportion	n	2	wordlist-2,wordlist-3
proportional	adj	1	wordlist-2
proposal	n	1	wordlist-1
propose	v	1	wordlist-1
proprietor	n	1	wordlist-2
props	n	1	wordlist-2
prose	n	1	wordlist-2
prosecute	v	1	wordlist-2
prosecution	n	1	wordlist-2
prosper	v	1	wordlist-2
prosperous	adj	1	wordlist-2
prosthesis	n	1	wordlist-3
protagonist	n	1	wordlist-2
protect	v	1	wordlist-1
protection	n	1	wordlist-1
protective	adj	1	wordlist-2
protein	n	3	wordlist-1,wordlist-2,wordlist-3
protest	n	2	wordlist-1,wordlist-2
protest	v	2	wordlist-1,wordlist-2
proud	adj	1	wordlist-1
prove	v	3	wordlist-1,wordlist-2,wordlist-3
provided	conj	3	wordlist-1,wordlist-2,wordlist-3
provided that	conj	1	wordlist-1
providing	conj	1	wordlist-3
provoke	v	1	wordlist-2
proximity	n	1	wordlist-2
prudent	adj	1	wordlist-2
prune	v	2	wordlist-1,wordlist-2
pruning	n	1	wordlist-1
pry	v	1	wordlist-2
pseudo-	prefix	1	wordlist-1
psychiatric	adj	1	wordlist-2
psychiatrist	n	1	wordlist-2
psychiatry	n	1	wordlist-3
psycho-	comb	1	wordlist-2
psychologist	n	1	wordlist-2
pto	abbr	1	wordlist-2
pub	n	1	wordlist-3
puberty	n	1	wordlist-1
public	adj	1	wordlist-1
public	n	1	wordlist-1
publication	n	2	wordlist-1,wordlist-2
publish	v	2	wordlist-1,wordlist-2
publisher	n	2	wordlist-1,wordlist-2
pull	v	1	wordlist-1
pull over	phrv	2	wordlist-1,wordlist-2
pullover	n	1	wordlist-3
pulp	n	1	wordlist-2
pulse	n	2	wordlist-1,wordlist-2
pump	n	1	wordlist-3
punctual	adj	2	wordlist-1,wordlist-2
punctuality	n	1	wordlist-2
punctually	adv	1	wordlist-2
punctuation	n	2	wordlist-1,wordlist-2
puncture	n	1	wordlist-2
puncture	v	1	wordlist-2
pungent	adj	1	wordlist-2
punish	v	1	wordlist-1
punishment	n	1	wordlist-1
purchase	v	1	wordlist-1
purify	v	1	wordlist-2
purity	n	1	wordlist-2
purpose	n	1	wordlist-1
purse	n	3	wordlist-1,wordlist-2,wordlist-3
push	v	1	wordlist-1
put	v	1	wordlist-3
put away	phrv	2	wordlist-1,wordlist-3
put back	phrv	1	wordlist-1
put down	phrv	3	wordlist-1,wordlist-2,wordlist-3
put off	phrv	1	wordlist-3
put on	phrv	2	wordlist-1,wordlist-3
put out	phrv	2	wordlist-1,wordlist-3
put together	phrv	2	wordlist-1,wordlist-3
put up	phrv	1	wordlist-3
put up with	phrv	1	wordlist-3
puzzled	adj	1	wordlist-2
quaint	adj	1	wordlist-2
qualification	n	1	wordlist-1
qualified	adj	1	wordlist-1
qualify	v	2	wordlist-1,wordlist-2
qualitative	adj	2	wordlist-1,wordlist-2
quality	n	1	wordlist-1
quantify	v	1	wordlist-3
quantitative	adj	2	wordlist-1,wordlist-2
quantity	n	1	wordlist-3
quarantine	n	2	wordlist-1,wordlist-3
quarrel	n	1	wordlist-2
quarrel	v	1	wordlist-2
quarter	num	1	wordlist-2
quarter	pron	1	wordlist-3
quarterly	adj	1	wordlist-2
quarterly	adv	1	wordlist-2
quay	n	2	wordlist-2,wordlist-3
quench	v	1	wordlist-2
question	n	1	wordlist-1
question	v	1	wordlist-1
questionable	adj	1	wordlist-2
questionably	adv	1	wordlist-2
questionnaire	n	2	wordlist-1,wordlist-2
queue	v	1	wordlist-1
quickly	adv	2	wordlist-1,wordlist-3
quiet	adj	1	wordlist-1
quirkily	adv	1	wordlist-3
quirky	adj	1	wordlist-3
quite	adv	2	wordlist-1,wordlist-3
quota	n	1	wordlist-2
quotation	n	1	wordlist-2
quote	n	2	wordlist-1,wordlist-2
quote	v	2	wordlist-1,wordlist-2
rabbit	n	1	wordlist-3
race	n	1	wordlist-3
race	v	1	wordlist-3
racial	adj	1	wordlist-1
racism	n	1	wordlist-1
radiator	n	2	wordlist-1,wordlist-2
radical	adj	1	wordlist-1
radio	n	1	wordlist-3
radius	n	1	wordlist-2
rage	n	1	wordlist-2
rain	v	1	wordlist-1
rainbow	n	2	wordlist-2,wordlist-3
raincoat	n	1	wordlist-3
rainfall	n	1	wordlist-1
raise	v	1	wordlist-1
rake	n	1	wordlist-2
rake	v	1	wordlist-2
range	n	3	wordlist-1,wordlist-2,wordlist-3
range	v	1	wordlist-2
rank	v	1	wordlist-2
rapidly	adv	1	wordlist-3
rare	adj	2	wordlist-1,wordlist-2
rarely	adv	3	wordlist-1,wordlist-2,wordlist-3
rash	adj	1	wordlist-3
rash	n	3	wordlist-1,wordlist-2,wordlist-3
rat	n	1	wordlist-3
rate	v	1	wordlist-2
rather	adv	2	wordlist-1,wordlist-3
rather than	conj	1	wordlist-1
ratio	n	2	wordlist-2,wordlist-3
rational	adj	1	wordlist-3
rationale	n	1	wordlist-2
rationalize	v	1	wordlist-3
rattle	n	2	wordlist-1,wordlist-2
rattle	v	2	wordlist-1,wordlist-2
ravine	n	1	wordlist-3
raw	adj	3	wordlist-1,wordlist-2,wordlist-3
ray	n	1	wordlist-2
razor	n	2	wordlist-1,wordlist-2
rd.	abbr	1	wordlist-1
re-	prefix	1	wordlist-3
reach	v	1	wordlist-1
reaction	n	1	wordlist-1
reaction	v	1	wordlist-1
read out	phrv	1	wordlist-1
reader	n	1	wordlist-1
readily	adv	1	wordlist-2
real	adj	1	wordlist-3
realistic	adj	1	wordlist-3
realistically	adv	1	wordlist-3
realization	n	2	wordlist-1,wordlist-3
realize	v	1	wordlist-1
really	adv	1	wordlist-3
reap	v	2	wordlist-2,wordlist-3
rear	adj	1	wordlist-2
rear	n	1	wordlist-2
rearrange	v	1	wordlist-1
reason	n	1	wordlist-1
reasonable	adj	1	wordlist-1
reasoning	n	2	wordlist-1,wordlist-3
rebate	n	1	wordlist-2
rebate	v	1	wordlist-2
rebel	n	1	wordlist-2
rebel	v	1	wordlist-2
rebellion	n	1	wordlist-2
rebellious	adj	1	wordlist-2
reboot	v	1	wordlist-3
recall	v	2	wordlist-2,wordlist-3
receipt	n	2	wordlist-1,wordlist-2
recent	adj	3	wordlist-1,wordlist-2,wordlist-3
recently	adv	3	wordlist-1,wordlist-2,wordlist-3
reception	n	1	wordlist-1
recession	n	2	wordlist-1,wordlist-2
recipe	n	3	wordlist-1,wordlist-2,wordlist-3
reckless	adj	1	wordlist-2
reckon	v	1	wordlist-3
recline	v	1	wordlist-2
recliner	n	1	wordlist-2
recognition	n	2	wordlist-1,wordlist-3
recognize	v	1	wordlist-1
recollect	v	1	wordlist-3
recommend	v	1	wordlist-1
recommendation	n	1	wordlist-1
reconcile	v	1	wordlist-2
reconciliation	n	1	wordlist-2
reconsider	v	1	wordlist-3
reconstruct	v	1	wordlist-2
record	n	1	wordlist-3
record	v	1	wordlist-1
recover	v	2	wordlist-1,wordlist-3
recovery	n	2	wordlist-1,wordlist-3
recreation	n	1	wordlist-2
recreational	adj	1	wordlist-2
recruit	v	1	wordlist-1
recurrence	n	1	wordlist-2
recurrent	adj	1	wordlist-2
recycle	v	1	wordlist-1
recycling	n	2	wordlist-1,wordlist-2
redecorate	v	1	wordlist-2
redevelop	v	1	wordlist-2
reduce	v	1	wordlist-1
reduction	n	2	wordlist-1,wordlist-3
redundancy	n	1	wordlist-2
redundant	adj	1	wordlist-2
reef	n	2	wordlist-2,wordlist-3
ref.	abbr	1	wordlist-1
refer	v	2	wordlist-1,wordlist-3
refer to	phrv	1	wordlist-1
referee	n	2	wordlist-2,wordlist-3
reference	n	1	wordlist-1
referendum	n	1	wordlist-2
refine	v	1	wordlist-2
refinery	n	1	wordlist-2
reflect	v	2	wordlist-1,wordlist-3
reflection	n	1	wordlist-1
reform	n	2	wordlist-1,wordlist-2
reform	v	2	wordlist-1,wordlist-2
refresh	v	1	wordlist-1
refreshing	adj	1	wordlist-2
refreshment	n	1	wordlist-3
refugee	n	2	wordlist-1,wordlist-2
refund	n	2	wordlist-1,wordlist-2
refund	v	2	wordlist-1,wordlist-2
refurbish	v	3	wordlist-1,wordlist-2,wordlist-3
refuse	v	1	wordlist-1
regarding	prep	3	wordlist-1,wordlist-2,wordlist-3
regards	n	2	wordlist-2,wordlist-3
regime	n	1	wordlist-2
region	n	1	wordlist-1
register	v	2	wordlist-1,wordlist-3
regret	n	1	wordlist-1
regret	v	1	wordlist-1
regrettably	adv	1	wordlist-2
regular	adj	3	wordlist-1,wordlist-2,wordlist-3
regularly	adv	3	wordlist-1,wordlist-2,wordlist-3
regulate	v	1	wordlist-1
regulation	n	1	wordlist-1
rehabilitate	v	1	wordlist-3
rehabilitation	n	1	wordlist-2
rehearsal	n	1	wordlist-2
rehearse	v	1	wordlist-2
reheat	v	1	wordlist-1
reject	v	1	wordlist-1
relapse	v	1	wordlist-3
relate	v	2	wordlist-1,wordlist-3
relationship	n	2	wordlist-1,wordlist-2
relative	adj	1	wordlist-1
relative	n	2	wordlist-1,wordlist-2
relatively	adv	3	wordlist-1,wordlist-2,wordlist-3
relax	v	1	wordlist-1
relaxed	adj	1	wordlist-1
relay	n	1	wordlist-2
release	n	1	wordlist-1
release	v	1	wordlist-1
relentless	adj	1	wordlist-2
relevant	adj	1	wordlist-1
reliability	n	2	wordlist-1,wordlist-2
reliable	adj	2	wordlist-1,wordlist-2
relief	n	1	wordlist-1
relieve	v	1	wordlist-1
relieved	adj	1	wordlist-2
religion	n	1	wordlist-1
religious	adj	1	wordlist-1
relocate	v	2	wordlist-1,wordlist-2
reluctance	n	1	wordlist-2
reluctant	adj	1	wordlist-2
reluctantly	adv	1	wordlist-2
remain	v	3	wordlist-1,wordlist-2,wordlist-3
remarkable	adj	3	wordlist-1,wordlist-2,wordlist-3
remarkably	adv	2	wordlist-2,wordlist-3
remarry	v	1	wordlist-1
remedy	n	1	wordlist-2
remedy	v	1	wordlist-2
remind	v	2	wordlist-1,wordlist-3
remorse	n	1	wordlist-2
remote	adj	2	wordlist-1,wordlist-3
remote	n	1	wordlist-1
remove	v	1	wordlist-1
remuneration	n	1	wordlist-2
render	v	1	wordlist-2
renewable	adj	2	wordlist-1,wordlist-3
renovate	v	3	wordlist-1,wordlist-2,wordlist-3
renovation	n	2	wordlist-1,wordlist-2
rent	n	1	wordlist-1
rent	v	1	wordlist-1
repair	n	1	wordlist-1
repair	v	1	wordlist-1
repeat	v	1	wordlist-1
repeatedly	adv	1	wordlist-2
repercussion	n	1	wordlist-2
rephrase	v	1	wordlist-3
replace	v	1	wordlist-1
replacement	n	1	wordlist-1
replicate	v	1	wordlist-2
replication	n	1	wordlist-2
reply	n	1	wordlist-1
reply	v	1	wordlist-1
report	n	1	wordlist-1
report	v	1	wordlist-1
reportedly	adv	1	wordlist-3
represent	v	2	wordlist-1,wordlist-3
representation	n	1	wordlist-1
representative	n	1	wordlist-1
reptile	n	2	wordlist-1,wordlist-2
republic	n	1	wordlist-2
reputation	n	1	wordlist-1
request	n	1	wordlist-1
request	v	1	wordlist-1
require	v	1	wordlist-1
requirement	n	1	wordlist-1
rescue	n	1	wordlist-1
rescue	v	1	wordlist-1
research	n	1	wordlist-1
research	v	1	wordlist-1
resemble	v	1	wordlist-2
resent	v	1	wordlist-2
resentment	n	1	wordlist-2
reservation	n	1	wordlist-1
reserve	v	1	wordlist-1
reservoir	n	1	wordlist-3
residence	n	2	wordlist-1,wordlist-2
resident	n	1	wordlist-1
residential	adj	3	wordlist-1,wordlist-2,wordlist-3
residue	n	1	wordlist-2
resign	v	1	wordlist-1
resilience	n	1	wordlist-2
resilient	adj	1	wordlist-2
resistant	adj	1	wordlist-1
resolution	n	1	wordlist-2
resolve	v	1	wordlist-2
resort	n	1	wordlist-2
resourceful	adj	1	wordlist-2
respect	n	1	wordlist-1
respect	v	1	wordlist-1
respiratory	adj	1	wordlist-2
respond	v	1	wordlist-1
respondent	n	1	wordlist-2
response	n	1	wordlist-1
response	v	1	wordlist-1
responsibility	n	1	wordlist-1
responsible	adj	1	wordlist-1
rest	n	1	wordlist-1
rest	v	2	wordlist-1,wordlist-2
restart	n	1	wordlist-1
restart	v	2	wordlist-1,wordlist-3
restate	v	1	wordlist-3
restaurant	n	1	wordlist-3
restless	adj	2	wordlist-1,wordlist-2
restore	v	2	wordlist-1,wordlist-3
restrict	v	1	wordlist-1
restriction	n	1	wordlist-1
restructure	v	1	wordlist-2
result	n	1	wordlist-1
result	v	1	wordlist-1
result from	phrv	1	wordlist-2
resume	n	1	wordlist-2
retail	adj	2	wordlist-1,wordlist-2
retail	n	1	wordlist-2
retail	v	1	wordlist-2
retailer	n	2	wordlist-1,wordlist-2
retain	v	1	wordlist-2
retention	n	1	wordlist-2
retire	v	1	wordlist-1
retiree	n	1	wordlist-2
retirement	n	2	wordlist-1,wordlist-2
retreat	v	1	wordlist-1
return	adj	1	wordlist-1
reusable	adj	1	wordlist-1
reveal	v	1	wordlist-3
revelation	n	1	wordlist-3
revenue	n	1	wordlist-2
reversal	n	1	wordlist-2
reverse	adj	1	wordlist-2
reverse	n	1	wordlist-2
reverse	v	2	wordlist-1,wordlist-2
review	v	1	wordlist-1
revise	v	2	wordlist-1,wordlist-2
revision	n	2	wordlist-1,wordlist-2
revolution	n	2	wordlist-1,wordlist-2
revolutionary	adj	1	wordlist-2
revolve	v	2	wordlist-2,wordlist-3
revolve around	phrv	1	wordlist-2
rhetoric	n	1	wordlist-2
rhyme	n	1	wordlist-2
rhyme	v	1	wordlist-2
rhythm	n	3	wordlist-1,wordlist-2,wordlist-3
rib	n	2	wordlist-2,wordlist-3
rice	n	2	wordlist-1,wordlist-3
rickshaw	n	1	wordlist-2
ride	v	1	wordlist-1
ridge	n	2	wordlist-2,wordlist-3
right	adj	2	wordlist-1,wordlist-3
right	interj	1	wordlist-3
rightly	adv	1	wordlist-3
rights	n	1	wordlist-1
rigid	adj	1	wordlist-2
rigidity	n	1	wordlist-2
rigor	n	1	wordlist-2
rigorous	adj	1	wordlist-2
ring	n	2	wordlist-1,wordlist-3
ring	v	1	wordlist-1
rinse	n	1	wordlist-2
rinse	v	2	wordlist-1,wordlist-2
rip	abbr	1	wordlist-3
rip	n	1	wordlist-2
rip	v	2	wordlist-1,wordlist-2
ripe	adj	3	wordlist-1,wordlist-2,wordlist-3
rise	n	1	wordlist-1
rise	v	1	wordlist-1
risk	n	1	wordlist-1
risk	v	1	wordlist-1
risk factor	n	1	wordlist-3
ritual	adj	1	wordlist-2
ritual	n	2	wordlist-1,wordlist-2
rival	n	1	wordlist-2
rival	v	1	wordlist-2
rivalry	n	1	wordlist-2
roam	v	1	wordlist-2
roar	n	2	wordlist-1,wordlist-2
roar	v	2	wordlist-1,wordlist-2
roast	adj	1	wordlist-2
roast	v	3	wordlist-1,wordlist-2,wordlist-3
rob	v	1	wordlist-1
robbery	n	1	wordlist-1
robe	n	1	wordlist-3
robot	n	1	wordlist-1
robotic	adj	2	wordlist-1,wordlist-3
robust	adj	1	wordlist-2
rock	n	2	wordlist-1,wordlist-3
rocky	adj	2	wordlist-1,wordlist-2
rodent	n	1	wordlist-2
role	n	1	wordlist-3
roll	v	1	wordlist-1
roof	n	1	wordlist-1
roost	n	1	wordlist-2
roost	v	1	wordlist-2
rooster	n	1	wordlist-3
root	n	1	wordlist-1
root	v	1	wordlist-1
rope	n	1	wordlist-1
rot	n	1	wordlist-2
rot	v	1	wordlist-2
rotate	v	2	wordlist-1,wordlist-3
rotten	adj	3	wordlist-1,wordlist-2,wordlist-3
rough	adj	2	wordlist-1,wordlist-2
roughly	adv	3	wordlist-1,wordlist-2,wordlist-3
roundabout	n	3	wordlist-1,wordlist-2,wordlist-3
route	n	2	wordlist-1,wordlist-2
route	v	1	wordlist-2
routine	adj	2	wordlist-2,wordlist-3
routine	n	2	wordlist-1,wordlist-2
routinely	adv	2	wordlist-2,wordlist-3
rowing	n	1	wordlist-2
rsvp	abbr	2	wordlist-2,wordlist-3
rub	n	1	wordlist-2
rub	v	2	wordlist-1,wordlist-2
rubber	n	1	wordlist-1
rubbish	n	1	wordlist-1
rude	adj	1	wordlist-1
rug	n	2	wordlist-1,wordlist-2
rugby	n	1	wordlist-3
rugged	adj	1	wordlist-3
rule	n	1	wordlist-1
rule	v	1	wordlist-1
run	v	2	wordlist-2,wordlist-3
run away	phrv	1	wordlist-3
run into	phrv	1	wordlist-3
run out	phrv	1	wordlist-3
run over	phrv	2	wordlist-1,wordlist-3
run-down	adj	3	wordlist-1,wordlist-2,wordlist-3
runner	n	1	wordlist-3
runway	n	2	wordlist-1,wordlist-2
rural	adj	3	wordlist-1,wordlist-2,wordlist-3
rush	v	1	wordlist-1
rust	n	2	wordlist-1,wordlist-2
rust	v	2	wordlist-1,wordlist-2
rustle	n	1	wordlist-2
rustle	v	1	wordlist-2
rusty	adj	1	wordlist-2
ruthlessly	adv	1	wordlist-2
sacred	adj	1	wordlist-2
sadly	adv	1	wordlist-3
safe	adj	1	wordlist-1
safety	n	1	wordlist-1
sail	v	1	wordlist-1
salad	n	2	wordlist-1,wordlist-3
salary	n	1	wordlist-1
saliva	n	1	wordlist-2
salmon	n	1	wordlist-3
salon	n	2	wordlist-1,wordlist-3
salt	n	1	wordlist-1
salty	adj	3	wordlist-1,wordlist-2,wordlist-3
salute	n	1	wordlist-2
sample	n	2	wordlist-1,wordlist-2
sample	v	1	wordlist-2
sanction	n	2	wordlist-1,wordlist-2
sanction	v	2	wordlist-1,wordlist-2
sand	n	1	wordlist-1
sandal	n	2	wordlist-1,wordlist-2
sandwich	n	1	wordlist-1
sandy	adj	2	wordlist-1,wordlist-2
sanitary	adj	2	wordlist-2,wordlist-3
sanitation	n	1	wordlist-3
sarcasm	n	1	wordlist-2
sarcastic	adj	1	wordlist-2
satire	n	1	wordlist-2
satirical	adj	1	wordlist-2
satisfaction	n	1	wordlist-1
satisfactory	adj	1	wordlist-2
satisfied	adj	1	wordlist-1
saturate	v	1	wordlist-2
saturated	adj	1	wordlist-2
saturation	n	1	wordlist-2
sauce	n	3	wordlist-1,wordlist-2,wordlist-3
saucepan	n	2	wordlist-2,wordlist-3
saucer	n	1	wordlist-2
sausage	n	2	wordlist-1,wordlist-2
saute	v	1	wordlist-3
sauté	v	1	wordlist-2
savanna	n	1	wordlist-3
save	conj	1	wordlist-2
save	prep	2	wordlist-2,wordlist-3
save	v	2	wordlist-1,wordlist-3
saving	prep	1	wordlist-2
savory	adj	2	wordlist-2,wordlist-3
savour	v	1	wordlist-2
saw	n	1	wordlist-3
saw	v	1	wordlist-3
scale	n	2	wordlist-2,wordlist-3
scale	v	1	wordlist-2
scale down	phrv	1	wordlist-3
scale up	phrv	1	wordlist-3
scan	n	2	wordlist-1,wordlist-3
scan	v	3	wordlist-1,wordlist-2,wordlist-3
scandal	n	2	wordlist-1,wordlist-2
scar	n	2	wordlist-2,wordlist-3
scarce	adj	1	wordlist-2
scarcely	adv	2	wordlist-2,wordlist-3
scarcity	n	1	wordlist-2
scarf	n	2	wordlist-2,wordlist-3
scatter	v	2	wordlist-1,wordlist-2
scavenge	v	1	wordlist-2
scavenger	n	1	wordlist-2
scenario	n	1	wordlist-2
scene	n	1	wordlist-1
scenery	n	1	wordlist-3
scenic	adj	2	wordlist-1,wordlist-2
scent	n	2	wordlist-1,wordlist-2
scent	v	1	wordlist-1
schedule	n	2	wordlist-1,wordlist-2
scheduled	adj	1	wordlist-1
scholar	n	1	wordlist-2
scholarship	n	2	wordlist-1,wordlist-2
scientific	adj	1	wordlist-1
scissors	n	1	wordlist-1
scooter	n	2	wordlist-1,wordlist-2
scope	n	2	wordlist-2,wordlist-3
scorching	adj	1	wordlist-2
score	n	2	wordlist-2,wordlist-3
score	v	1	wordlist-3
scorn	n	1	wordlist-2
scorn	v	1	wordlist-2
scramble	v	1	wordlist-2
scrape	n	1	wordlist-2
scrape	v	1	wordlist-2
scrape off	phrv	1	wordlist-2
scratch	n	1	wordlist-1
scratch	v	1	wordlist-1
scream	n	1	wordlist-1
scream	v	1	wordlist-1
screen	n	2	wordlist-1,wordlist-3
screen	v	1	wordlist-3
screenplay	n	1	wordlist-2
screw	n	1	wordlist-1
screwdriver	n	2	wordlist-1,wordlist-3
script	n	1	wordlist-2
scripture	n	1	wordlist-2
scroll	v	1	wordlist-3
scrub	n	1	wordlist-2
scrub	v	2	wordlist-1,wordlist-2
scruffy	adj	2	wordlist-1,wordlist-2
scrumptious	adj	1	wordlist-2
scrutinize	v	1	wordlist-2
scrutiny	n	2	wordlist-2,wordlist-3
sculptor	n	1	wordlist-2
sculpture	n	2	wordlist-2,wordlist-3
sea level	phr	1	wordlist-1
seafood	n	3	wordlist-1,wordlist-2,wordlist-3
seal	n	1	wordlist-3
seal	v	1	wordlist-1
seam	n	3	wordlist-1,wordlist-2,wordlist-3
search	n	2	wordlist-1,wordlist-3
search	v	2	wordlist-1,wordlist-3
season	v	2	wordlist-1,wordlist-2
seasonal	adj	1	wordlist-1
seasoning	n	3	wordlist-1,wordlist-2,wordlist-3
seat belt	n	1	wordlist-1
seaweed	n	1	wordlist-3
sec.	abbr	1	wordlist-1
secondary	adj	2	wordlist-1,wordlist-2
secondhand	adj	1	wordlist-1
sect	n	1	wordlist-2
secular	adj	1	wordlist-2
secure	adj	1	wordlist-1
secure	v	1	wordlist-1
security	n	2	wordlist-1,wordlist-3
sedate	v	1	wordlist-3
sedative	n	1	wordlist-3
sediment	n	2	wordlist-2,wordlist-3
see you	phr	1	wordlist-3
seed	n	2	wordlist-1,wordlist-3
seed	v	2	wordlist-1,wordlist-3
seedy	adj	1	wordlist-3
seem	v	1	wordlist-3
seemingly	adv	2	wordlist-2,wordlist-3
segment	n	2	wordlist-2,wordlist-3
segment	v	1	wordlist-2
seizure	n	2	wordlist-2,wordlist-3
seldom	adv	1	wordlist-2
select	v	1	wordlist-1
self-aware	adj	1	wordlist-3
self-confident	adj	1	wordlist-1
self-conscious	adj	1	wordlist-2
self-employed	adj	1	wordlist-1
self-esteem	n	1	wordlist-2
selfish	adj	2	wordlist-1,wordlist-2
selfishness	n	1	wordlist-1
selfless	adj	2	wordlist-1,wordlist-2
sell out	phrv	1	wordlist-1
semi-	prefix	2	wordlist-1,wordlist-2
semi-final	n	1	wordlist-2
semicolon	n	1	wordlist-2
seminar	n	2	wordlist-1,wordlist-2
send	v	1	wordlist-3
senior	adj	1	wordlist-1
senior	n	1	wordlist-1
sensation	n	1	wordlist-1
sensible	adj	3	wordlist-1,wordlist-2,wordlist-3
sensitive	adj	2	wordlist-1,wordlist-2
sensor	n	1	wordlist-3
sentence	n	2	wordlist-1,wordlist-2
sentence	v	2	wordlist-1,wordlist-2
sentiment	n	1	wordlist-3
separate	v	2	wordlist-1,wordlist-2
separated	adj	1	wordlist-1
separation	n	1	wordlist-2
sequel	n	1	wordlist-2
sequence	n	1	wordlist-2
serene	adj	1	wordlist-2
serious	adj	1	wordlist-1
serious	adv	1	wordlist-1
seriously	adv	3	wordlist-1,wordlist-2,wordlist-3
serve	v	3	wordlist-1,wordlist-2,wordlist-3
server	n	2	wordlist-1,wordlist-3
service	n	1	wordlist-1
serving	n	3	wordlist-1,wordlist-2,wordlist-3
session	n	1	wordlist-2
set	v	1	wordlist-3
set down	phrv	1	wordlist-2
set in	phrv	1	wordlist-2
set off	phrv	2	wordlist-1,wordlist-3
set up	phrv	2	wordlist-1,wordlist-3
setback	n	1	wordlist-2
setting	n	1	wordlist-1
settings	n	1	wordlist-3
settle	v	1	wordlist-1
settle down	phrv	1	wordlist-1
settle down	v	1	wordlist-2
settle in	phrv	1	wordlist-1
several	pron	2	wordlist-2,wordlist-3
severance	n	1	wordlist-2
severe	adj	2	wordlist-1,wordlist-2
severely	adv	1	wordlist-2
sew	v	2	wordlist-1,wordlist-2
sewer	n	1	wordlist-2
shabby	adj	2	wordlist-2,wordlist-3
shade	n	2	wordlist-1,wordlist-2
shade	v	1	wordlist-2
shadow	n	1	wordlist-1
shadowy	adj	1	wordlist-2
shake	v	1	wordlist-1
shall	modal	1	wordlist-3
shallow	adj	2	wordlist-2,wordlist-3
shame	n	2	wordlist-1,wordlist-2
shampoo	n	1	wordlist-1
shampoo	v	2	wordlist-1,wordlist-2
shape	v	1	wordlist-1
share	n	1	wordlist-1
share	v	2	wordlist-1,wordlist-3
shared	adj	1	wordlist-1
shareholder	n	1	wordlist-2
shark	n	1	wordlist-3
sharp	adj	2	wordlist-1,wordlist-3
sharply	adv	1	wordlist-2
shatter	v	1	wordlist-2
shave	n	1	wordlist-2
shave	v	2	wordlist-1,wordlist-2
sheaf	n	1	wordlist-2
shear	v	1	wordlist-2
shed	n	3	wordlist-1,wordlist-2,wordlist-3
shed	v	1	wordlist-2
sheep	n	1	wordlist-3
sheer	adj	1	wordlist-3
sheer	adv	1	wordlist-3
sheet	n	1	wordlist-1
shelf	n	1	wordlist-1
shell	n	1	wordlist-3
shellfish	n	1	wordlist-3
shelter	n	1	wordlist-1
shelter	v	1	wordlist-1
shift	n	2	wordlist-1,wordlist-2
shift	v	2	wordlist-1,wordlist-2
shine	v	1	wordlist-1
shiny	adj	1	wordlist-1
shock	v	1	wordlist-1
shocked	adj	1	wordlist-1
shoelace	n	2	wordlist-1,wordlist-2
shoot	v	1	wordlist-1
shop window	n	1	wordlist-3
shopping centre	n	1	wordlist-3
shore	n	3	wordlist-1,wordlist-2,wordlist-3
shortage	n	1	wordlist-2
shortcoming	n	1	wordlist-2
shorten	v	1	wordlist-3
shortfall	n	1	wordlist-3
shortly	adv	2	wordlist-1,wordlist-2
shorts	n	1	wordlist-3
shot	n	1	wordlist-1
should	modal	1	wordlist-3
shout	n	1	wordlist-2
shout	v	2	wordlist-1,wordlist-2
shove	n	1	wordlist-2
shove	v	1	wordlist-2
show	n	1	wordlist-3
show	v	1	wordlist-3
show off	phrv	1	wordlist-3
show up	phrv	1	wordlist-3
shower	n	2	wordlist-1,wordlist-3
showroom	n	1	wordlist-3
shred	n	1	wordlist-2
shred	v	1	wordlist-2
shrewd	adj	2	wordlist-2,wordlist-3
shriek	n	1	wordlist-2
shriek	v	1	wordlist-2
shrill	adj	1	wordlist-2
shrimp	n	1	wordlist-3
shrink	v	3	wordlist-1,wordlist-2,wordlist-3
shrub	n	1	wordlist-2
shuffle	v	1	wordlist-2
shut down	phrv	1	wordlist-1
shut up	phrv	1	wordlist-3
shutdown	n	1	wordlist-3
shutter	n	1	wordlist-2
shy	adj	1	wordlist-1
sibling	n	1	wordlist-2
side effect	n	1	wordlist-3
sidestep	v	1	wordlist-2
sidewalk	n	3	wordlist-1,wordlist-2,wordlist-3
sideways	adj	1	wordlist-2
sideways	adv	2	wordlist-1,wordlist-2
sigh	n	1	wordlist-2
sight	n	1	wordlist-1
sightseeing	n	1	wordlist-2
sign	v	1	wordlist-3
sign up	phrv	1	wordlist-1
signal	n	1	wordlist-1
significance	n	1	wordlist-2
significant	adj	3	wordlist-1,wordlist-2,wordlist-3
significantly	adv	3	wordlist-1,wordlist-2,wordlist-3
signify	v	1	wordlist-3
signpost	n	1	wordlist-3
silent	adj	1	wordlist-1
silk	n	2	wordlist-1,wordlist-3
silky	adj	1	wordlist-2
silo	n	1	wordlist-2
sim	abbr	1	wordlist-2
similar	adj	1	wordlist-1
similarly	adv	2	wordlist-1,wordlist-3
simmer	v	2	wordlist-2,wordlist-3
simple	adj	2	wordlist-1,wordlist-3
simply	adv	2	wordlist-1,wordlist-3
simulate	v	1	wordlist-2
simulation	n	1	wordlist-2
simultaneous	adj	1	wordlist-2
simultaneously	adv	1	wordlist-2
sin	n	1	wordlist-2
sin	v	1	wordlist-2
since	conj	2	wordlist-1,wordlist-3
sincere	adj	2	wordlist-1,wordlist-2
sinewy	adj	1	wordlist-2
singer	n	1	wordlist-3
single	adj	1	wordlist-1
sink	n	1	wordlist-1
sink	v	1	wordlist-1
sip	n	1	wordlist-2
sip	v	3	wordlist-1,wordlist-2,wordlist-3
sit	v	1	wordlist-3
sit down	phrv	2	wordlist-1,wordlist-3
situation	n	1	wordlist-1
skeleton	n	1	wordlist-2
skeptical	adj	2	wordlist-2,wordlist-3
skepticism	n	1	wordlist-3
sketch	n	1	wordlist-2
sketch	v	1	wordlist-2
ski	v	1	wordlist-3
skiing	n	1	wordlist-3
skill	n	1	wordlist-1
skilled	adj	2	wordlist-1,wordlist-2
skillet	n	1	wordlist-2
skim	v	1	wordlist-2
skin	n	1	wordlist-1
skincare	n	1	wordlist-1
skirt	n	1	wordlist-3
skull	n	2	wordlist-2,wordlist-3
skyscraper	n	3	wordlist-1,wordlist-2,wordlist-3
slab	n	1	wordlist-3
slacks	n	1	wordlist-3
slag	n	1	wordlist-2
slang	n	1	wordlist-2
slaughter	n	1	wordlist-1
slaughter	v	2	wordlist-1,wordlist-3
sleep	v	1	wordlist-1
sleep in	phrv	1	wordlist-1
sleepless	adj	2	wordlist-1,wordlist-2
sleepwear	n	1	wordlist-3
sleepy	adj	1	wordlist-2
sleet	n	2	wordlist-2,wordlist-3
sleet	v	1	wordlist-2
sleeve	n	3	wordlist-1,wordlist-2,wordlist-3
sleeveless	adj	1	wordlist-1
slender	adj	1	wordlist-2
slice	n	2	wordlist-2,wordlist-3
slice	v	3	wordlist-1,wordlist-2,wordlist-3
slick	adj	1	wordlist-2
slide	v	1	wordlist-1
slight	adj	2	wordlist-2,wordlist-3
slightly	adv	3	wordlist-1,wordlist-2,wordlist-3
slim	adj	1	wordlist-1
slime	n	1	wordlist-2
slimy	adj	1	wordlist-2
sling	n	1	wordlist-3
sling	v	1	wordlist-2
slip	v	1	wordlist-1
slip away	phrv	1	wordlist-2
slipper	n	1	wordlist-1
slippers	n	1	wordlist-3
slippery	adj	1	wordlist-1
slit	n	1	wordlist-2
slit	v	1	wordlist-2
slope	n	3	wordlist-1,wordlist-2,wordlist-3
slope	v	1	wordlist-2
slow down	phrv	1	wordlist-3
slowly	adv	2	wordlist-1,wordlist-3
slug	n	1	wordlist-3
slum	n	1	wordlist-3
slumber	n	1	wordlist-2
slumber	v	1	wordlist-2
slump	n	1	wordlist-2
slump	v	1	wordlist-2
smart	adj	3	wordlist-1,wordlist-2,wordlist-3
smartphone	n	2	wordlist-1,wordlist-3
smash	n	1	wordlist-2
smash	v	2	wordlist-1,wordlist-2
smattering	n	1	wordlist-3
smell	n	1	wordlist-1
smell	v	2	wordlist-2,wordlist-3
smelly	adj	1	wordlist-1
smog	n	2	wordlist-2,wordlist-3
smoke	n	1	wordlist-1
smoke	v	1	wordlist-1
smoking	n	1	wordlist-1
smooth	adj	2	wordlist-1,wordlist-2
smooth	v	2	wordlist-1,wordlist-2
smoothly	adv	1	wordlist-2
sms	abbr	2	wordlist-2,wordlist-3
smuggle	v	1	wordlist-1
snack	n	3	wordlist-1,wordlist-2,wordlist-3
snack	v	1	wordlist-2
snail	n	1	wordlist-3
snake	n	1	wordlist-3
snap	n	1	wordlist-2
snap	v	1	wordlist-2
snatch	n	1	wordlist-2
snatch	v	1	wordlist-2
sneaker	n	2	wordlist-1,wordlist-2
sneeze	n	1	wordlist-1
sneeze	v	2	wordlist-1,wordlist-3
sniff	n	1	wordlist-2
sniff	v	1	wordlist-2
snip	v	1	wordlist-2
snob	n	1	wordlist-2
snooze	n	1	wordlist-2
snooze	v	1	wordlist-2
snore	n	1	wordlist-2
snore	v	1	wordlist-2
snorkeling	n	1	wordlist-2
snout	n	1	wordlist-2
snow	v	1	wordlist-1
snowdrift	n	1	wordlist-2
snowflake	n	1	wordlist-2
snug	adj	1	wordlist-3
so	interj	1	wordlist-3
so that	conj	1	wordlist-1
so to speak	phr	1	wordlist-2
soak	n	1	wordlist-2
soak	v	2	wordlist-1,wordlist-2
soaking	adj	1	wordlist-2
soccer	n	1	wordlist-3
sociable	adj	2	wordlist-1,wordlist-2
social	adj	1	wordlist-1
social media	n	1	wordlist-1
socialize	v	1	wordlist-2
society	n	1	wordlist-1
socio-	comb	1	wordlist-2
socket	n	3	wordlist-1,wordlist-2,wordlist-3
socks	n	1	wordlist-3
soft	adj	1	wordlist-1
soften	v	1	wordlist-1
software	n	2	wordlist-1,wordlist-3
soil	n	3	wordlist-1,wordlist-2,wordlist-3
solar	adj	1	wordlist-3
soldier	n	1	wordlist-1
sole	n	2	wordlist-1,wordlist-2
solicit	v	1	wordlist-2
solid	adj	2	wordlist-2,wordlist-3
solid	n	1	wordlist-1
solidarity	n	1	wordlist-2
solidify	v	2	wordlist-1,wordlist-2
solitude	n	1	wordlist-2
soloist	n	1	wordlist-2
solstice	n	2	wordlist-2,wordlist-3
solubility	n	1	wordlist-2
soluble	adj	1	wordlist-2
solution	n	1	wordlist-1
solve	v	1	wordlist-1
solvent	adj	1	wordlist-2
somber	adj	1	wordlist-2
some	pron	1	wordlist-3
somebody	pron	2	wordlist-2,wordlist-3
somehow	adv	1	wordlist-3
someone	pron	2	wordlist-2,wordlist-3
something	pron	1	wordlist-3
somewhat	adv	3	wordlist-1,wordlist-2,wordlist-3
song	n	1	wordlist-3
soon	adv	1	wordlist-1
soot	n	1	wordlist-2
sore	adj	3	wordlist-1,wordlist-2,wordlist-3
sore	n	1	wordlist-2
sorry	interj	1	wordlist-3
sort of	phr	1	wordlist-3
sort out	phrv	1	wordlist-3
sound	n	1	wordlist-1
sound	v	2	wordlist-2,wordlist-3
soundtrack	n	1	wordlist-2
soup	n	1	wordlist-1
sour	adj	3	wordlist-1,wordlist-2,wordlist-3
source	n	1	wordlist-1
southern	adj	1	wordlist-1
souvenir	n	1	wordlist-2
sovereign	adj	1	wordlist-2
sovereignty	n	1	wordlist-2
sow	v	3	wordlist-1,wordlist-2,wordlist-3
spacious	adj	2	wordlist-1,wordlist-2
spam	n	2	wordlist-1,wordlist-3
span	n	2	wordlist-2,wordlist-3
span	v	1	wordlist-2
spandex	n	1	wordlist-3
spar	v	1	wordlist-2
sparkle	n	2	wordlist-1,wordlist-2
sparkle	v	2	wordlist-1,wordlist-2
sparse	adj	1	wordlist-3
spasm	n	2	wordlist-2,wordlist-3
speak up	phrv	2	wordlist-1,wordlist-3
speaker	n	2	wordlist-1,wordlist-3
specialist	n	1	wordlist-2
specialize	v	2	wordlist-1,wordlist-2
specialize in	phrv	1	wordlist-2
species	n	2	wordlist-1,wordlist-2
specific	adj	1	wordlist-1
specifically	adv	1	wordlist-3
specimen	n	2	wordlist-2,wordlist-3
spectacle	n	1	wordlist-2
spectator	n	2	wordlist-2,wordlist-3
speculate	v	2	wordlist-2,wordlist-3
speculation	n	2	wordlist-2,wordlist-3
speculative	adj	1	wordlist-2
speech	n	1	wordlist-1
speed up	phrv	1	wordlist-3
speedometer	n	1	wordlist-2
spell	v	1	wordlist-2
spelling	n	2	wordlist-1,wordlist-2
sphere	n	1	wordlist-2
spherical	adj	1	wordlist-2
spice	n	3	wordlist-1,wordlist-2,wordlist-3
spicy	adj	3	wordlist-1,wordlist-2,wordlist-3
spider	n	1	wordlist-3
spike	n	1	wordlist-3
spill	n	2	wordlist-1,wordlist-2
spill	v	2	wordlist-1,wordlist-2
spin	v	1	wordlist-1
spine	n	2	wordlist-2,wordlist-3
spiral	adj	1	wordlist-2
spiral	n	1	wordlist-2
spite	n	1	wordlist-2
spiteful	adj	1	wordlist-2
splash	n	1	wordlist-2
splash	v	1	wordlist-2
splendid	adj	2	wordlist-2,wordlist-3
splendidly	adv	1	wordlist-3
split	n	1	wordlist-2
split	v	2	wordlist-1,wordlist-2
split up	phrv	1	wordlist-3
spoken	adj	1	wordlist-1
sponge	n	2	wordlist-1,wordlist-2
sponsor	n	1	wordlist-2
sponsor	v	1	wordlist-2
sponsorship	n	1	wordlist-2
spontaneously	adv	1	wordlist-2
spoon	n	2	wordlist-1,wordlist-3
sporadic	adj	1	wordlist-2
sporadically	adv	1	wordlist-2
sport	n	1	wordlist-3
sports	adj	1	wordlist-3
spotless	adj	1	wordlist-1
spouse	n	2	wordlist-1,wordlist-2
sprain	n	3	wordlist-1,wordlist-2,wordlist-3
sprain	v	3	wordlist-1,wordlist-2,wordlist-3
sprawl	n	1	wordlist-2
sprawl	v	1	wordlist-2
spray	n	2	wordlist-1,wordlist-2
spray	v	2	wordlist-1,wordlist-2
spread	v	1	wordlist-1
spread out	phrv	1	wordlist-1
spring	n	2	wordlist-2,wordlist-3
sprinkle	n	1	wordlist-2
sprinkle	v	1	wordlist-2
sprint	n	1	wordlist-2
sprint	v	1	wordlist-2
sprinter	n	1	wordlist-2
sprout	n	1	wordlist-2
sprout	v	1	wordlist-2
sq.	abbr	1	wordlist-1
square	n	2	wordlist-1,wordlist-3
squeak	n	1	wordlist-2
squeak	v	1	wordlist-2
squeeze	n	1	wordlist-2
squeeze	v	2	wordlist-1,wordlist-2
squeeze in	phrv	1	wordlist-2
squid	n	1	wordlist-3
squirrel	n	1	wordlist-3
squirt	n	1	wordlist-2
squirt	v	1	wordlist-2
stability	n	1	wordlist-2
stabilize	v	1	wordlist-2
stable	n	2	wordlist-1,wordlist-3
stack	n	1	wordlist-2
stack	v	2	wordlist-1,wordlist-2
stadium	n	3	wordlist-1,wordlist-2,wordlist-3
staff	n	1	wordlist-1
stage	n	1	wordlist-3
stagnant	adj	1	wordlist-2
stagnate	v	1	wordlist-2
stain	n	2	wordlist-1,wordlist-2
stain	v	2	wordlist-1,wordlist-2
stained	adj	1	wordlist-3
staircase	n	1	wordlist-1
stakeholder	n	1	wordlist-2
stale	adj	1	wordlist-2
stall	n	2	wordlist-2,wordlist-3
stamina	n	1	wordlist-2
stammer	v	1	wordlist-2
stance	n	2	wordlist-2,wordlist-3
stand	v	2	wordlist-2,wordlist-3
stand by	v	1	wordlist-2
stand out	phrv	1	wordlist-1
stand up	phrv	2	wordlist-1,wordlist-3
stand-up	adj	1	wordlist-2
standard	adj	3	wordlist-1,wordlist-2,wordlist-3
standardly	adv	1	wordlist-3
star	n	1	wordlist-3
stare	n	1	wordlist-2
stare	v	2	wordlist-1,wordlist-2
start	v	1	wordlist-3
starter	n	2	wordlist-1,wordlist-2
startup	n	1	wordlist-3
state	n	1	wordlist-1
state	v	1	wordlist-1
statement	n	1	wordlist-1
station	n	1	wordlist-3
stationary	adj	2	wordlist-1,wordlist-2
statistic	n	1	wordlist-2
statistical	adj	2	wordlist-1,wordlist-2
statistics	n	1	wordlist-1
statue	n	1	wordlist-3
stature	n	1	wordlist-2
stay	v	1	wordlist-2
stay up	phrv	1	wordlist-1
steadily	adv	1	wordlist-2
steak	n	1	wordlist-2
steal	v	1	wordlist-1
steam	n	1	wordlist-1
steam	v	3	wordlist-1,wordlist-2,wordlist-3
steel	n	1	wordlist-1
steep	adj	3	wordlist-1,wordlist-2,wordlist-3
steer	v	1	wordlist-2
steering	n	2	wordlist-1,wordlist-2
stellar	adj	1	wordlist-3
stem	n	1	wordlist-2
stem from	phrv	1	wordlist-2
stent	n	1	wordlist-3
step down	phrv	1	wordlist-2
stepchild	n	1	wordlist-2
stepfather	n	1	wordlist-2
stepmother	n	1	wordlist-2
steppe	n	1	wordlist-3
sterile	adj	1	wordlist-3
stew	n	2	wordlist-2,wordlist-3
stew	v	2	wordlist-2,wordlist-3
sticky	adj	2	wordlist-1,wordlist-2
stiff	adj	3	wordlist-1,wordlist-2,wordlist-3
stiffen	v	1	wordlist-2
stiffness	n	1	wordlist-2
stimulate	v	1	wordlist-2
sting	n	1	wordlist-2
sting	v	1	wordlist-2
stink	n	2	wordlist-1,wordlist-2
stink	v	2	wordlist-1,wordlist-2
stir	v	3	wordlist-1,wordlist-2,wordlist-3
stitch	n	2	wordlist-2,wordlist-3
stitch	v	1	wordlist-2
stock	n	1	wordlist-1
stockings	n	1	wordlist-3
stocky	adj	1	wordlist-2
stoic	adj	1	wordlist-2
stoic	n	1	wordlist-2
stomach	n	1	wordlist-1
stone	n	1	wordlist-1
stool	n	1	wordlist-2
stop	v	1	wordlist-3
stopover	n	1	wordlist-2
storage	n	2	wordlist-1,wordlist-3
store	v	1	wordlist-1
storefront	n	2	wordlist-2,wordlist-3
storm	n	1	wordlist-1
stormy	adj	1	wordlist-1
stout	adj	1	wordlist-2
stove	n	2	wordlist-1,wordlist-3
straightforward	adj	2	wordlist-2,wordlist-3
straightforwardly	adv	2	wordlist-2,wordlist-3
strain	n	1	wordlist-3
strain	v	1	wordlist-3
strait	n	2	wordlist-2,wordlist-3
strange	adj	1	wordlist-3
strangely	adv	1	wordlist-3
stranger	n	1	wordlist-2
strap	n	2	wordlist-1,wordlist-2
strategic	adj	1	wordlist-2
strategy	n	2	wordlist-1,wordlist-2
straw	n	2	wordlist-2,wordlist-3
stray	adj	1	wordlist-2
stray	v	1	wordlist-2
stream	n	2	wordlist-1,wordlist-2
stream	v	2	wordlist-1,wordlist-2
streamline	v	1	wordlist-2
streetlight	n	1	wordlist-3
strength	n	1	wordlist-1
stress	n	1	wordlist-1
stress	v	2	wordlist-1,wordlist-3
stressed	adj	1	wordlist-1
stretch	v	1	wordlist-1
stretcher	n	2	wordlist-2,wordlist-3
stretchy	adj	1	wordlist-3
stride	n	1	wordlist-2
stride	v	1	wordlist-2
strike	n	1	wordlist-1
strike	v	2	wordlist-1,wordlist-2
string	n	1	wordlist-1
strip	v	1	wordlist-2
stripe	n	1	wordlist-3
striped	adj	2	wordlist-1,wordlist-2
stroke	n	2	wordlist-2,wordlist-3
stroke	v	1	wordlist-2
strongly	adv	2	wordlist-1,wordlist-3
structure	n	1	wordlist-1
stubborn	adj	2	wordlist-1,wordlist-2
stumble	v	2	wordlist-1,wordlist-2
stunned	adj	1	wordlist-2
stunt	n	1	wordlist-2
stutter	n	1	wordlist-2
stutter	v	1	wordlist-2
stylish	adj	2	wordlist-1,wordlist-2
sub-	prefix	3	wordlist-1,wordlist-2,wordlist-3
subconscious	adj	1	wordlist-3
subconscious	n	1	wordlist-3
subject	n	1	wordlist-1
subjective	adj	2	wordlist-1,wordlist-2
sublet	v	1	wordlist-2
submerge	v	1	wordlist-2
submissive	adj	1	wordlist-2
subordinate	adj	1	wordlist-2
subordinate	n	1	wordlist-2
subscribe	v	1	wordlist-1
subscription	n	1	wordlist-1
subsequent	adj	1	wordlist-2
subsequently	adv	1	wordlist-2
subside	v	1	wordlist-2
subsidiary	n	1	wordlist-2
subsidize	v	1	wordlist-2
subsidy	n	1	wordlist-2
substance	n	2	wordlist-1,wordlist-2
substantial	adj	2	wordlist-2,wordlist-3
substantially	adv	1	wordlist-2
substitute	n	1	wordlist-2
substitute	v	1	wordlist-2
subtle	adj	1	wordlist-2
suburb	n	3	wordlist-1,wordlist-2,wordlist-3
suburban	adj	3	wordlist-1,wordlist-2,wordlist-3
subway	n	1	wordlist-3
success	n	1	wordlist-1
successful	adj	1	wordlist-1
successfully	adv	1	wordlist-1
successive	adj	1	wordlist-2
successor	n	1	wordlist-2
such	pron	1	wordlist-3
suddenly	adv	2	wordlist-1,wordlist-3
sue	v	1	wordlist-2
suffer	v	1	wordlist-1
sufficient	adj	1	wordlist-2
suffocate	v	1	wordlist-2
sugar	n	2	wordlist-1,wordlist-3
suggest	v	2	wordlist-1,wordlist-3
suit	v	1	wordlist-1
suitable	adj	1	wordlist-1
suitcase	n	3	wordlist-1,wordlist-2,wordlist-3
sullen	adj	1	wordlist-2
summarize	v	3	wordlist-1,wordlist-2,wordlist-3
summary	n	2	wordlist-1,wordlist-2
sunblock	n	1	wordlist-2
sunglasses	n	1	wordlist-3
sunlight	n	1	wordlist-1
sunrise	n	3	wordlist-1,wordlist-2,wordlist-3
sunscreen	n	2	wordlist-1,wordlist-2
sunset	n	3	wordlist-1,wordlist-2,wordlist-3
sunshine	n	1	wordlist-2
super-	prefix	3	wordlist-1,wordlist-2,wordlist-3
superb	adj	2	wordlist-2,wordlist-3
superb	adv	1	wordlist-3
superficial	adj	1	wordlist-2
superior	adj	1	wordlist-2
supermarket	n	1	wordlist-1
superstore	n	2	wordlist-2,wordlist-3
supervise	v	1	wordlist-2
supervisor	n	2	wordlist-1,wordlist-2
supple	adj	1	wordlist-2
supplier	n	2	wordlist-1,wordlist-2
supply	n	1	wordlist-1
supply	v	1	wordlist-1
support	n	1	wordlist-1
support	v	1	wordlist-1
supportive	adj	2	wordlist-1,wordlist-2
suppose	v	2	wordlist-1,wordlist-3
supposedly	adv	2	wordlist-2,wordlist-3
supposing	conj	1	wordlist-2
sure	adj	1	wordlist-1
surely	adv	2	wordlist-2,wordlist-3
surface	n	1	wordlist-1
surge	n	1	wordlist-3
surgeon	n	2	wordlist-2,wordlist-3
surgery	n	3	wordlist-1,wordlist-2,wordlist-3
surgical	adj	1	wordlist-3
surpass	v	1	wordlist-2
surplus	adj	1	wordlist-2
surplus	n	2	wordlist-2,wordlist-3
surprise	n	1	wordlist-1
surprise	v	1	wordlist-1
surprised	adj	1	wordlist-1
surprisingly	adv	1	wordlist-3
surrender	n	2	wordlist-1,wordlist-2
surrender	v	2	wordlist-1,wordlist-2
surround	v	1	wordlist-1
survey	n	2	wordlist-1,wordlist-2
survey	v	2	wordlist-1,wordlist-2
survival	adj	1	wordlist-1
survival	n	1	wordlist-1
survive	v	1	wordlist-1
survivor	n	1	wordlist-1
suspect	n	1	wordlist-1
suspect	v	1	wordlist-1
suspenders	n	1	wordlist-3
suspense	n	1	wordlist-2
suspicion	n	2	wordlist-2,wordlist-3
suspicious	adj	3	wordlist-1,wordlist-2,wordlist-3
sustainability	n	1	wordlist-1
sustainable	adj	2	wordlist-1,wordlist-3
swallow	v	2	wordlist-1,wordlist-2
swamp	n	2	wordlist-2,wordlist-3
swarm	n	1	wordlist-2
swarm	v	1	wordlist-2
sway	n	1	wordlist-2
sway	v	1	wordlist-2
sweat	n	1	wordlist-2
sweat	v	1	wordlist-2
sweater	n	1	wordlist-2
sweatpants	n	1	wordlist-3
sweatshirt	n	1	wordlist-3
sweep	n	1	wordlist-2
sweep	v	2	wordlist-1,wordlist-2
sweet	adj	2	wordlist-1,wordlist-3
swell	v	2	wordlist-2,wordlist-3
swelling	n	3	wordlist-1,wordlist-2,wordlist-3
sweltering	adj	1	wordlist-2
swim	v	1	wordlist-3
swimming	n	1	wordlist-3
swimwear	n	1	wordlist-3
swipe	v	1	wordlist-3
switch	n	2	wordlist-1,wordlist-3
switch	v	2	wordlist-1,wordlist-3
swollen	adj	1	wordlist-1
syllabus	n	1	wordlist-2
symbolic	adj	1	wordlist-2
symbolism	n	1	wordlist-2
symmetrical	adj	1	wordlist-2
symmetry	n	1	wordlist-2
sympathetic	adj	1	wordlist-2
sympathize	v	1	wordlist-2
sympathy	n	2	wordlist-1,wordlist-2
symphony	n	1	wordlist-2
symptom	n	3	wordlist-1,wordlist-2,wordlist-3
synagogue	n	1	wordlist-2
syndrome	n	1	wordlist-2
synergy	n	1	wordlist-2
synonym	n	1	wordlist-2
synthesis	n	1	wordlist-2
synthesize	v	1	wordlist-2
synthetic	adj	2	wordlist-1,wordlist-2
synthetic	n	1	wordlist-2
syringe	n	2	wordlist-2,wordlist-3
syrup	n	2	wordlist-2,wordlist-3
system	n	2	wordlist-1,wordlist-3
tab	n	1	wordlist-3
table	n	1	wordlist-1
tablecloth	n	2	wordlist-2,wordlist-3
tablet	n	3	wordlist-1,wordlist-2,wordlist-3
tackle	n	1	wordlist-2
tackle	v	1	wordlist-2
tactful	adj	1	wordlist-2
tactical	adj	1	wordlist-2
tactics	n	1	wordlist-2
tactless	adj	1	wordlist-2
tail	n	1	wordlist-3
tailor	n	2	wordlist-1,wordlist-2
tailor	v	2	wordlist-1,wordlist-2
tailored	adj	1	wordlist-3
take	v	1	wordlist-3
take after	phrv	1	wordlist-3
take after	v	1	wordlist-2
take apart	phrv	1	wordlist-1
take away	phrv	1	wordlist-3
take back	phrv	1	wordlist-3
take care	phr	1	wordlist-3
take care of	phrv	1	wordlist-3
take off	phrv	2	wordlist-1,wordlist-3
take on	phrv	1	wordlist-1
take out	phrv	2	wordlist-1,wordlist-3
take over	phrv	2	wordlist-1,wordlist-3
take part	phrv	1	wordlist-3
take place	phr	1	wordlist-2
take up	phrv	1	wordlist-3
takeaway	n	3	wordlist-1,wordlist-2,wordlist-3
takeout	n	1	wordlist-3
takeover	n	1	wordlist-2
talent	n	1	wordlist-1
talented	adj	2	wordlist-1,wordlist-2
talk over	phrv	1	wordlist-3
tame	adj	2	wordlist-2,wordlist-3
tame	v	2	wordlist-2,wordlist-3
tangy	adj	1	wordlist-2
tank top	n	1	wordlist-3
tanker	n	1	wordlist-2
tanned	adj	2	wordlist-1,wordlist-2
tap	n	3	wordlist-1,wordlist-2,wordlist-3
tap	v	2	wordlist-2,wordlist-3
tape	n	1	wordlist-1
tardy	adj	1	wordlist-2
tariff	n	1	wordlist-2
tarnish	n	1	wordlist-2
tarnish	v	1	wordlist-2
tart	adj	1	wordlist-3
taste	n	2	wordlist-1,wordlist-3
taste	v	3	wordlist-1,wordlist-2,wordlist-3
tasty	adj	2	wordlist-2,wordlist-3
tavern	n	1	wordlist-2
tax	n	1	wordlist-1
tax	v	1	wordlist-1
taxable	adj	1	wordlist-1
taxi	n	1	wordlist-1
taxi rank	n	1	wordlist-3
tba	abbr	1	wordlist-3
tbd	abbr	1	wordlist-3
tbh	abbr	1	wordlist-2
teach	v	1	wordlist-1
team	n	1	wordlist-3
tear	n	2	wordlist-1,wordlist-2
tear	v	2	wordlist-1,wordlist-2
tear up	phrv	2	wordlist-1,wordlist-2
technical	adj	1	wordlist-1
technically	adv	1	wordlist-3
technique	n	1	wordlist-1
technology	n	1	wordlist-1
teenager	n	1	wordlist-1
tel.	abbr	1	wordlist-1
tele-	comb	2	wordlist-1,wordlist-2
telemarketing	n	1	wordlist-2
tell off	v	1	wordlist-2
teller	n	1	wordlist-2
temper	n	2	wordlist-1,wordlist-2
temperament	n	2	wordlist-1,wordlist-2
temperamental	adj	1	wordlist-2
temperate	adj	1	wordlist-3
temperature	n	1	wordlist-1
temple	n	1	wordlist-2
tempo	n	1	wordlist-2
temporarily	adv	2	wordlist-1,wordlist-2
temporary	adj	2	wordlist-1,wordlist-2
tenacious	adj	1	wordlist-2
tenacity	n	1	wordlist-2
tenant	n	2	wordlist-1,wordlist-2
tend	v	1	wordlist-2
tendency	n	1	wordlist-2
tender	adj	3	wordlist-1,wordlist-2,wordlist-3
tender	n	1	wordlist-2
tender	v	1	wordlist-2
tenderness	n	1	wordlist-2
tendon	n	2	wordlist-2,wordlist-3
tenement	n	1	wordlist-2
tennis	n	1	wordlist-3
tense	adj	1	wordlist-2
tensile	adj	1	wordlist-2
tension	n	1	wordlist-2
tentatively	adv	1	wordlist-2
tenth	num	1	wordlist-2
term	n	1	wordlist-1
terminal	adj	2	wordlist-2,wordlist-3
terminal	n	3	wordlist-1,wordlist-2,wordlist-3
terminology	n	1	wordlist-2
terrace	n	2	wordlist-1,wordlist-2
terrain	n	3	wordlist-1,wordlist-2,wordlist-3
terrestrial	adj	1	wordlist-3
terrible	adj	2	wordlist-1,wordlist-3
terribly	adv	1	wordlist-3
terrific	adj	1	wordlist-2
terrifically	adv	1	wordlist-2
terrified	adj	1	wordlist-2
terrorism	n	2	wordlist-1,wordlist-2
terrorist	adj	1	wordlist-2
terrorist	n	2	wordlist-1,wordlist-2
tertiary	adj	1	wordlist-2
test	n	1	wordlist-1
test	v	1	wordlist-1
testify	v	1	wordlist-2
testimony	n	1	wordlist-2
text	v	1	wordlist-1
textile	n	1	wordlist-3
texture	n	2	wordlist-1,wordlist-2
than	conj	1	wordlist-3
thanks	interj	1	wordlist-3
thaw	n	1	wordlist-2
thaw	v	3	wordlist-1,wordlist-2,wordlist-3
theatre	n	2	wordlist-1,wordlist-3
theatrical	adj	1	wordlist-2
theft	n	1	wordlist-1
theirs	pron	1	wordlist-2
theme	n	1	wordlist-2
theoretical	adj	2	wordlist-1,wordlist-2
theorize	v	1	wordlist-3
theory	n	1	wordlist-1
therapist	n	2	wordlist-1,wordlist-2
therapy	n	3	wordlist-1,wordlist-2,wordlist-3
therefore	adv	2	wordlist-1,wordlist-3
thermal	adj	1	wordlist-2
thermostat	n	2	wordlist-1,wordlist-2
thesis	n	2	wordlist-2,wordlist-3
thick	adj	1	wordlist-1
thickness	n	1	wordlist-3
thin	adj	1	wordlist-1
think over	phrv	1	wordlist-3
thirst	n	1	wordlist-3
thirsty	adj	1	wordlist-1
thorn	n	1	wordlist-2
thoroughly	adv	1	wordlist-2
though	conj	2	wordlist-1,wordlist-3
thoughtful	adj	3	wordlist-1,wordlist-2,wordlist-3
thoughtless	adj	2	wordlist-1,wordlist-2
thread	n	1	wordlist-1
threat	n	1	wordlist-1
threaten	v	1	wordlist-1
thresh	v	1	wordlist-3
thrilled	adj	1	wordlist-1
thriller	n	1	wordlist-2
thrive	v	1	wordlist-2
throat	n	1	wordlist-1
throb	v	2	wordlist-2,wordlist-3
throughout	prep	3	wordlist-1,wordlist-2,wordlist-3
throw away	phrv	2	wordlist-1,wordlist-3
throw up	phrv	2	wordlist-1,wordlist-2
thrust	n	1	wordlist-2
thrust	v	1	wordlist-2
thud	n	1	wordlist-2
thud	v	1	wordlist-2
thunder	n	2	wordlist-1,wordlist-3
thunderstorm	n	1	wordlist-2
thus	adv	2	wordlist-1,wordlist-3
ticket	n	1	wordlist-3
tickle	v	1	wordlist-2
tidal	adj	1	wordlist-3
tide	n	3	wordlist-1,wordlist-2,wordlist-3
tidy	adj	2	wordlist-1,wordlist-2
tidy	v	2	wordlist-1,wordlist-2
tidy up	phrv	2	wordlist-1,wordlist-3
tie	n	1	wordlist-3
tie	v	1	wordlist-1
tiger	n	1	wordlist-3
tight	adj	3	wordlist-1,wordlist-2,wordlist-3
tighten	v	1	wordlist-2
tights	n	1	wordlist-3
tile	n	1	wordlist-2
tile	v	1	wordlist-2
till	v	1	wordlist-3
tilt	n	1	wordlist-2
tilt	v	1	wordlist-2
timber	n	1	wordlist-2
timeline	n	1	wordlist-2
timetable	n	2	wordlist-1,wordlist-2
timid	adj	1	wordlist-2
tin	n	1	wordlist-1
tingle	n	2	wordlist-1,wordlist-2
tingle	v	2	wordlist-1,wordlist-2
tinned	adj	1	wordlist-1
tint	n	1	wordlist-2
tint	v	1	wordlist-2
tiny	adj	2	wordlist-2,wordlist-3
tip	n	1	wordlist-1
tire	n	1	wordlist-2
tiredness	n	1	wordlist-1
tissue	n	3	wordlist-1,wordlist-2,wordlist-3
title	n	1	wordlist-1
to be honest	phr	1	wordlist-2
toad	n	1	wordlist-3
toast	n	1	wordlist-3
toast	v	1	wordlist-3
toaster	n	2	wordlist-1,wordlist-2
toddler	n	2	wordlist-1,wordlist-2
together	adv	1	wordlist-1
toiletry	n	1	wordlist-1
tolerance	n	3	wordlist-1,wordlist-2,wordlist-3
tolerant	adj	2	wordlist-1,wordlist-2
tolerate	v	1	wordlist-2
toll	n	1	wordlist-2
tone	n	2	wordlist-1,wordlist-2
tool	n	1	wordlist-1
toolbar	n	1	wordlist-3
toothpaste	n	1	wordlist-1
topic	n	1	wordlist-1
topical	adj	1	wordlist-3
torn	adj	1	wordlist-3
tornado	n	3	wordlist-1,wordlist-2,wordlist-3
torrential	adj	1	wordlist-2
torso	n	1	wordlist-2
toss	v	1	wordlist-2
totally	adv	2	wordlist-1,wordlist-3
tote	n	1	wordlist-3
touch	n	1	wordlist-1
touch	v	1	wordlist-1
touchscreen	n	1	wordlist-1
tough	adj	3	wordlist-1,wordlist-2,wordlist-3
toughly	adv	1	wordlist-3
toughness	n	1	wordlist-2
tourism	n	1	wordlist-1
tourist	n	1	wordlist-1
tournament	n	2	wordlist-2,wordlist-3
tow	n	1	wordlist-2
tow	v	1	wordlist-2
toward	prep	2	wordlist-1,wordlist-3
towards	prep	1	wordlist-3
towel	n	1	wordlist-1
tower	n	1	wordlist-1
town hall	n	1	wordlist-3
townhouse	n	1	wordlist-1
toxic	adj	2	wordlist-2,wordlist-3
toxicity	n	1	wordlist-2
toy	n	1	wordlist-3
track	n	1	wordlist-3
tract	n	1	wordlist-2
tractor	n	2	wordlist-1,wordlist-3
trade	n	1	wordlist-1
trade	v	1	wordlist-1
trademark	n	1	wordlist-2
traditional	adj	1	wordlist-1
traffic	n	1	wordlist-1
traffic	v	1	wordlist-1
traffic jam	n	1	wordlist-1
traffic light	n	1	wordlist-3
trailer	n	1	wordlist-2
trainee	n	1	wordlist-2
trainer	n	1	wordlist-3
training	n	1	wordlist-1
trajectory	n	1	wordlist-2
tram	n	1	wordlist-2
tranquil	adj	1	wordlist-2
trans-	prefix	3	wordlist-1,wordlist-2,wordlist-3
transfer	n	1	wordlist-1
transfer	v	1	wordlist-1
transform	v	1	wordlist-2
transformation	n	1	wordlist-2
transit	n	1	wordlist-2
transit	v	1	wordlist-2
transition	n	1	wordlist-2
transition	v	1	wordlist-2
translate	v	2	wordlist-1,wordlist-2
translation	n	2	wordlist-1,wordlist-2
translator	n	1	wordlist-2
translucent	adj	1	wordlist-2
transparent	adj	2	wordlist-1,wordlist-2
transplant	n	1	wordlist-3
transplant	v	1	wordlist-3
transport	n	1	wordlist-1
transport	v	1	wordlist-1
trap	n	1	wordlist-1
trap	v	1	wordlist-1
trash can	n	1	wordlist-2
trauma	n	1	wordlist-3
travel	v	1	wordlist-1
traverse	v	1	wordlist-2
tray	n	3	wordlist-1,wordlist-2,wordlist-3
treat	v	1	wordlist-3
treatment	n	1	wordlist-1
treaty	n	2	wordlist-1,wordlist-2
trek	n	1	wordlist-2
trek	v	1	wordlist-2
tremendously	adv	1	wordlist-2
tremor	n	2	wordlist-2,wordlist-3
trench coat	n	1	wordlist-3
trend	n	2	wordlist-1,wordlist-2
trendy	adj	1	wordlist-2
tri-	comb	1	wordlist-3
trial	n	2	wordlist-1,wordlist-2
triangular	adj	1	wordlist-2
triathlon	n	1	wordlist-2
tributary	n	2	wordlist-2,wordlist-3
trickily	adv	1	wordlist-3
tricky	adj	2	wordlist-2,wordlist-3
trigger	n	1	wordlist-2
trigger	v	1	wordlist-2
trillion	num	1	wordlist-2
trim	n	1	wordlist-2
trim	v	1	wordlist-2
trip	n	1	wordlist-1
trivial	adj	1	wordlist-2
troop	n	1	wordlist-2
trophy	n	1	wordlist-2
tropical	adj	3	wordlist-1,wordlist-2,wordlist-3
troublesome	adj	1	wordlist-2
trout	n	1	wordlist-3
truce	n	1	wordlist-2
truly	adv	1	wordlist-3
truncate	v	1	wordlist-2
trunk	n	2	wordlist-1,wordlist-2
trunks	n	1	wordlist-3
trust	n	1	wordlist-1
trust	v	1	wordlist-1
trustworthy	adj	1	wordlist-2
truth	n	1	wordlist-1
truthful	adj	1	wordlist-3
truthfully	adv	1	wordlist-3
try on	phrv	2	wordlist-1,wordlist-3
try out	phrv	1	wordlist-3
tsunami	n	1	wordlist-3
tuberculosis	n	1	wordlist-3
tuck	v	1	wordlist-2
tug	n	1	wordlist-2
tug	v	1	wordlist-2
tuition	n	1	wordlist-2
tumble	n	1	wordlist-2
tumble	v	1	wordlist-2
tumor	n	2	wordlist-2,wordlist-3
tuna	n	1	wordlist-3
tundra	n	1	wordlist-3
tune	n	2	wordlist-1,wordlist-3
tunic	n	2	wordlist-2,wordlist-3
tunnel	n	1	wordlist-3
turkey	n	1	wordlist-3
turn	v	3	wordlist-1,wordlist-2,wordlist-3
turn around	phrv	3	wordlist-1,wordlist-2,wordlist-3
turn back	phrv	1	wordlist-1
turn down	phrv	2	wordlist-1,wordlist-3
turn down	v	1	wordlist-2
turn into	phrv	1	wordlist-3
turn off	phrv	2	wordlist-1,wordlist-3
turn on	phrv	2	wordlist-1,wordlist-3
turn out	phrv	1	wordlist-2
turn up	phrv	2	wordlist-1,wordlist-3
turnover	n	1	wordlist-2
turtle	n	1	wordlist-3
turtleneck	n	1	wordlist-3
tusk	n	1	wordlist-2
tutor	n	1	wordlist-2
tutor	v	1	wordlist-2
tutorial	n	1	wordlist-1
tv	abbr	2	wordlist-2,wordlist-3
tweezers	n	1	wordlist-2
twig	n	1	wordlist-2
twilight	n	2	wordlist-2,wordlist-3
twist	n	1	wordlist-2
twist	v	2	wordlist-1,wordlist-2
type	v	1	wordlist-1
typhoon	n	2	wordlist-2,wordlist-3
typical	adj	3	wordlist-1,wordlist-2,wordlist-3
typically	adv	2	wordlist-2,wordlist-3
typo	n	1	wordlist-2
tyranny	n	1	wordlist-2
tyre	n	2	wordlist-1,wordlist-2
uh	interj	1	wordlist-3
ui	abbr	1	wordlist-2
uk	abbr	1	wordlist-3
ulcer	n	1	wordlist-3
ultimate	adj	1	wordlist-2
ultimately	adv	2	wordlist-2,wordlist-3
ultrasound	n	1	wordlist-3
umbrella	n	2	wordlist-2,wordlist-3
un-	prefix	1	wordlist-3
unable	adj	1	wordlist-1
unaware	adj	1	wordlist-3
unbutton	v	1	wordlist-2
uncertain	adj	2	wordlist-1,wordlist-3
uncertainty	n	1	wordlist-3
unclog	v	1	wordlist-2
uncomfortable	adj	1	wordlist-1
uncommon	adj	1	wordlist-3
uncommonly	adv	1	wordlist-3
unconditional	adj	1	wordlist-2
unconscious	adj	2	wordlist-2,wordlist-3
unconventional	adj	1	wordlist-2
uncover	v	1	wordlist-3
undeniable	adj	1	wordlist-2
undeniably	adv	1	wordlist-2
under-	prefix	3	wordlist-1,wordlist-2,wordlist-3
underage	adj	1	wordlist-1
undercooked	adj	1	wordlist-1
underestimate	v	1	wordlist-3
undergraduate	n	1	wordlist-2
underground	adv	1	wordlist-2
underneath	adv	1	wordlist-2
underneath	prep	2	wordlist-2,wordlist-3
underpass	n	2	wordlist-2,wordlist-3
underscore	v	1	wordlist-3
undershirt	n	1	wordlist-3
understanding	n	1	wordlist-1
underwear	n	3	wordlist-1,wordlist-2,wordlist-3
undoubtedly	adv	1	wordlist-2
unduly	adv	1	wordlist-3
uneasy	adj	1	wordlist-2
unemployed	adj	1	wordlist-1
unemployment	n	1	wordlist-1
uneven	adj	2	wordlist-2,wordlist-3
unexpected	adj	1	wordlist-3
unexpectedly	adv	1	wordlist-3
unfair	adj	1	wordlist-1
unfamiliar	adj	1	wordlist-1
unfasten	v	2	wordlist-1,wordlist-2
unfold	v	2	wordlist-1,wordlist-2
unfortunately	adv	2	wordlist-1,wordlist-3
unfriendly	adj	1	wordlist-1
unfurnished	adj	2	wordlist-1,wordlist-2
unhealthy	adj	1	wordlist-1
uniform	n	1	wordlist-1
union	n	1	wordlist-1
unique	adj	2	wordlist-1,wordlist-3
uniquely	adv	1	wordlist-3
unit	n	1	wordlist-3
univ.	abbr	1	wordlist-1
unless	conj	3	wordlist-1,wordlist-2,wordlist-3
unlike	prep	3	wordlist-1,wordlist-2,wordlist-3
unlikely	adj	1	wordlist-1
unload	v	1	wordlist-1
unlock	v	1	wordlist-1
unpack	v	1	wordlist-1
unplug	v	2	wordlist-1,wordlist-2
unpredictable	adj	1	wordlist-2
unsatisfactory	adj	1	wordlist-2
unskilled	adj	1	wordlist-2
untidy	adj	1	wordlist-1
untie	v	1	wordlist-1
unusual	adj	3	wordlist-1,wordlist-2,wordlist-3
unusually	adv	2	wordlist-2,wordlist-3
unwind	v	1	wordlist-2
unwrap	v	2	wordlist-1,wordlist-2
unzip	v	1	wordlist-2
up-	prefix	1	wordlist-3
up-to-date	adj	1	wordlist-3
upbringing	n	2	wordlist-1,wordlist-2
update	n	2	wordlist-1,wordlist-3
update	v	2	wordlist-1,wordlist-3
upgrade	n	1	wordlist-1
upgrade	v	1	wordlist-1
upholstery	n	1	wordlist-2
upload	n	2	wordlist-1,wordlist-3
upload	v	2	wordlist-1,wordlist-3
upmarket	adj	1	wordlist-1
upon	prep	3	wordlist-1,wordlist-2,wordlist-3
upright	adj	1	wordlist-2
upright	adv	1	wordlist-2
upset	adj	1	wordlist-1
upset	v	1	wordlist-1
upstairs	adv	2	wordlist-1,wordlist-2
upstream	adj	1	wordlist-3
uptown	n	1	wordlist-3
upward	adj	1	wordlist-2
upward	adv	1	wordlist-1
upwards	adv	1	wordlist-2
urban	adj	3	wordlist-1,wordlist-2,wordlist-3
urinate	v	1	wordlist-2
urine	n	1	wordlist-2
url	abbr	2	wordlist-2,wordlist-3
us	abbr	1	wordlist-3
usa	abbr	1	wordlist-3
usb	abbr	1	wordlist-2
use up	phrv	1	wordlist-3
used to	modal	1	wordlist-3
useful	adj	1	wordlist-1
user	n	2	wordlist-1,wordlist-3
username	n	2	wordlist-1,wordlist-3
usual	adj	1	wordlist-1
usually	adv	2	wordlist-1,wordlist-3
utensil	n	2	wordlist-1,wordlist-2
utility	n	1	wordlist-1
utter	adj	1	wordlist-3
utterly	adv	2	wordlist-2,wordlist-3
ux	abbr	1	wordlist-2
vacancy	n	1	wordlist-1
vacant	adj	1	wordlist-1
vaccinate	v	2	wordlist-1,wordlist-2
vaccination	n	1	wordlist-1
vaccine	n	3	wordlist-1,wordlist-2,wordlist-3
vacuum	n	1	wordlist-1
vacuum	v	2	wordlist-1,wordlist-2
vacuum cleaner	n	1	wordlist-2
vague	adj	3	wordlist-1,wordlist-2,wordlist-3
vain	adj	1	wordlist-2
valid	adj	3	wordlist-1,wordlist-2,wordlist-3
validate	v	2	wordlist-2,wordlist-3
validity	n	1	wordlist-2
validly	adv	1	wordlist-3
valley	n	3	wordlist-1,wordlist-2,wordlist-3
valuable	adj	2	wordlist-1,wordlist-2
valuables	n	1	wordlist-1
value	n	1	wordlist-1
valve	n	1	wordlist-3
van	n	2	wordlist-1,wordlist-2
vanilla	n	1	wordlist-3
vanity	n	1	wordlist-2
vapor	n	1	wordlist-2
vaporize	v	1	wordlist-2
vapour	n	1	wordlist-1
variable	adj	1	wordlist-2
variable	n	2	wordlist-1,wordlist-2
various	adj	1	wordlist-1
vary	v	1	wordlist-1
vast	adj	2	wordlist-2,wordlist-3
vastly	adv	2	wordlist-2,wordlist-3
vat	abbr	1	wordlist-2
vegan	adj	2	wordlist-1,wordlist-2
vegan	n	2	wordlist-1,wordlist-2
vegetarian	adj	3	wordlist-1,wordlist-2,wordlist-3
vegetarian	n	2	wordlist-1,wordlist-2
vegetation	n	3	wordlist-1,wordlist-2,wordlist-3
vehicle	n	1	wordlist-1
vein	n	2	wordlist-2,wordlist-3
velvet	n	2	wordlist-2,wordlist-3
vendor	n	1	wordlist-2
venom	n	1	wordlist-2
venomous	adj	1	wordlist-2
ventilate	v	1	wordlist-2
ventilation	n	2	wordlist-1,wordlist-2
ventilator	n	1	wordlist-3
venue	n	2	wordlist-1,wordlist-2
veranda	n	1	wordlist-2
verdict	n	1	wordlist-2
verify	v	1	wordlist-3
versatile	adj	1	wordlist-2
verse	n	1	wordlist-2
version	n	1	wordlist-1
versus	prep	3	wordlist-1,wordlist-2,wordlist-3
vertical	adj	2	wordlist-1,wordlist-2
vessel	n	1	wordlist-2
vest	n	2	wordlist-2,wordlist-3
veterinarian	n	1	wordlist-1
via	prep	3	wordlist-1,wordlist-2,wordlist-3
viability	n	1	wordlist-2
viable	adj	1	wordlist-2
vicinity	n	1	wordlist-2
victim	n	1	wordlist-1
video	n	2	wordlist-1,wordlist-3
video game	n	1	wordlist-3
view	n	1	wordlist-1
view	v	1	wordlist-1
viewpoint	n	1	wordlist-3
vigilant	adj	1	wordlist-2
vigorously	adv	1	wordlist-2
vindictive	adj	1	wordlist-2
vine	n	1	wordlist-2
vinegar	n	3	wordlist-1,wordlist-2,wordlist-3
vineyard	n	1	wordlist-3
violate	v	2	wordlist-1,wordlist-2
violation	n	2	wordlist-1,wordlist-2
violence	n	1	wordlist-1
violent	adj	1	wordlist-1
violin	n	1	wordlist-3
vip	abbr	2	wordlist-2,wordlist-3
virtual	adj	2	wordlist-1,wordlist-3
virtually	adv	3	wordlist-1,wordlist-2,wordlist-3
virus	n	2	wordlist-1,wordlist-3
vis-à-vis	prep	1	wordlist-2
visa	n	2	wordlist-1,wordlist-2
viscosity	n	1	wordlist-2
viscous	adj	1	wordlist-2
visible	adj	1	wordlist-1
vision	n	1	wordlist-1
visual	adj	2	wordlist-1,wordlist-2
vital	adj	2	wordlist-2,wordlist-3
vitally	adv	1	wordlist-3
vitamin	n	2	wordlist-1,wordlist-2
vivid	adj	2	wordlist-1,wordlist-2
vocabulary	n	2	wordlist-1,wordlist-2
vocation	n	1	wordlist-2
vocational	adj	1	wordlist-2
voice	n	1	wordlist-1
volatile	adj	1	wordlist-2
volatility	n	1	wordlist-2
volcano	n	3	wordlist-1,wordlist-2,wordlist-3
volleyball	n	1	wordlist-3
volume	n	3	wordlist-1,wordlist-2,wordlist-3
volunteer	n	2	wordlist-1,wordlist-2
volunteer	v	2	wordlist-1,wordlist-2
vomit	n	1	wordlist-1
vomit	v	3	wordlist-1,wordlist-2,wordlist-3
vote	n	2	wordlist-1,wordlist-2
vote	v	2	wordlist-1,wordlist-2
vow	n	1	wordlist-1
voyage	n	1	wordlist-2
voyage	v	1	wordlist-2
vs.	abbr	2	wordlist-1,wordlist-2
vulnerability	n	1	wordlist-2
vulnerable	adj	1	wordlist-2
wage	n	1	wordlist-1
wait up	phrv	1	wordlist-3
waiter	n	1	wordlist-3
wake up	phrv	3	wordlist-1,wordlist-2,wordlist-3
wallet	n	3	wordlist-1,wordlist-2,wordlist-3
wallpaper	n	2	wordlist-1,wordlist-2
wallpaper	v	1	wordlist-2
wander	v	2	wordlist-1,wordlist-2
war	n	1	wordlist-1
ward	n	3	wordlist-1,wordlist-2,wordlist-3
wardrobe	n	3	wordlist-1,wordlist-2,wordlist-3
warehouse	n	3	wordlist-1,wordlist-2,wordlist-3
warm	adj	1	wordlist-1
warm	v	1	wordlist-1
warm up	phrv	2	wordlist-1,wordlist-2
warmth	n	2	wordlist-1,wordlist-2
warn	v	1	wordlist-1
warning	n	1	wordlist-1
warrant	n	1	wordlist-2
wary	adj	1	wordlist-2
wash away	phrv	1	wordlist-1
wash up	phrv	2	wordlist-1,wordlist-3
washable	adj	1	wordlist-1
washing machine	n	1	wordlist-1
waste	n	1	wordlist-1
watch	n	1	wordlist-3
watch	v	2	wordlist-1,wordlist-3
watch out	phrv	1	wordlist-3
waterfall	n	2	wordlist-1,wordlist-2
waterfront	n	1	wordlist-2
waterproof	adj	3	wordlist-1,wordlist-2,wordlist-3
watershed	n	1	wordlist-3
wave	n	2	wordlist-1,wordlist-2
wax	n	1	wordlist-1
weak	adj	1	wordlist-1
wealth	n	1	wordlist-1
weapon	n	2	wordlist-1,wordlist-2
wear out	phrv	1	wordlist-1
weather	n	1	wordlist-1
weave	n	1	wordlist-3
weave	v	1	wordlist-2
webpage	n	1	wordlist-3
website	n	2	wordlist-1,wordlist-3
wedding	n	1	wordlist-1
wedge	n	1	wordlist-2
wedge	v	1	wordlist-2
weed	n	3	wordlist-1,wordlist-2,wordlist-3
weed	v	3	wordlist-1,wordlist-2,wordlist-3
weekly	adj	1	wordlist-2
weekly	adv	1	wordlist-2
weigh	v	1	wordlist-3
weight	n	2	wordlist-1,wordlist-3
weird	adj	2	wordlist-2,wordlist-3
weirdly	adv	2	wordlist-2,wordlist-3
welcome	interj	2	wordlist-2,wordlist-3
welcome	n	1	wordlist-2
welfare	n	2	wordlist-1,wordlist-2
well	interj	1	wordlist-3
well done	phr	1	wordlist-3
wellness	n	1	wordlist-3
western	adj	1	wordlist-1
wet	adj	1	wordlist-1
whale	n	1	wordlist-3
wharf	n	1	wordlist-3
whatever	det	2	wordlist-2,wordlist-3
whatever	pron	2	wordlist-2,wordlist-3
whatsoever	det	1	wordlist-2
whatsoever	pron	1	wordlist-2
wheat	n	2	wordlist-2,wordlist-3
wheel	n	1	wordlist-1
wheelchair	n	2	wordlist-1,wordlist-2
whereas	conj	3	wordlist-1,wordlist-2,wordlist-3
whereby	conj	1	wordlist-2
whereby	pron	1	wordlist-2
wherever	pron	1	wordlist-2
whether	conj	2	wordlist-1,wordlist-3
whichever	det	2	wordlist-2,wordlist-3
whichever	pron	2	wordlist-2,wordlist-3
while	conj	2	wordlist-1,wordlist-3
whilst	conj	2	wordlist-2,wordlist-3
whimsical	adj	1	wordlist-2
whirlwind	n	1	wordlist-2
whisk	n	2	wordlist-2,wordlist-3
whisk	v	3	wordlist-1,wordlist-2,wordlist-3
whisper	n	2	wordlist-1,wordlist-2
whisper	v	2	wordlist-1,wordlist-2
whoever	pron	2	wordlist-2,wordlist-3
wholesale	adj	2	wordlist-1,wordlist-2
wholesale	adv	1	wordlist-2
wholesale	n	1	wordlist-2
wholesome	adj	1	wordlist-2
whom	pron	1	wordlist-2
whomever	pron	2	wordlist-2,wordlist-3
wi-fi	abbr	1	wordlist-2
widely	adv	1	wordlist-3
widespread	adj	1	wordlist-2
widow	n	2	wordlist-1,wordlist-2
widower	n	2	wordlist-1,wordlist-2
width	n	1	wordlist-3
wield	v	1	wordlist-2
wifi	abbr	1	wordlist-3
wig	n	1	wordlist-2
wild	adj	2	wordlist-1,wordlist-3
wilderness	n	2	wordlist-2,wordlist-3
wildlife	n	2	wordlist-1,wordlist-2
will	modal	1	wordlist-3
will	n	2	wordlist-1,wordlist-2
willing	adj	1	wordlist-1
willpower	n	1	wordlist-2
wilt	v	1	wordlist-2
wind up	phrv	1	wordlist-2
windbreaker	n	1	wordlist-3
window	n	1	wordlist-3
windowsill	n	1	wordlist-2
windscreen	n	2	wordlist-1,wordlist-2
windshield	n	1	wordlist-2
windy	adj	1	wordlist-1
wine	n	1	wordlist-3
wing	n	1	wordlist-3
winner	n	1	wordlist-3
wipe	n	2	wordlist-1,wordlist-2
wipe	v	2	wordlist-1,wordlist-2
wipe down	phrv	1	wordlist-2
wiper	n	1	wordlist-2
wire	n	2	wordlist-1,wordlist-3
wireless	adj	2	wordlist-1,wordlist-3
wisdom	n	2	wordlist-1,wordlist-3
wise	adj	1	wordlist-1
with regard to	prep	1	wordlist-2
withdraw	v	1	wordlist-1
withdrawal	n	1	wordlist-3
wither	v	1	wordlist-2
withhold	v	1	wordlist-3
within	prep	2	wordlist-1,wordlist-3
witness	n	2	wordlist-1,wordlist-2
witness	v	2	wordlist-1,wordlist-2
witty	adj	1	wordlist-2
wk.	abbr	1	wordlist-1
wolf	n	1	wordlist-3
wonder	v	1	wordlist-1
wonderful	adj	1	wordlist-3
wonderfully	adv	1	wordlist-3
woodland	n	1	wordlist-1
woodwork	n	1	wordlist-2
wool	n	2	wordlist-1,wordlist-3
woolen	adj	2	wordlist-1,wordlist-2
work	v	1	wordlist-3
work for	phrv	1	wordlist-1
work on	phrv	1	wordlist-1
work out	phrv	2	wordlist-1,wordlist-3
workforce	n	2	wordlist-1,wordlist-2
workload	n	1	wordlist-2
workplace	n	2	wordlist-1,wordlist-2
workshop	n	1	wordlist-1
worktop	n	1	wordlist-1
worm	n	1	wordlist-3
worried	adj	1	wordlist-1
worry	n	1	wordlist-1
worry	v	1	wordlist-1
worsen	v	1	wordlist-1
worship	n	2	wordlist-1,wordlist-2
worship	v	2	wordlist-1,wordlist-2
worth	prep	1	wordlist-3
worthless	adj	1	wordlist-2
worthwhile	adj	2	wordlist-1,wordlist-2
would	modal	1	wordlist-3
wound	n	3	wordlist-1,wordlist-2,wordlist-3
wound	v	2	wordlist-1,wordlist-2
wow	interj	2	wordlist-2,wordlist-3
wrap	n	1	wordlist-2
wrap	v	2	wordlist-1,wordlist-2
wrapper	n	1	wordlist-1
wreak	v	1	wordlist-2
wreck	n	1	wordlist-2
wreck	v	1	wordlist-2
wrench	n	1	wordlist-3
wrestling	n	2	wordlist-2,wordlist-3
wring	v	1	wordlist-2
wrinkle	n	2	wordlist-1,wordlist-2
wrinkled	adj	2	wordlist-2,wordlist-3
write	v	1	wordlist-3
write down	phrv	2	wordlist-1,wordlist-3
write up	phrv	1	wordlist-3
writer	n	2	wordlist-1,wordlist-3
written	adj	1	wordlist-1
wrong	adj	1	wordlist-1
x-ray	n	2	wordlist-1,wordlist-3
yank	n	1	wordlist-2
yank	v	1	wordlist-2
yawn	n	1	wordlist-2
yawn	v	1	wordlist-2
yay	interj	1	wordlist-3
yearn	v	1	wordlist-2
yeast	n	1	wordlist-2
yell	n	1	wordlist-1
yell	v	1	wordlist-1
yes	interj	1	wordlist-3
yet	adv	1	wordlist-1
yield	n	2	wordlist-1,wordlist-2
yield	v	2	wordlist-1,wordlist-2
yogurt	n	2	wordlist-1,wordlist-3
you are welcome	phr	1	wordlist-2
you know	phr	1	wordlist-3
yours	pron	1	wordlist-2
youth	n	1	wordlist-2
youthful	adj	1	wordlist-2
yr.	abbr	1	wordlist-1
zesty	adj	1	wordlist-3
zip	v	1	wordlist-2
zip up	phrv	1	wordlist-1
zipper	n	2	wordlist-1,wordlist-2
zone	v	1	wordlist-3
