word	pos	votes	roles
-able	suffix	2	wordlist-1,wordlist-2
-al	suffix	2	wordlist-1,wordlist-2
-dom	suffix	1	wordlist-1
-ed	suffix	1	wordlist-1
-en	suffix	2	wordlist-1,wordlist-2
-er	suffix	2	wordlist-1,wordlist-2
-ful	suffix	2	wordlist-1,wordlist-2
-hood	suffix	2	wordlist-1,wordlist-2
-ic	suffix	1	wordlist-2
-ify	suffix	1	wordlist-1
-ing	suffix	1	wordlist-1
-ish	suffix	2	wordlist-1,wordlist-2
-ism	suffix	2	wordlist-1,wordlist-2
-ist	suffix	2	wordlist-1,wordlist-2
-ity	suffix	2	wordlist-1,wordlist-2
-ive	suffix	2	wordlist-1,wordlist-2
-ize	suffix	2	wordlist-1,wordlist-2
-less	suffix	2	wordlist-1,wordlist-2
-like	suffix	1	wordlist-2
-ly	suffix	2	wordlist-1,wordlist-2
-ment	suffix	2	wordlist-1,wordlist-2
-ness	suffix	2	wordlist-1,wordlist-2
-ous	suffix	2	wordlist-1,wordlist-2
-s	suffix	1	wordlist-1
-ship	suffix	2	wordlist-1,wordlist-2
-sion	suffix	1	wordlist-1
-tion	suffix	2	wordlist-1,wordlist-2
-ward	suffix	1	wordlist-2
-wise	suffix	1	wordlist-2
-y	suffix	1	wordlist-1
a	det	3	wordlist-1,wordlist-2,wordlist-3
a.m.	abbr	2	wordlist-1,wordlist-3
ability	n	3	wordlist-1,wordlist-2,wordlist-3
able	adj	2	wordlist-1,wordlist-2
about	adv	1	wordlist-1
about	prep	3	wordlist-1,wordlist-2,wordlist-3
above	adv	1	wordlist-3
above	prep	3	wordlist-1,wordlist-2,wordlist-3
abroad	adv	1	wordlist-2
absolutely	adv	1	wordlist-3
absorb	v	1	wordlist-1
accent	n	1	wordlist-1
accept	v	3	wordlist-1,wordlist-2,wordlist-3
accident	n	3	wordlist-1,wordlist-2,wordlist-3
account	n	2	wordlist-1,wordlist-2
ache	n	2	wordlist-1,wordlist-3
ache	v	1	wordlist-3
acid	n	1	wordlist-2
acquaintance	n	2	wordlist-2,wordlist-3
across	adv	2	wordlist-1,wordlist-2
across	prep	3	wordlist-1,wordlist-2,wordlist-3
act	n	2	wordlist-2,wordlist-3
act	v	3	wordlist-1,wordlist-2,wordlist-3
action	n	3	wordlist-1,wordlist-2,wordlist-3
active	adj	1	wordlist-2
activity	n	1	wordlist-3
actor	n	3	wordlist-1,wordlist-2,wordlist-3
actual	adj	1	wordlist-2
actually	adv	3	wordlist-1,wordlist-2,wordlist-3
ad	abbr	2	wordlist-1,wordlist-2
add	v	2	wordlist-1,wordlist-3
address	n	1	wordlist-1
adjective	n	1	wordlist-1
admiration	n	1	wordlist-1
admire	v	2	wordlist-1,wordlist-3
adopt	v	1	wordlist-2
adoption	n	1	wordlist-2
adult	adj	3	wordlist-1,wordlist-2,wordlist-3
adult	n	3	wordlist-1,wordlist-2,wordlist-3
advantage	n	1	wordlist-3
advertise	v	1	wordlist-1
affect	v	2	wordlist-1,wordlist-2
afford	v	2	wordlist-1,wordlist-2
afraid	adj	3	wordlist-1,wordlist-2,wordlist-3
after	adv	2	wordlist-1,wordlist-2
after	conj	3	wordlist-1,wordlist-2,wordlist-3
after	prep	3	wordlist-1,wordlist-2,wordlist-3
afternoon	n	3	wordlist-1,wordlist-2,wordlist-3
again	adv	3	wordlist-1,wordlist-2,wordlist-3
against	prep	3	wordlist-1,wordlist-2,wordlist-3
age	n	3	wordlist-1,wordlist-2,wordlist-3
age	v	2	wordlist-1,wordlist-2
agency	n	1	wordlist-3
ago	adv	3	wordlist-1,wordlist-2,wordlist-3
agree	v	3	wordlist-1,wordlist-2,wordlist-3
agreement	n	3	wordlist-1,wordlist-2,wordlist-3
ah	interj	3	wordlist-1,wordlist-2,wordlist-3
aha	interj	1	wordlist-3
ahead	adv	1	wordlist-2
aim	n	1	wordlist-2
aim	v	1	wordlist-2
air	n	3	wordlist-1,wordlist-2,wordlist-3
airport	n	3	wordlist-1,wordlist-2,wordlist-3
alarm	n	1	wordlist-3
alas	interj	1	wordlist-3
alive	adj	2	wordlist-1,wordlist-2
all	det	3	wordlist-1,wordlist-2,wordlist-3
all	pron	2	wordlist-1,wordlist-2
allergy	n	1	wordlist-3
alley	n	1	wordlist-3
allow	v	2	wordlist-1,wordlist-2
almost	adv	3	wordlist-1,wordlist-2,wordlist-3
alone	adj	3	wordlist-1,wordlist-2,wordlist-3
alone	adv	1	wordlist-1
along	adv	1	wordlist-1
along	prep	3	wordlist-1,wordlist-2,wordlist-3
alphabet	n	1	wordlist-1
already	adv	3	wordlist-1,wordlist-2,wordlist-3
alright	adv	1	wordlist-2
alright	interj	1	wordlist-2
also	adv	3	wordlist-1,wordlist-2,wordlist-3
although	conj	3	wordlist-1,wordlist-2,wordlist-3
always	adv	3	wordlist-1,wordlist-2,wordlist-3
am	abbr	2	wordlist-2,wordlist-3
amateur	adj	1	wordlist-1
ambulance	n	2	wordlist-1,wordlist-3
among	prep	3	wordlist-1,wordlist-2,wordlist-3
amount	n	3	wordlist-1,wordlist-2,wordlist-3
an	det	1	wordlist-3
analysis	n	1	wordlist-3
ancestor	n	2	wordlist-2,wordlist-3
and	conj	3	wordlist-1,wordlist-2,wordlist-3
anger	n	3	wordlist-1,wordlist-2,wordlist-3
anger	v	1	wordlist-1
angle	n	1	wordlist-2
angry	adj	3	wordlist-1,wordlist-2,wordlist-3
animal	n	3	wordlist-1,wordlist-2,wordlist-3
annual	adj	2	wordlist-2,wordlist-3
another	det	2	wordlist-1,wordlist-2
another	pron	1	wordlist-2
answer	n	3	wordlist-1,wordlist-2,wordlist-3
answer	v	3	wordlist-1,wordlist-2,wordlist-3
anti-	prefix	2	wordlist-1,wordlist-2
antibiotic	n	1	wordlist-3
anxious	adj	2	wordlist-2,wordlist-3
any	det	3	wordlist-1,wordlist-2,wordlist-3
any	pron	2	wordlist-1,wordlist-2
anybody	pron	1	wordlist-2
anyone	pron	1	wordlist-2
anything	pron	1	wordlist-2
anyway	adv	2	wordlist-1,wordlist-2
anywhere	adv	2	wordlist-1,wordlist-2
apart	adv	3	wordlist-1,wordlist-2,wordlist-3
apartment	n	1	wordlist-2
apologize	v	1	wordlist-3
app	abbr	2	wordlist-1,wordlist-2
appeal	n	2	wordlist-1,wordlist-3
appeal	v	2	wordlist-1,wordlist-3
appear	v	2	wordlist-2,wordlist-3
appearance	n	2	wordlist-1,wordlist-2
appointment	n	2	wordlist-1,wordlist-3
apt	abbr	1	wordlist-3
apt.	abbr	1	wordlist-2
area	n	3	wordlist-1,wordlist-2,wordlist-3
argue	v	3	wordlist-1,wordlist-2,wordlist-3
argument	n	3	wordlist-1,wordlist-2,wordlist-3
arm	n	3	wordlist-1,wordlist-2,wordlist-3
army	n	3	wordlist-1,wordlist-2,wordlist-3
around	adv	2	wordlist-1,wordlist-2
around	prep	3	wordlist-1,wordlist-2,wordlist-3
arrest	n	3	wordlist-1,wordlist-2,wordlist-3
arrest	v	3	wordlist-1,wordlist-2,wordlist-3
arrive	v	3	wordlist-1,wordlist-2,wordlist-3
art	n	3	wordlist-1,wordlist-2,wordlist-3
artery	n	1	wordlist-3
artist	n	2	wordlist-1,wordlist-2
as	conj	3	wordlist-1,wordlist-2,wordlist-3
as	prep	3	wordlist-1,wordlist-2,wordlist-3
asap	abbr	1	wordlist-2
ash	n	1	wordlist-2
ashamed	adj	2	wordlist-1,wordlist-3
ask	v	3	wordlist-1,wordlist-2,wordlist-3
asleep	adj	3	wordlist-1,wordlist-2,wordlist-3
assume	v	2	wordlist-1,wordlist-3
assumption	n	1	wordlist-3
asthma	n	1	wordlist-3
at	prep	3	wordlist-1,wordlist-2,wordlist-3
attack	n	3	wordlist-1,wordlist-2,wordlist-3
attack	v	3	wordlist-1,wordlist-2,wordlist-3
attempt	n	1	wordlist-3
attempt	v	1	wordlist-3
attention	n	2	wordlist-1,wordlist-2
attitude	n	2	wordlist-2,wordlist-3
audible	adj	1	wordlist-3
audience	n	2	wordlist-1,wordlist-3
aunt	n	3	wordlist-1,wordlist-2,wordlist-3
author	n	1	wordlist-1
authority	n	2	wordlist-1,wordlist-3
automatic	adj	1	wordlist-1
autumn	n	3	wordlist-1,wordlist-2,wordlist-3
available	adj	1	wordlist-1
ave	abbr	1	wordlist-3
avenue	n	1	wordlist-3
average	adj	1	wordlist-1
average	n	1	wordlist-1
awake	adj	3	wordlist-1,wordlist-2,wordlist-3
aware	adj	3	wordlist-1,wordlist-2,wordlist-3
awareness	n	1	wordlist-3
away	adv	3	wordlist-1,wordlist-2,wordlist-3
baby	n	3	wordlist-1,wordlist-2,wordlist-3
back	adv	3	wordlist-1,wordlist-2,wordlist-3
back	n	3	wordlist-1,wordlist-2,wordlist-3
backward	adv	2	wordlist-1,wordlist-2
bacteria	n	1	wordlist-3
bad	adj	2	wordlist-1,wordlist-2
badly	adv	3	wordlist-1,wordlist-2,wordlist-3
bag	n	3	wordlist-1,wordlist-2,wordlist-3
bake	v	2	wordlist-1,wordlist-3
bald	adj	2	wordlist-1,wordlist-3
ball	n	3	wordlist-1,wordlist-2,wordlist-3
band	n	2	wordlist-2,wordlist-3
bandage	n	2	wordlist-1,wordlist-3
bang	v	1	wordlist-3
bank	n	2	wordlist-1,wordlist-2
barely	adv	2	wordlist-2,wordlist-3
bark	n	1	wordlist-2
barn	n	1	wordlist-3
basic	adj	2	wordlist-1,wordlist-2
basically	adv	1	wordlist-2
basis	n	1	wordlist-3
basket	n	2	wordlist-1,wordlist-2
bath	n	2	wordlist-1,wordlist-2
bathroom	n	2	wordlist-1,wordlist-2
battery	n	1	wordlist-1
battle	n	1	wordlist-2
battle	v	1	wordlist-2
be	aux	3	wordlist-1,wordlist-2,wordlist-3
be	v	3	wordlist-1,wordlist-2,wordlist-3
beach	n	1	wordlist-1
beak	n	2	wordlist-2,wordlist-3
bean	n	2	wordlist-1,wordlist-3
bear	n	1	wordlist-2
bear	v	1	wordlist-2
beard	n	1	wordlist-3
beat	n	3	wordlist-1,wordlist-2,wordlist-3
beat	v	3	wordlist-1,wordlist-2,wordlist-3
beautiful	adj	3	wordlist-1,wordlist-2,wordlist-3
beauty	n	3	wordlist-1,wordlist-2,wordlist-3
because	conj	3	wordlist-1,wordlist-2,wordlist-3
become	v	3	wordlist-1,wordlist-2,wordlist-3
bed	n	2	wordlist-1,wordlist-2
bedroom	n	2	wordlist-1,wordlist-2
bee	n	1	wordlist-2
beer	n	2	wordlist-1,wordlist-3
before	adv	2	wordlist-1,wordlist-2
before	conj	3	wordlist-1,wordlist-2,wordlist-3
before	prep	3	wordlist-1,wordlist-2,wordlist-3
begin	v	3	wordlist-1,wordlist-2,wordlist-3
beginning	n	3	wordlist-1,wordlist-2,wordlist-3
behavior	n	2	wordlist-1,wordlist-3
behaviour	n	2	wordlist-1,wordlist-2
behind	adv	1	wordlist-2
behind	prep	3	wordlist-1,wordlist-2,wordlist-3
belief	n	3	wordlist-1,wordlist-2,wordlist-3
believe	v	3	wordlist-1,wordlist-2,wordlist-3
belong	v	2	wordlist-1,wordlist-2
belong to	phrv	2	wordlist-2,wordlist-3
belongings	n	1	wordlist-3
below	adv	1	wordlist-3
below	prep	3	wordlist-1,wordlist-2,wordlist-3
belt	n	3	wordlist-1,wordlist-2,wordlist-3
bench	n	1	wordlist-3
bend	n	1	wordlist-2
bend	v	3	wordlist-1,wordlist-2,wordlist-3
benefit	n	2	wordlist-1,wordlist-3
benefit	v	1	wordlist-3
bent	adj	1	wordlist-1
berry	n	1	wordlist-3
beside	prep	3	wordlist-1,wordlist-2,wordlist-3
between	prep	3	wordlist-1,wordlist-2,wordlist-3
beyond	prep	3	wordlist-1,wordlist-2,wordlist-3
bicycle	n	1	wordlist-2
big	adj	3	wordlist-1,wordlist-2,wordlist-3
bike	n	2	wordlist-1,wordlist-3
bill	n	2	wordlist-1,wordlist-2
bill	v	1	wordlist-1
bin	n	1	wordlist-1
bind	v	1	wordlist-2
bio-	comb	2	wordlist-1,wordlist-2
bird	n	2	wordlist-2,wordlist-3
birth	n	3	wordlist-1,wordlist-2,wordlist-3
birthday	n	1	wordlist-2
bit	n	1	wordlist-3
bite	n	1	wordlist-1
bite	v	2	wordlist-1,wordlist-3
bitter	adj	2	wordlist-2,wordlist-3
black	adj	2	wordlist-2,wordlist-3
blade	n	1	wordlist-1
blame	n	1	wordlist-3
blame	v	1	wordlist-3
blanket	n	1	wordlist-2
bleed	v	3	wordlist-1,wordlist-2,wordlist-3
bless you	phr	1	wordlist-3
blind	adj	3	wordlist-1,wordlist-2,wordlist-3
block	n	1	wordlist-3
blonde	adj	1	wordlist-3
blood	n	3	wordlist-1,wordlist-2,wordlist-3
blow	v	2	wordlist-1,wordlist-2
blue	adj	2	wordlist-2,wordlist-3
blunt	adj	1	wordlist-1
blvd	abbr	1	wordlist-3
board	n	1	wordlist-2
board	v	2	wordlist-1,wordlist-2
boat	n	3	wordlist-1,wordlist-2,wordlist-3
body	n	3	wordlist-1,wordlist-2,wordlist-3
boil	v	3	wordlist-1,wordlist-2,wordlist-3
bold	adj	1	wordlist-2
bomb	n	1	wordlist-1
bone	n	3	wordlist-1,wordlist-2,wordlist-3
book	n	3	wordlist-1,wordlist-2,wordlist-3
boot	n	2	wordlist-1,wordlist-2
bore	v	3	wordlist-1,wordlist-2,wordlist-3
bored	adj	3	wordlist-1,wordlist-2,wordlist-3
born	adj	3	wordlist-1,wordlist-2,wordlist-3
borrow	v	1	wordlist-2
boss	n	3	wordlist-1,wordlist-2,wordlist-3
both	conj	1	wordlist-3
both	det	3	wordlist-1,wordlist-2,wordlist-3
both	pron	2	wordlist-1,wordlist-2
bottle	n	2	wordlist-1,wordlist-2
bottom	n	3	wordlist-1,wordlist-2,wordlist-3
bowl	n	3	wordlist-1,wordlist-2,wordlist-3
box	n	2	wordlist-1,wordlist-2
boy	n	3	wordlist-1,wordlist-2,wordlist-3
bra	n	1	wordlist-1
brain	n	3	wordlist-1,wordlist-2,wordlist-3
branch	n	2	wordlist-1,wordlist-2
brave	adj	3	wordlist-1,wordlist-2,wordlist-3
bravo	interj	1	wordlist-3
bread	n	2	wordlist-1,wordlist-3
break	n	3	wordlist-1,wordlist-2,wordlist-3
break	v	3	wordlist-1,wordlist-2,wordlist-3
break down	phrv	3	wordlist-1,wordlist-2,wordlist-3
break out	phrv	1	wordlist-2
break up	phrv	3	wordlist-1,wordlist-2,wordlist-3
breakfast	n	3	wordlist-1,wordlist-2,wordlist-3
breath	n	1	wordlist-2
breathe	v	2	wordlist-1,wordlist-2
breed	n	1	wordlist-2
breed	v	2	wordlist-2,wordlist-3
bridge	n	3	wordlist-1,wordlist-2,wordlist-3
brief	adj	1	wordlist-3
briefly	adv	1	wordlist-2
bright	adj	3	wordlist-1,wordlist-2,wordlist-3
bring	v	3	wordlist-1,wordlist-2,wordlist-3
bring about	phrv	1	wordlist-2
bring back	phrv	1	wordlist-1
bring up	phrv	3	wordlist-1,wordlist-2,wordlist-3
bring up	v	1	wordlist-2
broom	n	1	wordlist-1
brother	n	3	wordlist-1,wordlist-2,wordlist-3
brother-in-law	n	1	wordlist-3
brown	adj	1	wordlist-2
browser	n	1	wordlist-1
bruise	n	2	wordlist-1,wordlist-3
brush	n	3	wordlist-1,wordlist-2,wordlist-3
brush	v	3	wordlist-1,wordlist-2,wordlist-3
bucket	n	1	wordlist-2
bug	n	1	wordlist-2
build	v	3	wordlist-1,wordlist-2,wordlist-3
building	n	3	wordlist-1,wordlist-2,wordlist-3
bull	n	1	wordlist-2
burn	n	3	wordlist-1,wordlist-2,wordlist-3
burn	v	3	wordlist-1,wordlist-2,wordlist-3
burn down	phrv	1	wordlist-2
bury	v	1	wordlist-2
bus	n	3	wordlist-1,wordlist-2,wordlist-3
bush	n	2	wordlist-2,wordlist-3
business	n	2	wordlist-1,wordlist-2
busy	adj	3	wordlist-1,wordlist-2,wordlist-3
but	conj	3	wordlist-1,wordlist-2,wordlist-3
but	prep	1	wordlist-1
butter	n	2	wordlist-1,wordlist-3
button	n	3	wordlist-1,wordlist-2,wordlist-3
button	v	2	wordlist-1,wordlist-2
buy	v	3	wordlist-1,wordlist-2,wordlist-3
buyer	n	1	wordlist-1
by	prep	3	wordlist-1,wordlist-2,wordlist-3
bye	interj	3	wordlist-1,wordlist-2,wordlist-3
cabinet	n	1	wordlist-1
cable	n	1	wordlist-1
cake	n	2	wordlist-1,wordlist-3
calculate	v	1	wordlist-1
calendar	n	2	wordlist-1,wordlist-3
call	v	3	wordlist-1,wordlist-2,wordlist-3
call off	phrv	2	wordlist-2,wordlist-3
call up	phrv	1	wordlist-1
calm	adj	3	wordlist-1,wordlist-2,wordlist-3
calm	n	1	wordlist-1
calm	v	3	wordlist-1,wordlist-2,wordlist-3
calm down	phrv	1	wordlist-3
camera	n	2	wordlist-1,wordlist-2
can	modal	3	wordlist-1,wordlist-2,wordlist-3
cancer	n	2	wordlist-1,wordlist-3
candy	n	1	wordlist-3
capital	n	1	wordlist-1
car	n	3	wordlist-1,wordlist-2,wordlist-3
card	n	1	wordlist-2
care	n	3	wordlist-1,wordlist-2,wordlist-3
care	v	3	wordlist-1,wordlist-2,wordlist-3
care for	v	1	wordlist-2
career	n	1	wordlist-2
careful	adj	3	wordlist-1,wordlist-2,wordlist-3
carefully	adv	3	wordlist-1,wordlist-2,wordlist-3
careless	adj	3	wordlist-1,wordlist-2,wordlist-3
carpet	n	2	wordlist-1,wordlist-2
carry	v	3	wordlist-1,wordlist-2,wordlist-3
carry on	phrv	3	wordlist-1,wordlist-2,wordlist-3
carry out	phrv	1	wordlist-2
cartoon	n	1	wordlist-1
case	n	2	wordlist-1,wordlist-3
cash	n	2	wordlist-1,wordlist-2
cat	n	1	wordlist-2
catch	n	1	wordlist-2
catch	v	3	wordlist-1,wordlist-2,wordlist-3
catch up	phrv	2	wordlist-2,wordlist-3
cattle	n	1	wordlist-3
cause	n	3	wordlist-1,wordlist-2,wordlist-3
cause	v	3	wordlist-1,wordlist-2,wordlist-3
cave	n	1	wordlist-1
ceiling	n	1	wordlist-2
celebrate	v	1	wordlist-3
cell	n	1	wordlist-3
center	n	2	wordlist-2,wordlist-3
central	adj	1	wordlist-1
centre	n	1	wordlist-1
century	n	2	wordlist-2,wordlist-3
certain	adj	3	wordlist-1,wordlist-2,wordlist-3
certainly	adv	3	wordlist-1,wordlist-2,wordlist-3
chain	n	1	wordlist-2
chair	n	3	wordlist-1,wordlist-2,wordlist-3
chance	n	2	wordlist-1,wordlist-3
change	n	3	wordlist-1,wordlist-2,wordlist-3
change	v	3	wordlist-1,wordlist-2,wordlist-3
chapter	n	1	wordlist-1
character	n	3	wordlist-1,wordlist-2,wordlist-3
charge	n	2	wordlist-1,wordlist-2
charge	v	2	wordlist-1,wordlist-2
charm	n	1	wordlist-3
cheap	adj	2	wordlist-1,wordlist-2
check	n	1	wordlist-1
check	v	2	wordlist-1,wordlist-2
check out	phrv	2	wordlist-2,wordlist-3
cheers	interj	1	wordlist-3
cheese	n	2	wordlist-1,wordlist-3
chemical	adj	1	wordlist-2
chemical	n	1	wordlist-2
cheque	n	1	wordlist-2
chest	n	3	wordlist-1,wordlist-2,wordlist-3
chew	v	2	wordlist-1,wordlist-3
chicken	n	3	wordlist-1,wordlist-2,wordlist-3
child	n	3	wordlist-1,wordlist-2,wordlist-3
choice	n	3	wordlist-1,wordlist-2,wordlist-3
choose	v	3	wordlist-1,wordlist-2,wordlist-3
chop	v	2	wordlist-1,wordlist-3
church	n	3	wordlist-1,wordlist-2,wordlist-3
cinema	n	1	wordlist-3
circle	n	2	wordlist-1,wordlist-2
citizen	n	3	wordlist-1,wordlist-2,wordlist-3
city	n	2	wordlist-1,wordlist-3
claim	n	1	wordlist-2
claim	v	1	wordlist-2
class	n	2	wordlist-1,wordlist-2
classmate	n	1	wordlist-3
claw	n	2	wordlist-2,wordlist-3
clay	n	2	wordlist-2,wordlist-3
clean	adj	3	wordlist-1,wordlist-2,wordlist-3
clean	n	1	wordlist-1
clean	v	3	wordlist-1,wordlist-2,wordlist-3
clean up	phrv	2	wordlist-2,wordlist-3
clear	adj	3	wordlist-1,wordlist-2,wordlist-3
clear	v	1	wordlist-2
clear up	phrv	1	wordlist-2
clearly	adv	3	wordlist-1,wordlist-2,wordlist-3
clever	adj	3	wordlist-1,wordlist-2,wordlist-3
client	n	1	wordlist-1
climate	n	1	wordlist-2
climb	v	2	wordlist-1,wordlist-2
clinic	n	2	wordlist-1,wordlist-3
clock	n	3	wordlist-1,wordlist-2,wordlist-3
close	adj	3	wordlist-1,wordlist-2,wordlist-3
close	adv	1	wordlist-2
close	v	3	wordlist-1,wordlist-2,wordlist-3
closed	adj	3	wordlist-1,wordlist-2,wordlist-3
closely	adv	1	wordlist-2
closet	n	2	wordlist-1,wordlist-2
cloth	n	3	wordlist-1,wordlist-2,wordlist-3
clothes	n	3	wordlist-1,wordlist-2,wordlist-3
cloud	n	2	wordlist-1,wordlist-2
club	n	1	wordlist-1
cm	abbr	2	wordlist-1,wordlist-2
co	abbr	1	wordlist-3
co-	prefix	2	wordlist-1,wordlist-2
coast	n	2	wordlist-1,wordlist-2
coat	n	3	wordlist-1,wordlist-2,wordlist-3
code	n	1	wordlist-1
code	v	1	wordlist-1
coffee	n	2	wordlist-1,wordlist-3
coin	n	2	wordlist-1,wordlist-2
cold	adj	3	wordlist-1,wordlist-2,wordlist-3
cold	n	2	wordlist-1,wordlist-3
coldness	n	1	wordlist-3
colleague	n	1	wordlist-3
collect	v	1	wordlist-2
college	n	1	wordlist-2
color	n	1	wordlist-3
color	v	1	wordlist-3
colour	n	3	wordlist-1,wordlist-2,wordlist-3
colour	v	1	wordlist-3
comb	n	3	wordlist-1,wordlist-2,wordlist-3
comb	v	2	wordlist-1,wordlist-2
come	v	3	wordlist-1,wordlist-2,wordlist-3
come along	phrv	1	wordlist-1
come back	phrv	3	wordlist-1,wordlist-2,wordlist-3
come from	phrv	2	wordlist-1,wordlist-2
come in	phrv	3	wordlist-1,wordlist-2,wordlist-3
come on	phrv	1	wordlist-3
come out	phrv	1	wordlist-1
come over	phrv	1	wordlist-1
come up with	phrv	1	wordlist-3
comfort	n	3	wordlist-1,wordlist-2,wordlist-3
comfort	v	3	wordlist-1,wordlist-2,wordlist-3
comfortable	adj	3	wordlist-1,wordlist-2,wordlist-3
comic	n	1	wordlist-1
commerce	n	1	wordlist-2
commercial	adj	1	wordlist-2
common	adj	2	wordlist-1,wordlist-2
commonly	adv	1	wordlist-2
communicate	v	1	wordlist-2
community	n	3	wordlist-1,wordlist-2,wordlist-3
companion	n	1	wordlist-2
company	n	2	wordlist-1,wordlist-2
compare	v	2	wordlist-1,wordlist-2
comparison	n	3	wordlist-1,wordlist-2,wordlist-3
compete	v	1	wordlist-2
competition	n	2	wordlist-1,wordlist-2
complete	adj	2	wordlist-1,wordlist-2
completely	adv	2	wordlist-2,wordlist-3
complex	adj	2	wordlist-1,wordlist-2
compost	n	1	wordlist-3
computer	n	1	wordlist-1
concerning	prep	1	wordlist-3
concert	n	1	wordlist-3
conclude	v	1	wordlist-3
conclusion	n	1	wordlist-3
condition	n	3	wordlist-1,wordlist-2,wordlist-3
confidence	n	2	wordlist-1,wordlist-2
confident	adj	2	wordlist-1,wordlist-2
conflict	n	1	wordlist-3
confuse	v	2	wordlist-1,wordlist-2
confused	adj	2	wordlist-1,wordlist-3
confusion	n	2	wordlist-2,wordlist-3
congratulations	interj	1	wordlist-3
congress	n	1	wordlist-3
connect	v	2	wordlist-1,wordlist-2
connected	adj	1	wordlist-2
connection	n	2	wordlist-1,wordlist-3
conscious	adj	3	wordlist-1,wordlist-2,wordlist-3
consciousness	n	1	wordlist-3
consider	v	3	wordlist-1,wordlist-2,wordlist-3
considering	prep	1	wordlist-3
consist	v	1	wordlist-2
consist of	phrv	1	wordlist-2
constitution	n	1	wordlist-3
contain	v	2	wordlist-1,wordlist-2
container	n	1	wordlist-1
contest	n	1	wordlist-1
continue	v	2	wordlist-1,wordlist-2
contract	n	1	wordlist-1
contract	v	1	wordlist-1
control	n	3	wordlist-1,wordlist-2,wordlist-3
control	v	3	wordlist-1,wordlist-2,wordlist-3
convenient	adj	1	wordlist-2
conversation	n	2	wordlist-1,wordlist-2
cook	n	1	wordlist-1
cook	v	3	wordlist-1,wordlist-2,wordlist-3
cooked	adj	1	wordlist-1
cool	adj	3	wordlist-1,wordlist-2,wordlist-3
cool	v	3	wordlist-1,wordlist-2,wordlist-3
copy	n	2	wordlist-1,wordlist-2
copy	v	2	wordlist-1,wordlist-2
corn	n	2	wordlist-2,wordlist-3
corner	n	3	wordlist-1,wordlist-2,wordlist-3
correct	adj	2	wordlist-1,wordlist-2
correct	v	1	wordlist-2
correctly	adv	1	wordlist-2
cost	n	2	wordlist-1,wordlist-2
cost	v	2	wordlist-1,wordlist-2
cotton	n	1	wordlist-2
cough	n	2	wordlist-2,wordlist-3
cough	v	2	wordlist-1,wordlist-2
could	modal	2	wordlist-2,wordlist-3
council	n	1	wordlist-3
count	v	1	wordlist-1
country	n	3	wordlist-1,wordlist-2,wordlist-3
couple	n	3	wordlist-1,wordlist-2,wordlist-3
courage	n	3	wordlist-1,wordlist-2,wordlist-3
course	n	1	wordlist-2
court	n	3	wordlist-1,wordlist-2,wordlist-3
cousin	n	3	wordlist-1,wordlist-2,wordlist-3
cover	n	1	wordlist-2
cover	v	2	wordlist-1,wordlist-2
cow	n	1	wordlist-2
cowardly	adj	1	wordlist-1
crack	n	1	wordlist-2
crack	v	1	wordlist-2
crash	n	3	wordlist-1,wordlist-2,wordlist-3
crash	v	3	wordlist-1,wordlist-2,wordlist-3
create	v	2	wordlist-2,wordlist-3
creative	adj	2	wordlist-1,wordlist-3
creature	n	1	wordlist-2
credit	n	2	wordlist-1,wordlist-2
crime	n	3	wordlist-1,wordlist-2,wordlist-3
criminal	adj	3	wordlist-1,wordlist-2,wordlist-3
criminal	n	3	wordlist-1,wordlist-2,wordlist-3
crop	n	2	wordlist-2,wordlist-3
cross	n	1	wordlist-1
cross	v	3	wordlist-1,wordlist-2,wordlist-3
crossing	n	1	wordlist-1
crowd	n	2	wordlist-2,wordlist-3
crowded	adj	1	wordlist-3
cruel	adj	3	wordlist-1,wordlist-2,wordlist-3
cruelty	n	2	wordlist-1,wordlist-3
crush	v	1	wordlist-1
crutch	n	1	wordlist-3
cry	n	1	wordlist-2
cry	v	1	wordlist-2
cup	n	3	wordlist-1,wordlist-2,wordlist-3
cupboard	n	1	wordlist-1
cure	n	1	wordlist-2
cure	v	3	wordlist-1,wordlist-2,wordlist-3
curious	adj	1	wordlist-2
curly	adj	1	wordlist-3
current	adj	1	wordlist-1
curtain	n	2	wordlist-1,wordlist-2
curved	adj	2	wordlist-2,wordlist-3
custom	n	1	wordlist-2
customer	n	2	wordlist-1,wordlist-2
cut	n	3	wordlist-1,wordlist-2,wordlist-3
cut	v	3	wordlist-1,wordlist-2,wordlist-3
cut down	phrv	1	wordlist-2
cut off	phrv	2	wordlist-2,wordlist-3
cute	adj	1	wordlist-3
cycle	v	1	wordlist-3
daily	adj	3	wordlist-1,wordlist-2,wordlist-3
daily	adv	2	wordlist-1,wordlist-2
damage	n	3	wordlist-1,wordlist-2,wordlist-3
damage	v	2	wordlist-2,wordlist-3
damn	interj	1	wordlist-3
dance	n	3	wordlist-1,wordlist-2,wordlist-3
dance	v	3	wordlist-1,wordlist-2,wordlist-3
dancer	n	1	wordlist-1
danger	n	2	wordlist-2,wordlist-3
dangerous	adj	2	wordlist-1,wordlist-2
dangerously	adv	1	wordlist-2
dare	modal	1	wordlist-2
dark	adj	3	wordlist-1,wordlist-2,wordlist-3
dark	n	2	wordlist-2,wordlist-3
data	n	2	wordlist-1,wordlist-2
date	n	3	wordlist-1,wordlist-2,wordlist-3
date	v	2	wordlist-1,wordlist-2
daughter	n	3	wordlist-1,wordlist-2,wordlist-3
day	n	3	wordlist-1,wordlist-2,wordlist-3
de-	prefix	2	wordlist-1,wordlist-2
dead	adj	3	wordlist-1,wordlist-2,wordlist-3
deadline	n	1	wordlist-3
deaf	adj	3	wordlist-1,wordlist-2,wordlist-3
deal	n	1	wordlist-1
deal	v	1	wordlist-1
deal with	phrv	2	wordlist-2,wordlist-3
death	n	3	wordlist-1,wordlist-2,wordlist-3
debate	n	1	wordlist-3
debt	n	2	wordlist-1,wordlist-2
decade	n	2	wordlist-2,wordlist-3
decay	v	1	wordlist-3
decide	v	3	wordlist-1,wordlist-2,wordlist-3
decision	n	3	wordlist-1,wordlist-2,wordlist-3
decrease	n	2	wordlist-2,wordlist-3
decrease	v	3	wordlist-1,wordlist-2,wordlist-3
deep	adj	3	wordlist-1,wordlist-2,wordlist-3
deeply	adv	2	wordlist-2,wordlist-3
defend	v	3	wordlist-1,wordlist-2,wordlist-3
defense	n	2	wordlist-1,wordlist-2
define	v	2	wordlist-1,wordlist-2
definitely	adv	3	wordlist-1,wordlist-2,wordlist-3
definition	n	2	wordlist-1,wordlist-2
degree	n	3	wordlist-1,wordlist-2,wordlist-3
delay	n	1	wordlist-3
delete	v	1	wordlist-1
delicious	adj	1	wordlist-1
delight	n	1	wordlist-2
delight	v	1	wordlist-2
deliver	v	1	wordlist-1
demand	n	1	wordlist-2
demand	v	1	wordlist-2
democracy	n	1	wordlist-3
density	n	1	wordlist-3
deodorant	n	2	wordlist-1,wordlist-3
depart	v	1	wordlist-3
department	n	1	wordlist-3
depend	v	1	wordlist-1
depend on	phrv	2	wordlist-2,wordlist-3
dept	abbr	1	wordlist-3
dept.	abbr	2	wordlist-1,wordlist-2
depth	n	3	wordlist-1,wordlist-2,wordlist-3
descendant	n	1	wordlist-3
describe	v	2	wordlist-1,wordlist-2
description	n	1	wordlist-3
desert	n	1	wordlist-2
design	n	1	wordlist-3
design	v	1	wordlist-3
desire	n	3	wordlist-1,wordlist-2,wordlist-3
desire	v	3	wordlist-1,wordlist-2,wordlist-3
desk	n	2	wordlist-1,wordlist-2
despite	prep	3	wordlist-1,wordlist-2,wordlist-3
destroy	v	2	wordlist-2,wordlist-3
destruction	n	1	wordlist-2
detail	n	1	wordlist-2
develop	v	1	wordlist-1
development	n	1	wordlist-3
device	n	1	wordlist-1
diabetes	n	1	wordlist-3
diagnose	v	2	wordlist-1,wordlist-3
dialect	n	1	wordlist-1
dictionary	n	1	wordlist-1
die	v	3	wordlist-1,wordlist-2,wordlist-3
difference	n	2	wordlist-1,wordlist-3
different	adj	3	wordlist-1,wordlist-2,wordlist-3
differently	adv	2	wordlist-1,wordlist-2
difficult	adj	2	wordlist-1,wordlist-2
difficulty	n	1	wordlist-3
digest	v	1	wordlist-2
digital	adj	1	wordlist-1
dimple	n	1	wordlist-3
dinner	n	3	wordlist-1,wordlist-2,wordlist-3
direct	adj	3	wordlist-1,wordlist-2,wordlist-3
direction	n	2	wordlist-1,wordlist-2
directly	adv	2	wordlist-1,wordlist-2
dirt	n	3	wordlist-1,wordlist-2,wordlist-3
dirty	adj	3	wordlist-1,wordlist-2,wordlist-3
dis-	prefix	2	wordlist-1,wordlist-2
disability	n	1	wordlist-1
disabled	adj	2	wordlist-1,wordlist-3
disadvantage	n	1	wordlist-3
disagree	v	3	wordlist-1,wordlist-2,wordlist-3
disappear	v	1	wordlist-2
disappoint	v	1	wordlist-2
disappointed	adj	1	wordlist-1
disappointment	n	1	wordlist-1
disconnect	v	1	wordlist-1
discount	n	2	wordlist-1,wordlist-2
discover	v	2	wordlist-1,wordlist-2
discovery	n	1	wordlist-2
discuss	v	1	wordlist-2
discussion	n	3	wordlist-1,wordlist-2,wordlist-3
disease	n	3	wordlist-1,wordlist-2,wordlist-3
disgust	n	1	wordlist-3
dish	n	3	wordlist-1,wordlist-2,wordlist-3
dishonest	adj	1	wordlist-3
dislike	v	1	wordlist-3
display	n	1	wordlist-1
display	v	1	wordlist-1
dissolve	v	1	wordlist-1
distance	n	3	wordlist-1,wordlist-2,wordlist-3
distant	adj	1	wordlist-3
divide	v	1	wordlist-1
divorce	n	3	wordlist-1,wordlist-2,wordlist-3
divorce	v	3	wordlist-1,wordlist-2,wordlist-3
divorced	adj	1	wordlist-2
diy	abbr	1	wordlist-2
do	aux	3	wordlist-1,wordlist-2,wordlist-3
do	v	3	wordlist-1,wordlist-2,wordlist-3
doctor	n	3	wordlist-1,wordlist-2,wordlist-3
dog	n	1	wordlist-2
domestic	adj	2	wordlist-2,wordlist-3
door	n	2	wordlist-1,wordlist-2
dose	n	2	wordlist-1,wordlist-3
double	adj	2	wordlist-1,wordlist-2
double	v	1	wordlist-2
doubt	n	3	wordlist-1,wordlist-2,wordlist-3
doubt	v	3	wordlist-1,wordlist-2,wordlist-3
down	adv	3	wordlist-1,wordlist-2,wordlist-3
down	prep	3	wordlist-1,wordlist-2,wordlist-3
download	n	1	wordlist-1
download	v	1	wordlist-1
downstairs	adv	1	wordlist-2
dr	abbr	1	wordlist-3
draw	v	3	wordlist-1,wordlist-2,wordlist-3
drawer	n	2	wordlist-1,wordlist-2
dream	n	3	wordlist-1,wordlist-2,wordlist-3
dream	v	3	wordlist-1,wordlist-2,wordlist-3
dress	n	3	wordlist-1,wordlist-2,wordlist-3
dress	v	3	wordlist-1,wordlist-2,wordlist-3
dress up	phrv	1	wordlist-3
drill	n	1	wordlist-1
drill	v	1	wordlist-1
drink	n	2	wordlist-1,wordlist-3
drink	v	3	wordlist-1,wordlist-2,wordlist-3
drink up	phrv	1	wordlist-3
drive	n	3	wordlist-1,wordlist-2,wordlist-3
drive	v	3	wordlist-1,wordlist-2,wordlist-3
driver	n	3	wordlist-1,wordlist-2,wordlist-3
drop	n	1	wordlist-2
drop	v	3	wordlist-1,wordlist-2,wordlist-3
drug	n	3	wordlist-1,wordlist-2,wordlist-3
drum	n	1	wordlist-3
drunk	adj	1	wordlist-1
dry	adj	3	wordlist-1,wordlist-2,wordlist-3
dry	v	3	wordlist-1,wordlist-2,wordlist-3
dryness	n	1	wordlist-3
duck	n	2	wordlist-2,wordlist-3
dull	adj	2	wordlist-2,wordlist-3
dumb	adj	2	wordlist-2,wordlist-3
during	prep	3	wordlist-1,wordlist-2,wordlist-3
dust	n	3	wordlist-1,wordlist-2,wordlist-3
duty	n	3	wordlist-1,wordlist-2,wordlist-3
e.g.	abbr	3	wordlist-1,wordlist-2,wordlist-3
each	det	3	wordlist-1,wordlist-2,wordlist-3
each	pron	2	wordlist-1,wordlist-2
ear	n	3	wordlist-1,wordlist-2,wordlist-3
early	adj	3	wordlist-1,wordlist-2,wordlist-3
early	adv	3	wordlist-1,wordlist-2,wordlist-3
earn	v	2	wordlist-1,wordlist-2
earth	n	2	wordlist-1,wordlist-2
easily	adv	3	wordlist-1,wordlist-2,wordlist-3
easy	adj	2	wordlist-1,wordlist-2
eat	v	3	wordlist-1,wordlist-2,wordlist-3
eat up	phrv	1	wordlist-3
echo	n	2	wordlist-2,wordlist-3
echo	v	1	wordlist-2
economic	adj	1	wordlist-2
economy	n	1	wordlist-2
ed	abbr	1	wordlist-3
edge	n	3	wordlist-1,wordlist-2,wordlist-3
effect	n	3	wordlist-1,wordlist-2,wordlist-3
effective	adj	1	wordlist-2
effectively	adv	1	wordlist-2
effort	n	1	wordlist-3
egg	n	3	wordlist-1,wordlist-2,wordlist-3
eight	num	3	wordlist-1,wordlist-2,wordlist-3
either	conj	1	wordlist-3
either	det	2	wordlist-1,wordlist-2
either	pron	2	wordlist-1,wordlist-2
elastic	adj	1	wordlist-3
elasticity	n	1	wordlist-3
elderly	adj	1	wordlist-2
elect	v	3	wordlist-1,wordlist-2,wordlist-3
election	n	2	wordlist-1,wordlist-2
electric	adj	1	wordlist-1
electricity	n	1	wordlist-1
electronic	adj	1	wordlist-1
else	adv	1	wordlist-1
email	n	1	wordlist-1
email	v	1	wordlist-1
emergency	n	3	wordlist-1,wordlist-2,wordlist-3
emotion	n	3	wordlist-1,wordlist-2,wordlist-3
emotional	adj	1	wordlist-3
employ	v	2	wordlist-1,wordlist-2
employee	n	3	wordlist-1,wordlist-2,wordlist-3
employer	n	2	wordlist-1,wordlist-2
empty	adj	3	wordlist-1,wordlist-2,wordlist-3
empty	v	3	wordlist-1,wordlist-2,wordlist-3
en-	prefix	1	wordlist-1
encourage	v	1	wordlist-3
end	n	3	wordlist-1,wordlist-2,wordlist-3
end	v	3	wordlist-1,wordlist-2,wordlist-3
end up	phrv	2	wordlist-2,wordlist-3
enemy	n	3	wordlist-1,wordlist-2,wordlist-3
energy	n	2	wordlist-1,wordlist-3
engine	n	3	wordlist-1,wordlist-2,wordlist-3
enjoy	v	3	wordlist-1,wordlist-2,wordlist-3
enjoyment	n	1	wordlist-1
enough	adv	3	wordlist-1,wordlist-2,wordlist-3
enough	det	3	wordlist-1,wordlist-2,wordlist-3
enough	pron	1	wordlist-2
enter	v	3	wordlist-1,wordlist-2,wordlist-3
entertain	v	1	wordlist-3
entrance	n	1	wordlist-1
envy	n	3	wordlist-1,wordlist-2,wordlist-3
envy	v	3	wordlist-1,wordlist-2,wordlist-3
equal	adj	3	wordlist-1,wordlist-2,wordlist-3
equal	v	1	wordlist-2
equality	n	1	wordlist-1
equipment	n	1	wordlist-1
er	interj	1	wordlist-3
era	n	1	wordlist-3
error	n	2	wordlist-1,wordlist-2
escape	n	1	wordlist-2
escape	v	1	wordlist-2
especially	adv	3	wordlist-1,wordlist-2,wordlist-3
est	abbr	1	wordlist-3
etc.	abbr	3	wordlist-1,wordlist-2,wordlist-3
even	adv	3	wordlist-1,wordlist-2,wordlist-3
evening	n	3	wordlist-1,wordlist-2,wordlist-3
event	n	2	wordlist-1,wordlist-3
eventually	adv	1	wordlist-2
ever	adv	3	wordlist-1,wordlist-2,wordlist-3
every	det	3	wordlist-1,wordlist-2,wordlist-3
everybody	pron	1	wordlist-2
everyone	pron	1	wordlist-2
everything	pron	1	wordlist-2
everywhere	adv	2	wordlist-1,wordlist-2
evidence	n	2	wordlist-1,wordlist-3
ex-	prefix	2	wordlist-1,wordlist-2
exact	adj	1	wordlist-2
exactly	adv	3	wordlist-1,wordlist-2,wordlist-3
examine	v	2	wordlist-1,wordlist-2
example	n	3	wordlist-1,wordlist-2,wordlist-3
except	conj	1	wordlist-1
except	prep	3	wordlist-1,wordlist-2,wordlist-3
exchange	n	1	wordlist-1
exchange	v	1	wordlist-1
excite	v	2	wordlist-2,wordlist-3
excited	adj	3	wordlist-1,wordlist-2,wordlist-3
excitement	n	2	wordlist-1,wordlist-2
excuse me	phr	3	wordlist-1,wordlist-2,wordlist-3
exercise	n	2	wordlist-2,wordlist-3
exercise	v	2	wordlist-2,wordlist-3
exist	v	2	wordlist-1,wordlist-2
exit	n	1	wordlist-1
exit	v	1	wordlist-1
expand	v	1	wordlist-2
expect	v	3	wordlist-1,wordlist-2,wordlist-3
expensive	adj	2	wordlist-1,wordlist-2
experience	n	2	wordlist-1,wordlist-3
experience	v	1	wordlist-3
experiment	n	2	wordlist-1,wordlist-2
experiment	v	1	wordlist-2
expert	adj	1	wordlist-2
expert	n	1	wordlist-2
explain	v	3	wordlist-1,wordlist-2,wordlist-3
explanation	n	2	wordlist-2,wordlist-3
express	v	1	wordlist-2
extremely	adv	1	wordlist-2
eye	n	3	wordlist-1,wordlist-2,wordlist-3
fabric	n	1	wordlist-3
face	n	3	wordlist-1,wordlist-2,wordlist-3
fact	n	3	wordlist-1,wordlist-2,wordlist-3
factory	n	2	wordlist-1,wordlist-2
failure	n	2	wordlist-1,wordlist-3
fair	adj	3	wordlist-1,wordlist-2,wordlist-3
fairly	adv	1	wordlist-2
faith	n	1	wordlist-3
fall	n	2	wordlist-2,wordlist-3
fall	v	3	wordlist-1,wordlist-2,wordlist-3
fall apart	phrv	1	wordlist-2
fall down	phrv	2	wordlist-1,wordlist-2
fall over	phrv	2	wordlist-1,wordlist-3
false	adj	3	wordlist-1,wordlist-2,wordlist-3
familiar	adj	1	wordlist-2
family	n	3	wordlist-1,wordlist-2,wordlist-3
fan	n	1	wordlist-2
faq	abbr	1	wordlist-2
far	adj	2	wordlist-1,wordlist-2
far	adv	3	wordlist-1,wordlist-2,wordlist-3
farewell	interj	1	wordlist-3
farewell	n	1	wordlist-2
farm	n	2	wordlist-2,wordlist-3
farm	v	2	wordlist-2,wordlist-3
fashion	n	1	wordlist-3
fast	adj	3	wordlist-1,wordlist-2,wordlist-3
fast	adv	3	wordlist-1,wordlist-2,wordlist-3
fasten	v	1	wordlist-2
fat	adj	3	wordlist-1,wordlist-2,wordlist-3
fat	n	2	wordlist-2,wordlist-3
father	n	3	wordlist-1,wordlist-2,wordlist-3
father-in-law	n	1	wordlist-3
fault	n	2	wordlist-2,wordlist-3
fear	n	3	wordlist-1,wordlist-2,wordlist-3
fear	v	2	wordlist-1,wordlist-2
feast	n	1	wordlist-3
feather	n	2	wordlist-2,wordlist-3
feces	n	1	wordlist-3
fee	n	2	wordlist-1,wordlist-2
feed	n	1	wordlist-2
feed	v	3	wordlist-1,wordlist-2,wordlist-3
feel	v	3	wordlist-1,wordlist-2,wordlist-3
feeling	n	3	wordlist-1,wordlist-2,wordlist-3
female	adj	2	wordlist-1,wordlist-2
female	n	1	wordlist-2
fence	n	1	wordlist-2
fertilizer	n	1	wordlist-3
festival	n	1	wordlist-3
fever	n	3	wordlist-1,wordlist-2,wordlist-3
few	det	3	wordlist-1,wordlist-2,wordlist-3
few	pron	1	wordlist-2
field	n	3	wordlist-1,wordlist-2,wordlist-3
fight	n	3	wordlist-1,wordlist-2,wordlist-3
fight	v	3	wordlist-1,wordlist-2,wordlist-3
figure	n	1	wordlist-2
figure out	phrv	1	wordlist-3
file	n	1	wordlist-1
file	v	1	wordlist-1
fill	v	3	wordlist-1,wordlist-2,wordlist-3
fill in	phrv	2	wordlist-2,wordlist-3
fill up	phrv	2	wordlist-2,wordlist-3
film	n	3	wordlist-1,wordlist-2,wordlist-3
film	v	1	wordlist-2
fin	n	1	wordlist-3
final	adj	2	wordlist-2,wordlist-3
finally	adv	3	wordlist-1,wordlist-2,wordlist-3
finance	n	1	wordlist-2
financial	adj	1	wordlist-2
find	v	3	wordlist-1,wordlist-2,wordlist-3
find out	phrv	3	wordlist-1,wordlist-2,wordlist-3
fine	adj	1	wordlist-2
finger	n	2	wordlist-1,wordlist-2
fire	n	3	wordlist-1,wordlist-2,wordlist-3
fire	v	2	wordlist-1,wordlist-2
firm	n	2	wordlist-1,wordlist-2
first	adj	3	wordlist-1,wordlist-2,wordlist-3
first	adv	3	wordlist-1,wordlist-2,wordlist-3
first	num	2	wordlist-2,wordlist-3
first aid	n	1	wordlist-3
fish	n	3	wordlist-1,wordlist-2,wordlist-3
fish	v	1	wordlist-2
fit	adj	2	wordlist-1,wordlist-3
fit	v	3	wordlist-1,wordlist-2,wordlist-3
five	num	3	wordlist-1,wordlist-2,wordlist-3
fix	v	2	wordlist-1,wordlist-2
flame	n	1	wordlist-3
flash	n	1	wordlist-2
flash	v	2	wordlist-2,wordlist-3
flat	adj	3	wordlist-1,wordlist-2,wordlist-3
flavor	n	1	wordlist-3
flavour	n	2	wordlist-2,wordlist-3
flexibility	n	1	wordlist-3
flexible	adj	2	wordlist-1,wordlist-3
flight	n	1	wordlist-2
float	v	1	wordlist-1
flood	n	1	wordlist-2
flood	v	1	wordlist-2
floor	n	2	wordlist-1,wordlist-2
flow	v	2	wordlist-1,wordlist-2
flower	n	3	wordlist-1,wordlist-2,wordlist-3
flu	n	2	wordlist-1,wordlist-3
fly	n	1	wordlist-2
fly	v	3	wordlist-1,wordlist-2,wordlist-3
focus	n	2	wordlist-1,wordlist-2
focus	v	2	wordlist-1,wordlist-2
fog	n	1	wordlist-2
fold	n	1	wordlist-2
fold	v	3	wordlist-1,wordlist-2,wordlist-3
folder	n	1	wordlist-1
follow	v	3	wordlist-1,wordlist-2,wordlist-3
follower	n	1	wordlist-1
following	adj	1	wordlist-1
following	prep	1	wordlist-3
food	n	3	wordlist-1,wordlist-2,wordlist-3
fool	n	1	wordlist-2
foolish	adj	1	wordlist-2
foot	n	3	wordlist-1,wordlist-2,wordlist-3
for	conj	1	wordlist-2
for	prep	3	wordlist-1,wordlist-2,wordlist-3
for example	phr	1	wordlist-1
force	n	2	wordlist-2,wordlist-3
force	v	2	wordlist-2,wordlist-3
foreign	adj	3	wordlist-1,wordlist-2,wordlist-3
forest	n	2	wordlist-1,wordlist-2
forever	adv	1	wordlist-2
forget	v	3	wordlist-1,wordlist-2,wordlist-3
forgive	v	2	wordlist-1,wordlist-3
forgiveness	n	1	wordlist-1
fork	n	3	wordlist-1,wordlist-2,wordlist-3
form	n	3	wordlist-1,wordlist-2,wordlist-3
form	v	3	wordlist-1,wordlist-2,wordlist-3
formal	adj	1	wordlist-2
former	adj	1	wordlist-1
fortunately	adv	1	wordlist-3
forward	adv	3	wordlist-1,wordlist-2,wordlist-3
fountain	n	1	wordlist-3
four	num	3	wordlist-1,wordlist-2,wordlist-3
fracture	n	1	wordlist-3
freckle	n	1	wordlist-3
free	adj	3	wordlist-1,wordlist-2,wordlist-3
freedom	n	2	wordlist-1,wordlist-2
freeze	v	2	wordlist-1,wordlist-2
frequent	adj	1	wordlist-3
fresh	adj	2	wordlist-1,wordlist-3
fridge	n	1	wordlist-1
friend	n	3	wordlist-1,wordlist-2,wordlist-3
friendly	adj	3	wordlist-1,wordlist-2,wordlist-3
friendship	n	2	wordlist-1,wordlist-2
from	prep	3	wordlist-1,wordlist-2,wordlist-3
front	n	3	wordlist-1,wordlist-2,wordlist-3
frost	n	1	wordlist-2
frown	n	1	wordlist-3
frozen	adj	1	wordlist-1
fruit	n	3	wordlist-1,wordlist-2,wordlist-3
fry	v	2	wordlist-1,wordlist-3
ft	abbr	2	wordlist-1,wordlist-3
fuel	n	1	wordlist-1
full	adj	3	wordlist-1,wordlist-2,wordlist-3
full-time	adj	1	wordlist-1
fully	adv	2	wordlist-1,wordlist-3
fun	adj	2	wordlist-1,wordlist-3
fun	n	3	wordlist-1,wordlist-2,wordlist-3
funeral	n	3	wordlist-1,wordlist-2,wordlist-3
funny	adj	3	wordlist-1,wordlist-2,wordlist-3
fur	n	2	wordlist-2,wordlist-3
furniture	n	2	wordlist-1,wordlist-2
future	adj	2	wordlist-2,wordlist-3
future	n	3	wordlist-1,wordlist-2,wordlist-3
g	abbr	1	wordlist-1
gain	n	1	wordlist-2
gain	v	1	wordlist-2
game	n	3	wordlist-1,wordlist-2,wordlist-3
garage	n	1	wordlist-1
garden	n	3	wordlist-1,wordlist-2,wordlist-3
gas	n	3	wordlist-1,wordlist-2,wordlist-3
gate	n	3	wordlist-1,wordlist-2,wordlist-3
gather	v	2	wordlist-2,wordlist-3
gear	n	1	wordlist-1
gear	v	1	wordlist-1
gender	n	1	wordlist-2
general	adj	2	wordlist-1,wordlist-2
generally	adv	3	wordlist-1,wordlist-2,wordlist-3
generation	n	2	wordlist-2,wordlist-3
generous	adj	3	wordlist-1,wordlist-2,wordlist-3
genius	n	1	wordlist-2
gentle	adj	2	wordlist-1,wordlist-2
geo-	comb	1	wordlist-1
germ	n	1	wordlist-3
get	v	3	wordlist-1,wordlist-2,wordlist-3
get away	phrv	1	wordlist-1
get back	phrv	2	wordlist-1,wordlist-2
get in	phrv	1	wordlist-1
get off	phrv	1	wordlist-3
get on	phrv	1	wordlist-3
get out	phrv	1	wordlist-1
get over	phrv	1	wordlist-1
get up	phrv	3	wordlist-1,wordlist-2,wordlist-3
girl	n	3	wordlist-1,wordlist-2,wordlist-3
give	v	3	wordlist-1,wordlist-2,wordlist-3
give back	phrv	2	wordlist-1,wordlist-2
give up	phrv	3	wordlist-1,wordlist-2,wordlist-3
gland	n	1	wordlist-3
glass	n	3	wordlist-1,wordlist-2,wordlist-3
glasses	n	3	wordlist-1,wordlist-2,wordlist-3
glove	n	3	wordlist-1,wordlist-2,wordlist-3
glow	v	2	wordlist-2,wordlist-3
glue	n	1	wordlist-2
glue	v	1	wordlist-2
go	v	3	wordlist-1,wordlist-2,wordlist-3
go away	phrv	1	wordlist-1
go back	phrv	3	wordlist-1,wordlist-2,wordlist-3
go in	phrv	1	wordlist-1
go on	phrv	3	wordlist-1,wordlist-2,wordlist-3
go out	phrv	3	wordlist-1,wordlist-2,wordlist-3
go over	phrv	1	wordlist-1
go through	phrv	1	wordlist-1
go to bed	phr	1	wordlist-3
goal	n	2	wordlist-1,wordlist-3
goat	n	2	wordlist-2,wordlist-3
god	n	3	wordlist-1,wordlist-2,wordlist-3
gold	adj	1	wordlist-2
gold	n	1	wordlist-2
good	adj	2	wordlist-1,wordlist-2
good morning	phr	2	wordlist-2,wordlist-3
good night	phr	2	wordlist-2,wordlist-3
goodbye	interj	3	wordlist-1,wordlist-2,wordlist-3
goodbye	n	1	wordlist-2
goods	n	2	wordlist-1,wordlist-2
gosh	interj	1	wordlist-3
govern	v	1	wordlist-2
government	n	3	wordlist-1,wordlist-2,wordlist-3
governor	n	1	wordlist-3
grab	n	1	wordlist-2
grab	v	1	wordlist-2
grace	n	1	wordlist-3
graft	v	1	wordlist-3
grain	n	2	wordlist-2,wordlist-3
grammar	n	1	wordlist-1
grandchild	n	3	wordlist-1,wordlist-2,wordlist-3
granddaughter	n	2	wordlist-2,wordlist-3
grandfather	n	3	wordlist-1,wordlist-2,wordlist-3
grandmother	n	3	wordlist-1,wordlist-2,wordlist-3
grandparent	n	3	wordlist-1,wordlist-2,wordlist-3
grandson	n	2	wordlist-2,wordlist-3
grass	n	3	wordlist-1,wordlist-2,wordlist-3
grateful	adj	2	wordlist-1,wordlist-3
grave	n	2	wordlist-1,wordlist-2
graze	v	1	wordlist-2
great	adj	2	wordlist-1,wordlist-2
greatly	adv	1	wordlist-2
green	adj	2	wordlist-2,wordlist-3
greeting	n	1	wordlist-2
greetings	interj	1	wordlist-3
grey	adj	1	wordlist-2
grief	n	1	wordlist-2
grill	v	1	wordlist-3
ground	n	2	wordlist-1,wordlist-2
group	n	3	wordlist-1,wordlist-2,wordlist-3
grow	v	3	wordlist-1,wordlist-2,wordlist-3
grow up	phrv	3	wordlist-1,wordlist-2,wordlist-3
grow up	v	1	wordlist-2
growth	n	2	wordlist-2,wordlist-3
guard	n	2	wordlist-2,wordlist-3
guard	v	2	wordlist-2,wordlist-3
guess	n	3	wordlist-1,wordlist-2,wordlist-3
guess	v	3	wordlist-1,wordlist-2,wordlist-3
guest	n	2	wordlist-1,wordlist-2
guide	n	1	wordlist-2
guide	v	1	wordlist-2
guilt	n	3	wordlist-1,wordlist-2,wordlist-3
guilty	adj	3	wordlist-1,wordlist-2,wordlist-3
guitar	n	1	wordlist-3
gun	n	2	wordlist-1,wordlist-2
habit	n	3	wordlist-1,wordlist-2,wordlist-3
hair	n	2	wordlist-1,wordlist-2
half	det	2	wordlist-2,wordlist-3
half	n	3	wordlist-1,wordlist-2,wordlist-3
half	pron	1	wordlist-2
half-brother	n	1	wordlist-3
half-sister	n	1	wordlist-3
hall	n	2	wordlist-1,wordlist-3
hand	n	3	wordlist-1,wordlist-2,wordlist-3
hand over	phrv	1	wordlist-3
handle	n	2	wordlist-1,wordlist-2
handle	v	2	wordlist-1,wordlist-2
handsome	adj	2	wordlist-1,wordlist-3
hang	v	2	wordlist-2,wordlist-3
hang up	phrv	1	wordlist-3
happen	v	2	wordlist-1,wordlist-2
happen to	phrv	1	wordlist-3
happy	adj	3	wordlist-1,wordlist-2,wordlist-3
hard	adj	3	wordlist-1,wordlist-2,wordlist-3
hard	adv	3	wordlist-1,wordlist-2,wordlist-3
harden	v	1	wordlist-3
hardly	adv	2	wordlist-2,wordlist-3
hardness	n	1	wordlist-3
hardware	n	1	wordlist-1
harm	n	2	wordlist-2,wordlist-3
harm	v	2	wordlist-2,wordlist-3
harvest	n	1	wordlist-2
harvest	v	2	wordlist-2,wordlist-3
hat	n	3	wordlist-1,wordlist-2,wordlist-3
hate	n	2	wordlist-2,wordlist-3
hate	v	3	wordlist-1,wordlist-2,wordlist-3
have	aux	3	wordlist-1,wordlist-2,wordlist-3
have	v	3	wordlist-1,wordlist-2,wordlist-3
hay	n	1	wordlist-2
he	pron	3	wordlist-1,wordlist-2,wordlist-3
head	n	3	wordlist-1,wordlist-2,wordlist-3
heal	v	3	wordlist-1,wordlist-2,wordlist-3
health	n	3	wordlist-1,wordlist-2,wordlist-3
healthy	adj	3	wordlist-1,wordlist-2,wordlist-3
hear	v	3	wordlist-1,wordlist-2,wordlist-3
hearing	n	1	wordlist-3
heart	n	3	wordlist-1,wordlist-2,wordlist-3
heart attack	n	1	wordlist-3
heat	n	3	wordlist-1,wordlist-2,wordlist-3
heat	v	3	wordlist-1,wordlist-2,wordlist-3
heavy	adj	3	wordlist-1,wordlist-2,wordlist-3
height	n	3	wordlist-1,wordlist-2,wordlist-3
hello	interj	3	wordlist-1,wordlist-2,wordlist-3
hello	n	1	wordlist-2
help	n	2	wordlist-1,wordlist-3
help	v	3	wordlist-1,wordlist-2,wordlist-3
helpful	adj	1	wordlist-1
her	det	2	wordlist-1,wordlist-3
her	pron	1	wordlist-1
herb	n	1	wordlist-3
here	adv	3	wordlist-1,wordlist-2,wordlist-3
hers	pron	1	wordlist-1
herself	pron	1	wordlist-3
hey	interj	3	wordlist-1,wordlist-2,wordlist-3
hi	interj	3	wordlist-1,wordlist-2,wordlist-3
hidden	adj	1	wordlist-2
hide	v	1	wordlist-2
high	adj	3	wordlist-1,wordlist-2,wordlist-3
high	adv	1	wordlist-2
highly	adv	1	wordlist-3
highway	n	1	wordlist-3
hill	n	2	wordlist-1,wordlist-2
him	pron	2	wordlist-1,wordlist-3
himself	pron	1	wordlist-3
hire	v	2	wordlist-1,wordlist-2
his	det	2	wordlist-1,wordlist-3
his	pron	1	wordlist-1
historic	adj	1	wordlist-3
hit	n	2	wordlist-2,wordlist-3
hit	v	3	wordlist-1,wordlist-2,wordlist-3
hive	n	1	wordlist-3
hmm	interj	2	wordlist-1,wordlist-3
hobby	n	3	wordlist-1,wordlist-2,wordlist-3
hold	v	3	wordlist-1,wordlist-2,wordlist-3
hold on	phrv	3	wordlist-1,wordlist-2,wordlist-3
hold up	phrv	1	wordlist-2
hole	n	1	wordlist-1
holiday	n	1	wordlist-2
holy	adj	2	wordlist-1,wordlist-2
home	n	3	wordlist-1,wordlist-2,wordlist-3
honest	adj	3	wordlist-1,wordlist-2,wordlist-3
honestly	adv	1	wordlist-3
honesty	n	2	wordlist-1,wordlist-2
honey	n	1	wordlist-3
hoof	n	1	wordlist-3
hooray	interj	1	wordlist-1
hope	n	3	wordlist-1,wordlist-2,wordlist-3
hope	v	3	wordlist-1,wordlist-2,wordlist-3
horn	n	2	wordlist-2,wordlist-3
horse	n	2	wordlist-2,wordlist-3
hospital	n	3	wordlist-1,wordlist-2,wordlist-3
host	n	2	wordlist-1,wordlist-2
hot	adj	3	wordlist-1,wordlist-2,wordlist-3
hotel	n	1	wordlist-1
hour	n	3	wordlist-1,wordlist-2,wordlist-3
house	n	3	wordlist-1,wordlist-2,wordlist-3
how	adv	3	wordlist-1,wordlist-2,wordlist-3
howdy	interj	1	wordlist-3
however	adv	2	wordlist-1,wordlist-2
hr.	abbr	2	wordlist-1,wordlist-2
hue	n	1	wordlist-3
hug	v	1	wordlist-1
human	adj	2	wordlist-1,wordlist-2
human	n	1	wordlist-2
humor	n	2	wordlist-2,wordlist-3
humour	n	1	wordlist-3
hundred	num	3	wordlist-1,wordlist-2,wordlist-3
hungry	adj	2	wordlist-1,wordlist-3
hurt	adj	2	wordlist-2,wordlist-3
hurt	v	3	wordlist-1,wordlist-2,wordlist-3
husband	n	3	wordlist-1,wordlist-2,wordlist-3
i	pron	3	wordlist-1,wordlist-2,wordlist-3
i.e.	abbr	3	wordlist-1,wordlist-2,wordlist-3
ice	n	3	wordlist-1,wordlist-2,wordlist-3
ice	v	1	wordlist-1
id	abbr	2	wordlist-1,wordlist-2
idea	n	3	wordlist-1,wordlist-2,wordlist-3
if	conj	3	wordlist-1,wordlist-2,wordlist-3
ill	adj	3	wordlist-1,wordlist-2,wordlist-3
illegal	adj	2	wordlist-2,wordlist-3
illness	n	3	wordlist-1,wordlist-2,wordlist-3
image	n	1	wordlist-3
imagine	v	3	wordlist-1,wordlist-2,wordlist-3
immediately	adv	3	wordlist-1,wordlist-2,wordlist-3
impatient	adj	1	wordlist-1
importance	n	2	wordlist-1,wordlist-3
important	adj	2	wordlist-1,wordlist-2
impossible	adj	2	wordlist-1,wordlist-2
improve	v	1	wordlist-1
improvement	n	1	wordlist-3
in	abbr	1	wordlist-3
in	adv	3	wordlist-1,wordlist-2,wordlist-3
in	prep	3	wordlist-1,wordlist-2,wordlist-3
in fact	phr	1	wordlist-1
in-	prefix	2	wordlist-1,wordlist-2
in-law	n	1	wordlist-3
in.	abbr	1	wordlist-1
inc	abbr	1	wordlist-3
include	v	2	wordlist-1,wordlist-2
including	prep	1	wordlist-3
income	n	1	wordlist-1
increase	n	2	wordlist-2,wordlist-3
increase	v	3	wordlist-1,wordlist-2,wordlist-3
indeed	adv	2	wordlist-2,wordlist-3
individual	adj	1	wordlist-2
individual	n	1	wordlist-2
indoor	adj	1	wordlist-1
industrial	adj	1	wordlist-2
industry	n	1	wordlist-2
infect	v	2	wordlist-2,wordlist-3
infection	n	3	wordlist-1,wordlist-2,wordlist-3
influence	n	1	wordlist-3
influence	v	1	wordlist-3
info	abbr	2	wordlist-1,wordlist-2
inform	v	1	wordlist-2
informal	adj	1	wordlist-2
information	n	3	wordlist-1,wordlist-2,wordlist-3
inject	v	1	wordlist-3
injection	n	2	wordlist-1,wordlist-3
injure	v	2	wordlist-2,wordlist-3
injury	n	3	wordlist-1,wordlist-2,wordlist-3
innocent	adj	3	wordlist-1,wordlist-2,wordlist-3
insane	adj	1	wordlist-3
insect	n	2	wordlist-2,wordlist-3
inside	adv	3	wordlist-1,wordlist-2,wordlist-3
inside	n	2	wordlist-1,wordlist-3
inside	prep	3	wordlist-1,wordlist-2,wordlist-3
install	v	1	wordlist-1
instead	adv	2	wordlist-1,wordlist-2
instrument	n	3	wordlist-1,wordlist-2,wordlist-3
intelligence	n	1	wordlist-3
intend	v	2	wordlist-1,wordlist-2
intention	n	2	wordlist-1,wordlist-2
inter-	prefix	2	wordlist-1,wordlist-2
interest	n	3	wordlist-1,wordlist-2,wordlist-3
interest	v	3	wordlist-1,wordlist-2,wordlist-3
interested	adj	1	wordlist-1
international	adj	1	wordlist-3
internet	n	1	wordlist-1
into	prep	3	wordlist-1,wordlist-2,wordlist-3
introduce	v	2	wordlist-1,wordlist-3
invest	n	1	wordlist-1
invest	v	2	wordlist-1,wordlist-2
invite	v	2	wordlist-1,wordlist-3
involve	v	2	wordlist-1,wordlist-2
iron	n	2	wordlist-2,wordlist-3
iron	v	1	wordlist-3
island	n	2	wordlist-1,wordlist-2
issue	n	1	wordlist-3
it	pron	3	wordlist-1,wordlist-2,wordlist-3
itch	v	1	wordlist-3
item	n	1	wordlist-3
its	det	2	wordlist-1,wordlist-3
itself	pron	1	wordlist-3
jacket	n	2	wordlist-1,wordlist-2
jail	n	1	wordlist-3
jealous	adj	3	wordlist-1,wordlist-2,wordlist-3
jewel	n	1	wordlist-2
jewelry	n	2	wordlist-1,wordlist-3
job	n	2	wordlist-1,wordlist-2
join	v	2	wordlist-1,wordlist-2
joint	n	1	wordlist-3
joke	n	2	wordlist-1,wordlist-3
journey	n	3	wordlist-1,wordlist-2,wordlist-3
joy	n	2	wordlist-2,wordlist-3
judge	n	3	wordlist-1,wordlist-2,wordlist-3
judge	v	3	wordlist-1,wordlist-2,wordlist-3
judgment	n	1	wordlist-2
juice	n	2	wordlist-1,wordlist-3
jump	v	3	wordlist-1,wordlist-2,wordlist-3
jungle	n	1	wordlist-2
jury	n	1	wordlist-3
just	adj	1	wordlist-3
just	adv	3	wordlist-1,wordlist-2,wordlist-3
justice	n	2	wordlist-1,wordlist-2
keep	v	3	wordlist-1,wordlist-2,wordlist-3
keep on	phrv	2	wordlist-1,wordlist-2
keep up	phrv	2	wordlist-2,wordlist-3
key	n	3	wordlist-1,wordlist-2,wordlist-3
keyboard	n	1	wordlist-1
kg	abbr	2	wordlist-1,wordlist-2
kick	v	1	wordlist-2
kidney	n	2	wordlist-1,wordlist-3
kill	v	3	wordlist-1,wordlist-2,wordlist-3
kind	adj	3	wordlist-1,wordlist-2,wordlist-3
kind	n	3	wordlist-1,wordlist-2,wordlist-3
kindness	n	3	wordlist-1,wordlist-2,wordlist-3
king	n	2	wordlist-2,wordlist-3
kiss	v	1	wordlist-1
kitchen	n	3	wordlist-1,wordlist-2,wordlist-3
km	abbr	2	wordlist-1,wordlist-2
knee	n	1	wordlist-2
knife	n	3	wordlist-1,wordlist-2,wordlist-3
knock	n	1	wordlist-2
knock	v	1	wordlist-2
knock over	phrv	1	wordlist-3
know	v	3	wordlist-1,wordlist-2,wordlist-3
knowledge	n	3	wordlist-1,wordlist-2,wordlist-3
l	abbr	1	wordlist-1
lab	abbr	1	wordlist-2
laboratory	n	1	wordlist-2
lake	n	2	wordlist-1,wordlist-2
lame	adj	1	wordlist-3
lamp	n	2	wordlist-1,wordlist-2
land	n	3	wordlist-1,wordlist-2,wordlist-3
land	v	2	wordlist-1,wordlist-2
lane	n	1	wordlist-3
language	n	2	wordlist-1,wordlist-2
large	adj	3	wordlist-1,wordlist-2,wordlist-3
largely	adv	1	wordlist-3
last	adj	3	wordlist-1,wordlist-2,wordlist-3
last	adv	3	wordlist-1,wordlist-2,wordlist-3
late	adj	3	wordlist-1,wordlist-2,wordlist-3
late	adv	3	wordlist-1,wordlist-2,wordlist-3
later	adv	2	wordlist-1,wordlist-3
laugh	n	1	wordlist-3
laugh	v	1	wordlist-3
laundry	n	1	wordlist-3
law	n	3	wordlist-1,wordlist-2,wordlist-3
lawyer	n	1	wordlist-1
lay	v	3	wordlist-1,wordlist-2,wordlist-3
layer	n	1	wordlist-2
lazy	adj	3	wordlist-1,wordlist-2,wordlist-3
lb	abbr	2	wordlist-1,wordlist-3
lead	v	3	wordlist-1,wordlist-2,wordlist-3
lead to	phrv	1	wordlist-2
leader	n	3	wordlist-1,wordlist-2,wordlist-3
leaf	n	3	wordlist-1,wordlist-2,wordlist-3
leak	v	1	wordlist-1
learn	v	3	wordlist-1,wordlist-2,wordlist-3
least	adv	2	wordlist-1,wordlist-2
least	det	3	wordlist-1,wordlist-2,wordlist-3
leather	n	3	wordlist-1,wordlist-2,wordlist-3
leave	v	3	wordlist-1,wordlist-2,wordlist-3
leave out	phrv	1	wordlist-1
left	adj	1	wordlist-2
left	adv	2	wordlist-1,wordlist-3
left	n	1	wordlist-2
leg	n	3	wordlist-1,wordlist-2,wordlist-3
legal	adj	3	wordlist-1,wordlist-2,wordlist-3
leisure	n	1	wordlist-3
lend	v	1	wordlist-2
length	n	3	wordlist-1,wordlist-2,wordlist-3
less	adv	2	wordlist-1,wordlist-2
less	det	3	wordlist-1,wordlist-2,wordlist-3
lesson	n	2	wordlist-1,wordlist-2
lest	conj	1	wordlist-2
let	v	2	wordlist-2,wordlist-3
letter	n	2	wordlist-1,wordlist-2
level	adj	2	wordlist-2,wordlist-3
level	n	3	wordlist-1,wordlist-2,wordlist-3
lever	n	1	wordlist-1
library	n	2	wordlist-1,wordlist-3
lid	n	1	wordlist-1
lie	n	1	wordlist-2
lie	v	3	wordlist-1,wordlist-2,wordlist-3
lie down	phrv	2	wordlist-2,wordlist-3
life	n	2	wordlist-1,wordlist-2
lift	n	2	wordlist-1,wordlist-2
lift	v	2	wordlist-1,wordlist-2
light	adj	3	wordlist-1,wordlist-2,wordlist-3
light	n	3	wordlist-1,wordlist-2,wordlist-3
light	v	2	wordlist-2,wordlist-3
lightning	n	1	wordlist-2
like	adj	1	wordlist-2
like	conj	1	wordlist-3
like	prep	3	wordlist-1,wordlist-2,wordlist-3
like	v	3	wordlist-1,wordlist-2,wordlist-3
likely	adj	2	wordlist-1,wordlist-2
likely	adv	1	wordlist-2
limit	n	2	wordlist-2,wordlist-3
limit	v	2	wordlist-2,wordlist-3
line	n	3	wordlist-1,wordlist-2,wordlist-3
link	n	1	wordlist-1
lion	n	1	wordlist-2
lip	n	1	wordlist-3
liquid	adj	2	wordlist-1,wordlist-3
liquid	n	3	wordlist-1,wordlist-2,wordlist-3
list	n	2	wordlist-1,wordlist-2
list	v	2	wordlist-1,wordlist-2
listen	v	3	wordlist-1,wordlist-2,wordlist-3
listen to	phrv	1	wordlist-3
listener	n	1	wordlist-1
little	adj	3	wordlist-1,wordlist-2,wordlist-3
little	det	3	wordlist-1,wordlist-2,wordlist-3
live	v	3	wordlist-1,wordlist-2,wordlist-3
liver	n	2	wordlist-1,wordlist-3
livestock	n	1	wordlist-3
living	adj	1	wordlist-1
living room	n	1	wordlist-1
load	n	2	wordlist-1,wordlist-2
load	v	1	wordlist-2
loan	n	2	wordlist-1,wordlist-2
loan	v	1	wordlist-1
local	adj	3	wordlist-1,wordlist-2,wordlist-3
lock	n	2	wordlist-1,wordlist-2
lock	v	2	wordlist-1,wordlist-2
logical	adj	1	wordlist-3
lonely	adj	3	wordlist-1,wordlist-2,wordlist-3
long	adj	3	wordlist-1,wordlist-2,wordlist-3
look	n	3	wordlist-1,wordlist-2,wordlist-3
look	v	2	wordlist-2,wordlist-3
look after	phrv	2	wordlist-1,wordlist-2
look at	phrv	2	wordlist-1,wordlist-3
look back	phrv	1	wordlist-3
look for	phrv	3	wordlist-1,wordlist-2,wordlist-3
look like	phrv	3	wordlist-1,wordlist-2,wordlist-3
look out	phrv	1	wordlist-3
look up	phrv	1	wordlist-3
loose	adj	3	wordlist-1,wordlist-2,wordlist-3
lose	v	3	wordlist-1,wordlist-2,wordlist-3
loser	n	1	wordlist-1
loss	n	3	wordlist-1,wordlist-2,wordlist-3
lot	n	1	wordlist-3
lotion	n	1	wordlist-3
loud	adj	3	wordlist-1,wordlist-2,wordlist-3
love	n	3	wordlist-1,wordlist-2,wordlist-3
love	v	3	wordlist-1,wordlist-2,wordlist-3
low	adj	3	wordlist-1,wordlist-2,wordlist-3
low	adv	1	wordlist-2
loyal	adj	1	wordlist-3
ltd	abbr	1	wordlist-3
lunch	n	3	wordlist-1,wordlist-2,wordlist-3
lung	n	3	wordlist-1,wordlist-2,wordlist-3
m	abbr	1	wordlist-1
machine	n	1	wordlist-1
macro-	comb	1	wordlist-2
magic	adj	1	wordlist-3
magic	n	1	wordlist-3
main	adj	2	wordlist-1,wordlist-2
mainly	adv	2	wordlist-2,wordlist-3
make	v	3	wordlist-1,wordlist-2,wordlist-3
make up	phrv	3	wordlist-1,wordlist-2,wordlist-3
makeup	n	2	wordlist-1,wordlist-3
male	adj	2	wordlist-1,wordlist-2
male	n	1	wordlist-2
mammal	n	2	wordlist-2,wordlist-3
man	n	3	wordlist-1,wordlist-2,wordlist-3
manage	v	2	wordlist-1,wordlist-2
manager	n	2	wordlist-1,wordlist-2
manner	n	2	wordlist-2,wordlist-3
manure	n	1	wordlist-3
many	det	3	wordlist-1,wordlist-2,wordlist-3
many	pron	1	wordlist-2
map	n	3	wordlist-1,wordlist-2,wordlist-3
mark	n	2	wordlist-1,wordlist-2
mark	v	1	wordlist-2
market	n	3	wordlist-1,wordlist-2,wordlist-3
marriage	n	3	wordlist-1,wordlist-2,wordlist-3
married	adj	2	wordlist-1,wordlist-2
marry	v	3	wordlist-1,wordlist-2,wordlist-3
mass	n	1	wordlist-3
match	n	2	wordlist-1,wordlist-2
match	v	1	wordlist-3
mate	n	1	wordlist-2
material	n	3	wordlist-1,wordlist-2,wordlist-3
matter	n	3	wordlist-1,wordlist-2,wordlist-3
matter	v	1	wordlist-1
may	modal	3	wordlist-1,wordlist-2,wordlist-3
maybe	adv	3	wordlist-1,wordlist-2,wordlist-3
mayor	n	1	wordlist-3
me	pron	2	wordlist-1,wordlist-3
meal	n	3	wordlist-1,wordlist-2,wordlist-3
mean	adj	2	wordlist-1,wordlist-3
mean	v	3	wordlist-1,wordlist-2,wordlist-3
meaning	n	3	wordlist-1,wordlist-2,wordlist-3
measure	n	3	wordlist-1,wordlist-2,wordlist-3
measure	v	3	wordlist-1,wordlist-2,wordlist-3
measurement	n	1	wordlist-3
meat	n	3	wordlist-1,wordlist-2,wordlist-3
mechanical	adj	1	wordlist-1
medical	adj	1	wordlist-2
medicine	n	3	wordlist-1,wordlist-2,wordlist-3
meet	v	2	wordlist-1,wordlist-3
melt	v	2	wordlist-1,wordlist-2
member	n	2	wordlist-1,wordlist-2
memory	n	3	wordlist-1,wordlist-2,wordlist-3
mend	v	1	wordlist-2
mental	adj	3	wordlist-1,wordlist-2,wordlist-3
mention	n	1	wordlist-2
mention	v	2	wordlist-1,wordlist-2
menu	n	1	wordlist-1
merely	adv	1	wordlist-3
message	n	2	wordlist-1,wordlist-2
messy	adj	1	wordlist-3
metal	n	3	wordlist-1,wordlist-2,wordlist-3
method	n	3	wordlist-1,wordlist-2,wordlist-3
micro-	comb	2	wordlist-1,wordlist-2
mid-	comb	1	wordlist-2
middle	adj	1	wordlist-2
middle	n	3	wordlist-1,wordlist-2,wordlist-3
midnight	n	2	wordlist-2,wordlist-3
might	modal	2	wordlist-2,wordlist-3
military	adj	2	wordlist-2,wordlist-3
military	n	1	wordlist-2
milk	n	3	wordlist-1,wordlist-2,wordlist-3
milk	v	1	wordlist-2
million	num	3	wordlist-1,wordlist-2,wordlist-3
min.	abbr	2	wordlist-1,wordlist-2
mind	n	3	wordlist-1,wordlist-2,wordlist-3
mind	v	1	wordlist-2
mine	pron	1	wordlist-1
minister	n	3	wordlist-1,wordlist-2,wordlist-3
minus	prep	1	wordlist-3
minute	n	3	wordlist-1,wordlist-2,wordlist-3
mirror	n	2	wordlist-1,wordlist-2
mis-	prefix	2	wordlist-1,wordlist-2
mistake	n	2	wordlist-1,wordlist-2
mix	v	3	wordlist-1,wordlist-2,wordlist-3
ml	abbr	1	wordlist-1
mm	abbr	2	wordlist-1,wordlist-2
modern	adj	2	wordlist-1,wordlist-3
modest	adj	1	wordlist-2
mole	n	1	wordlist-3
moment	n	2	wordlist-2,wordlist-3
money	n	3	wordlist-1,wordlist-2,wordlist-3
month	n	3	wordlist-1,wordlist-2,wordlist-3
monthly	adj	2	wordlist-2,wordlist-3
monthly	adv	1	wordlist-2
mood	n	3	wordlist-1,wordlist-2,wordlist-3
moon	n	2	wordlist-1,wordlist-2
more	adv	2	wordlist-1,wordlist-2
more	det	3	wordlist-1,wordlist-2,wordlist-3
more	pron	1	wordlist-2
morning	n	3	wordlist-1,wordlist-2,wordlist-3
most	adv	2	wordlist-1,wordlist-2
most	det	3	wordlist-1,wordlist-2,wordlist-3
most	pron	1	wordlist-2
mostly	adv	2	wordlist-2,wordlist-3
mother	n	3	wordlist-1,wordlist-2,wordlist-3
mother-in-law	n	1	wordlist-3
motor	n	2	wordlist-1,wordlist-3
mountain	n	2	wordlist-1,wordlist-2
mouse	n	1	wordlist-1
mouth	n	3	wordlist-1,wordlist-2,wordlist-3
move	n	2	wordlist-1,wordlist-2
move	v	3	wordlist-1,wordlist-2,wordlist-3
move in	phrv	1	wordlist-1
move on	phrv	2	wordlist-2,wordlist-3
move out	phrv	1	wordlist-1
movement	n	1	wordlist-2
movie	n	1	wordlist-3
mph	abbr	2	wordlist-1,wordlist-3
mr	abbr	1	wordlist-3
mrs	abbr	1	wordlist-3
much	adv	2	wordlist-1,wordlist-2
much	det	3	wordlist-1,wordlist-2,wordlist-3
much	pron	1	wordlist-2
mud	n	3	wordlist-1,wordlist-2,wordlist-3
multi-	comb	1	wordlist-2
multiply	v	1	wordlist-1
murder	n	1	wordlist-3
murder	v	1	wordlist-3
muscle	n	3	wordlist-1,wordlist-2,wordlist-3
museum	n	1	wordlist-3
music	n	3	wordlist-1,wordlist-2,wordlist-3
musical	adj	2	wordlist-1,wordlist-2
musician	n	2	wordlist-1,wordlist-2
must	modal	3	wordlist-1,wordlist-2,wordlist-3
my	det	2	wordlist-1,wordlist-3
myself	pron	1	wordlist-3
naked	adj	2	wordlist-1,wordlist-2
name	n	2	wordlist-1,wordlist-2
name	v	3	wordlist-1,wordlist-2,wordlist-3
narrow	adj	3	wordlist-1,wordlist-2,wordlist-3
nation	n	3	wordlist-1,wordlist-2,wordlist-3
national	adj	1	wordlist-3
natural	adj	2	wordlist-1,wordlist-2
naturally	adv	2	wordlist-2,wordlist-3
nature	n	3	wordlist-1,wordlist-2,wordlist-3
near	adj	2	wordlist-1,wordlist-2
near	adv	3	wordlist-1,wordlist-2,wordlist-3
near	prep	3	wordlist-1,wordlist-2,wordlist-3
nearby	adj	1	wordlist-1
nearly	adv	2	wordlist-2,wordlist-3
neat	adj	2	wordlist-2,wordlist-3
necessarily	adv	1	wordlist-2
necessary	adj	2	wordlist-1,wordlist-2
neck	n	3	wordlist-1,wordlist-2,wordlist-3
necklace	n	1	wordlist-1
need	n	2	wordlist-1,wordlist-3
need	v	3	wordlist-1,wordlist-2,wordlist-3
negative	adj	1	wordlist-1
neighbor	n	2	wordlist-1,wordlist-3
neighbour	n	1	wordlist-2
neighbourhood	n	1	wordlist-1
neither	conj	1	wordlist-3
neither	det	2	wordlist-1,wordlist-2
neither	pron	2	wordlist-1,wordlist-2
nephew	n	2	wordlist-2,wordlist-3
nerve	n	2	wordlist-2,wordlist-3
nervous	adj	3	wordlist-1,wordlist-2,wordlist-3
nest	n	1	wordlist-2
nest	v	1	wordlist-2
network	n	1	wordlist-1
never	adv	3	wordlist-1,wordlist-2,wordlist-3
new	adj	3	wordlist-1,wordlist-2,wordlist-3
news	n	2	wordlist-1,wordlist-2
next	adj	3	wordlist-1,wordlist-2,wordlist-3
next	adv	2	wordlist-1,wordlist-2
nice	adj	2	wordlist-1,wordlist-2
niece	n	2	wordlist-2,wordlist-3
night	n	3	wordlist-1,wordlist-2,wordlist-3
nine	num	3	wordlist-1,wordlist-2,wordlist-3
no	abbr	1	wordlist-3
no	adv	2	wordlist-1,wordlist-3
no	det	3	wordlist-1,wordlist-2,wordlist-3
no	interj	2	wordlist-2,wordlist-3
no.	abbr	2	wordlist-1,wordlist-2
nobody	pron	1	wordlist-2
noise	n	2	wordlist-2,wordlist-3
noisy	adj	2	wordlist-1,wordlist-2
non-	prefix	2	wordlist-1,wordlist-2
none	pron	2	wordlist-1,wordlist-2
noon	n	2	wordlist-2,wordlist-3
nor	conj	3	wordlist-1,wordlist-2,wordlist-3
normal	adj	2	wordlist-1,wordlist-2
normally	adv	3	wordlist-1,wordlist-2,wordlist-3
nose	n	3	wordlist-1,wordlist-2,wordlist-3
not	adv	3	wordlist-1,wordlist-2,wordlist-3
not	conj	1	wordlist-3
note	n	3	wordlist-1,wordlist-2,wordlist-3
note	v	1	wordlist-2
nothing	pron	1	wordlist-2
notice	n	1	wordlist-2
notice	v	3	wordlist-1,wordlist-2,wordlist-3
noun	n	1	wordlist-1
now	adv	3	wordlist-1,wordlist-2,wordlist-3
nowhere	adv	2	wordlist-1,wordlist-2
number	n	3	wordlist-1,wordlist-2,wordlist-3
nurse	n	3	wordlist-1,wordlist-2,wordlist-3
nut	n	1	wordlist-3
obey	v	1	wordlist-3
object	n	2	wordlist-1,wordlist-3
observe	v	2	wordlist-1,wordlist-2
obvious	adj	1	wordlist-2
obviously	adv	2	wordlist-2,wordlist-3
occasional	adj	1	wordlist-3
occur	v	1	wordlist-2
ocean	n	2	wordlist-1,wordlist-2
odd	adj	1	wordlist-2
of	prep	3	wordlist-1,wordlist-2,wordlist-3
of course	phr	2	wordlist-1,wordlist-2
off	adv	3	wordlist-1,wordlist-2,wordlist-3
off	prep	3	wordlist-1,wordlist-2,wordlist-3
offer	n	1	wordlist-1
offer	v	1	wordlist-1
office	n	3	wordlist-1,wordlist-2,wordlist-3
officer	n	1	wordlist-2
official	adj	2	wordlist-2,wordlist-3
official	n	3	wordlist-1,wordlist-2,wordlist-3
often	adv	3	wordlist-1,wordlist-2,wordlist-3
oh	interj	3	wordlist-1,wordlist-2,wordlist-3
oil	n	3	wordlist-1,wordlist-2,wordlist-3
ok	abbr	1	wordlist-2
okay	adv	2	wordlist-2,wordlist-3
okay	interj	3	wordlist-1,wordlist-2,wordlist-3
old	adj	3	wordlist-1,wordlist-2,wordlist-3
on	adv	3	wordlist-1,wordlist-2,wordlist-3
on	prep	3	wordlist-1,wordlist-2,wordlist-3
once	adv	3	wordlist-1,wordlist-2,wordlist-3
once	conj	3	wordlist-1,wordlist-2,wordlist-3
once	n	1	wordlist-1
one	det	1	wordlist-1
one	num	3	wordlist-1,wordlist-2,wordlist-3
one	pron	2	wordlist-1,wordlist-2
online	adj	1	wordlist-1
only	adv	3	wordlist-1,wordlist-2,wordlist-3
only	conj	1	wordlist-3
onto	prep	3	wordlist-1,wordlist-2,wordlist-3
oops	interj	2	wordlist-1,wordlist-3
open	adj	3	wordlist-1,wordlist-2,wordlist-3
open	v	3	wordlist-1,wordlist-2,wordlist-3
operate	v	3	wordlist-1,wordlist-2,wordlist-3
operation	n	2	wordlist-1,wordlist-2
opinion	n	3	wordlist-1,wordlist-2,wordlist-3
opportunity	n	1	wordlist-3
opposite	adj	2	wordlist-1,wordlist-2
opposite	n	1	wordlist-2
or	conj	3	wordlist-1,wordlist-2,wordlist-3
orange	adj	1	wordlist-2
orchard	n	1	wordlist-3
order	n	3	wordlist-1,wordlist-2,wordlist-3
order	v	2	wordlist-1,wordlist-2
organ	n	1	wordlist-3
orphan	n	2	wordlist-2,wordlist-3
other	adj	2	wordlist-1,wordlist-2
other	det	3	wordlist-1,wordlist-2,wordlist-3
other	pron	2	wordlist-1,wordlist-2
otherwise	adv	2	wordlist-1,wordlist-2
ouch	interj	2	wordlist-2,wordlist-3
ought	modal	1	wordlist-2
our	det	2	wordlist-1,wordlist-3
ours	pron	1	wordlist-1
ourselves	pron	1	wordlist-3
out	adv	3	wordlist-1,wordlist-2,wordlist-3
out	prep	3	wordlist-1,wordlist-2,wordlist-3
out-	prefix	2	wordlist-1,wordlist-2
outdoor	adj	1	wordlist-1
outside	adv	3	wordlist-1,wordlist-2,wordlist-3
outside	n	2	wordlist-1,wordlist-3
outside	prep	3	wordlist-1,wordlist-2,wordlist-3
oven	n	3	wordlist-1,wordlist-2,wordlist-3
over	adv	3	wordlist-1,wordlist-2,wordlist-3
over	prep	3	wordlist-1,wordlist-2,wordlist-3
over-	prefix	2	wordlist-1,wordlist-2
ow	interj	1	wordlist-1
owe	v	2	wordlist-1,wordlist-2
own	v	2	wordlist-1,wordlist-3
owner	n	1	wordlist-1
oz	abbr	2	wordlist-1,wordlist-3
p.m.	abbr	2	wordlist-1,wordlist-3
pack	n	2	wordlist-1,wordlist-2
pack	v	3	wordlist-1,wordlist-2,wordlist-3
page	n	2	wordlist-1,wordlist-2
paid	adj	1	wordlist-1
pain	n	3	wordlist-1,wordlist-2,wordlist-3
painful	adj	1	wordlist-2
painkiller	n	1	wordlist-3
paint	n	2	wordlist-2,wordlist-3
paint	v	3	wordlist-1,wordlist-2,wordlist-3
pair	n	1	wordlist-1
pale	adj	2	wordlist-2,wordlist-3
pan	n	3	wordlist-1,wordlist-2,wordlist-3
pants	n	3	wordlist-1,wordlist-2,wordlist-3
paper	n	3	wordlist-1,wordlist-2,wordlist-3
paragraph	n	1	wordlist-1
paralyze	v	1	wordlist-3
pardon	interj	2	wordlist-2,wordlist-3
pardon	n	1	wordlist-2
parent	n	3	wordlist-1,wordlist-2,wordlist-3
park	n	2	wordlist-1,wordlist-3
park	v	3	wordlist-1,wordlist-2,wordlist-3
parking	n	1	wordlist-1
parliament	n	2	wordlist-1,wordlist-3
part	n	3	wordlist-1,wordlist-2,wordlist-3
part-time	adj	1	wordlist-1
particular	adj	2	wordlist-1,wordlist-2
particularly	adv	2	wordlist-2,wordlist-3
partly	adv	2	wordlist-1,wordlist-2
partner	n	3	wordlist-1,wordlist-2,wordlist-3
party	n	3	wordlist-1,wordlist-2,wordlist-3
pass	v	3	wordlist-1,wordlist-2,wordlist-3
pass away	phrv	1	wordlist-2
pass on	phrv	1	wordlist-2
passenger	n	3	wordlist-1,wordlist-2,wordlist-3
passion	n	1	wordlist-2
password	n	1	wordlist-1
past	adj	2	wordlist-2,wordlist-3
past	adv	1	wordlist-2
past	n	3	wordlist-1,wordlist-2,wordlist-3
past	prep	2	wordlist-1,wordlist-2
pasture	n	2	wordlist-2,wordlist-3
path	n	3	wordlist-1,wordlist-2,wordlist-3
patience	n	3	wordlist-1,wordlist-2,wordlist-3
patient	adj	3	wordlist-1,wordlist-2,wordlist-3
patient	n	3	wordlist-1,wordlist-2,wordlist-3
pattern	n	1	wordlist-3
pause	n	1	wordlist-3
pay	n	2	wordlist-1,wordlist-2
pay	v	2	wordlist-1,wordlist-2
payment	n	1	wordlist-1
pc	abbr	1	wordlist-2
peace	n	3	wordlist-1,wordlist-2,wordlist-3
peel	v	2	wordlist-1,wordlist-3
peer	n	1	wordlist-2
people	n	3	wordlist-1,wordlist-2,wordlist-3
per	prep	2	wordlist-1,wordlist-3
perfect	adj	1	wordlist-2
perfectly	adv	1	wordlist-2
perform	v	3	wordlist-1,wordlist-2,wordlist-3
performance	n	2	wordlist-2,wordlist-3
perfume	n	2	wordlist-1,wordlist-3
perhaps	adv	3	wordlist-1,wordlist-2,wordlist-3
period	n	2	wordlist-2,wordlist-3
permanent	adj	1	wordlist-3
person	n	3	wordlist-1,wordlist-2,wordlist-3
personal	adj	2	wordlist-1,wordlist-3
personality	n	1	wordlist-3
personally	adv	1	wordlist-3
pest	n	1	wordlist-3
pet	n	1	wordlist-3
pharmacy	n	1	wordlist-3
phone	abbr	1	wordlist-2
photo	abbr	1	wordlist-2
photo	n	1	wordlist-2
photograph	n	1	wordlist-2
photograph	v	1	wordlist-2
physical	adj	2	wordlist-1,wordlist-2
piano	n	1	wordlist-3
pick	v	3	wordlist-1,wordlist-2,wordlist-3
pick up	phrv	3	wordlist-1,wordlist-2,wordlist-3
picture	n	3	wordlist-1,wordlist-2,wordlist-3
pie	n	1	wordlist-3
piece	n	3	wordlist-1,wordlist-2,wordlist-3
pig	n	2	wordlist-2,wordlist-3
pill	n	3	wordlist-1,wordlist-2,wordlist-3
pilot	n	1	wordlist-3
pink	adj	1	wordlist-2
pipe	n	1	wordlist-2
pity	n	1	wordlist-2
pity	v	1	wordlist-2
place	n	2	wordlist-1,wordlist-2
place	v	2	wordlist-1,wordlist-2
plain	adj	2	wordlist-2,wordlist-3
plainly	adv	1	wordlist-2
plan	n	3	wordlist-1,wordlist-2,wordlist-3
plan	v	3	wordlist-1,wordlist-2,wordlist-3
plane	n	3	wordlist-1,wordlist-2,wordlist-3
plant	n	3	wordlist-1,wordlist-2,wordlist-3
plant	v	1	wordlist-2
plastic	n	3	wordlist-1,wordlist-2,wordlist-3
plate	n	3	wordlist-1,wordlist-2,wordlist-3
platform	n	1	wordlist-1
play	n	3	wordlist-1,wordlist-2,wordlist-3
play	v	3	wordlist-1,wordlist-2,wordlist-3
player	n	2	wordlist-1,wordlist-2
plaza	n	1	wordlist-3
pleasant	adj	1	wordlist-2
please	adv	3	wordlist-1,wordlist-2,wordlist-3
please	interj	2	wordlist-2,wordlist-3
please	v	1	wordlist-2
pleased	adj	2	wordlist-1,wordlist-2
pleasure	n	3	wordlist-1,wordlist-2,wordlist-3
plow	n	1	wordlist-2
plow	v	2	wordlist-2,wordlist-3
plug	n	1	wordlist-1
plump	adj	1	wordlist-3
plural	n	1	wordlist-1
plus	prep	1	wordlist-3
pm	abbr	2	wordlist-2,wordlist-3
pocket	n	3	wordlist-1,wordlist-2,wordlist-3
point	n	3	wordlist-1,wordlist-2,wordlist-3
point	v	1	wordlist-2
point out	phrv	3	wordlist-1,wordlist-2,wordlist-3
poison	n	1	wordlist-2
poison	v	1	wordlist-2
police	n	3	wordlist-1,wordlist-2,wordlist-3
police	v	1	wordlist-1
policy	n	2	wordlist-1,wordlist-3
polite	adj	3	wordlist-1,wordlist-2,wordlist-3
political	adj	3	wordlist-1,wordlist-2,wordlist-3
politics	n	2	wordlist-1,wordlist-2
pollinate	v	1	wordlist-3
pool	n	1	wordlist-1
poor	adj	2	wordlist-1,wordlist-2
poorly	adv	1	wordlist-2
popular	adj	2	wordlist-1,wordlist-3
port	n	3	wordlist-1,wordlist-2,wordlist-3
position	n	2	wordlist-1,wordlist-2
position	v	1	wordlist-2
positive	adj	1	wordlist-1
possibility	n	1	wordlist-3
possible	adj	2	wordlist-1,wordlist-2
possibly	adv	1	wordlist-2
post-	prefix	2	wordlist-1,wordlist-2
pot	n	3	wordlist-1,wordlist-2,wordlist-3
potato	n	1	wordlist-1
pour	v	3	wordlist-1,wordlist-2,wordlist-3
powder	n	2	wordlist-2,wordlist-3
power	n	3	wordlist-1,wordlist-2,wordlist-3
power	v	1	wordlist-1
powerful	adj	1	wordlist-2
practice	n	2	wordlist-1,wordlist-2
practice	v	2	wordlist-1,wordlist-2
praise	v	1	wordlist-3
pray	v	3	wordlist-1,wordlist-2,wordlist-3
prayer	n	2	wordlist-1,wordlist-2
pre-	prefix	2	wordlist-1,wordlist-2
pregnancy	n	2	wordlist-1,wordlist-2
pregnant	adj	2	wordlist-1,wordlist-2
prescribe	v	1	wordlist-3
present	adj	2	wordlist-2,wordlist-3
present	n	3	wordlist-1,wordlist-2,wordlist-3
presently	adv	1	wordlist-2
president	n	3	wordlist-1,wordlist-2,wordlist-3
press	n	1	wordlist-2
press	v	2	wordlist-2,wordlist-3
pretty	adj	3	wordlist-1,wordlist-2,wordlist-3
prevent	v	3	wordlist-1,wordlist-2,wordlist-3
previous	adj	2	wordlist-1,wordlist-3
price	n	2	wordlist-1,wordlist-2
pride	n	3	wordlist-1,wordlist-2,wordlist-3
priest	n	1	wordlist-2
print	n	1	wordlist-2
print	v	1	wordlist-2
printer	n	1	wordlist-1
prison	n	3	wordlist-1,wordlist-2,wordlist-3
prisoner	n	1	wordlist-1
private	adj	3	wordlist-1,wordlist-2,wordlist-3
prize	n	2	wordlist-1,wordlist-2
probably	adv	3	wordlist-1,wordlist-2,wordlist-3
problem	n	3	wordlist-1,wordlist-2,wordlist-3
process	n	3	wordlist-1,wordlist-2,wordlist-3
produce	v	2	wordlist-1,wordlist-2
product	n	2	wordlist-1,wordlist-2
profession	n	1	wordlist-2
professional	adj	2	wordlist-1,wordlist-2
profit	n	2	wordlist-1,wordlist-2
program	n	1	wordlist-1
program	v	1	wordlist-1
progress	n	1	wordlist-3
promise	n	1	wordlist-2
promise	v	1	wordlist-2
pronoun	n	1	wordlist-1
pronounce	v	1	wordlist-2
pronunciation	n	1	wordlist-1
proof	n	3	wordlist-1,wordlist-2,wordlist-3
proper	adj	1	wordlist-2
properly	adv	1	wordlist-2
protect	v	3	wordlist-1,wordlist-2,wordlist-3
protection	n	2	wordlist-1,wordlist-2
protest	n	1	wordlist-2
protest	v	1	wordlist-2
proud	adj	3	wordlist-1,wordlist-2,wordlist-3
prove	v	3	wordlist-1,wordlist-2,wordlist-3
provide	v	2	wordlist-1,wordlist-2
provided	conj	1	wordlist-3
prune	v	1	wordlist-3
public	adj	3	wordlist-1,wordlist-2,wordlist-3
public	n	2	wordlist-1,wordlist-2
pull	n	1	wordlist-2
pull	v	3	wordlist-1,wordlist-2,wordlist-3
pulse	n	1	wordlist-1
punish	v	3	wordlist-1,wordlist-2,wordlist-3
punishment	n	2	wordlist-1,wordlist-2
pure	adj	1	wordlist-2
purple	adj	1	wordlist-2
purpose	n	3	wordlist-1,wordlist-2,wordlist-3
purse	n	2	wordlist-2,wordlist-3
push	n	1	wordlist-2
push	v	3	wordlist-1,wordlist-2,wordlist-3
put	v	3	wordlist-1,wordlist-2,wordlist-3
put away	phrv	2	wordlist-1,wordlist-3
put back	phrv	1	wordlist-1
put down	phrv	2	wordlist-1,wordlist-3
put off	phrv	1	wordlist-2
put on	phrv	3	wordlist-1,wordlist-2,wordlist-3
put together	phrv	1	wordlist-2
put up	phrv	1	wordlist-1
quality	n	2	wordlist-2,wordlist-3
quantity	n	2	wordlist-1,wordlist-3
quarter	n	3	wordlist-1,wordlist-2,wordlist-3
queen	n	2	wordlist-2,wordlist-3
question	n	3	wordlist-1,wordlist-2,wordlist-3
question	v	2	wordlist-2,wordlist-3
quick	adj	1	wordlist-3
quickly	adv	3	wordlist-1,wordlist-2,wordlist-3
quiet	adj	3	wordlist-1,wordlist-2,wordlist-3
quit	v	1	wordlist-2
quite	adv	3	wordlist-1,wordlist-2,wordlist-3
race	n	3	wordlist-1,wordlist-2,wordlist-3
race	v	3	wordlist-1,wordlist-2,wordlist-3
radio	n	1	wordlist-2
rail	n	1	wordlist-3
rain	n	2	wordlist-1,wordlist-2
rain	v	2	wordlist-1,wordlist-2
raise	v	3	wordlist-1,wordlist-2,wordlist-3
range	n	1	wordlist-3
rare	adj	2	wordlist-2,wordlist-3
rarely	adv	2	wordlist-1,wordlist-2
rate	n	3	wordlist-1,wordlist-2,wordlist-3
rather	adv	3	wordlist-1,wordlist-2,wordlist-3
raw	adj	2	wordlist-1,wordlist-3
razor	n	2	wordlist-1,wordlist-3
rd	abbr	1	wordlist-3
re-	prefix	2	wordlist-1,wordlist-2
reach	v	2	wordlist-1,wordlist-2
read	adj	1	wordlist-1
read	v	3	wordlist-1,wordlist-2,wordlist-3
reader	n	1	wordlist-1
readily	adv	1	wordlist-2
ready	adj	2	wordlist-1,wordlist-2
real	adj	2	wordlist-1,wordlist-2
realize	v	3	wordlist-1,wordlist-2,wordlist-3
really	adv	3	wordlist-1,wordlist-2,wordlist-3
reason	n	3	wordlist-1,wordlist-2,wordlist-3
reason	v	3	wordlist-1,wordlist-2,wordlist-3
reasonable	adj	1	wordlist-3
rebel	v	1	wordlist-2
receipt	n	2	wordlist-1,wordlist-2
recent	adj	1	wordlist-1
recently	adv	2	wordlist-1,wordlist-3
recipe	n	1	wordlist-1
recognize	v	3	wordlist-1,wordlist-2,wordlist-3
record	n	1	wordlist-2
record	v	1	wordlist-2
recover	v	2	wordlist-1,wordlist-2
recovery	n	1	wordlist-2
red	adj	2	wordlist-2,wordlist-3
reduce	v	1	wordlist-1
refer	v	1	wordlist-1
reflect	v	1	wordlist-1
refuse	v	2	wordlist-1,wordlist-3
regarding	prep	1	wordlist-3
regret	n	1	wordlist-3
regret	v	2	wordlist-2,wordlist-3
regular	adj	2	wordlist-2,wordlist-3
regularly	adv	1	wordlist-2
relate	v	2	wordlist-1,wordlist-2
related	adj	2	wordlist-1,wordlist-2
relation	n	2	wordlist-1,wordlist-3
relationship	n	3	wordlist-1,wordlist-2,wordlist-3
relative	n	3	wordlist-1,wordlist-2,wordlist-3
relax	v	3	wordlist-1,wordlist-2,wordlist-3
relief	n	1	wordlist-1
relieved	adj	1	wordlist-1
religion	n	3	wordlist-1,wordlist-2,wordlist-3
religious	adj	2	wordlist-1,wordlist-2
remain	v	2	wordlist-2,wordlist-3
remember	v	3	wordlist-1,wordlist-2,wordlist-3
remind	v	1	wordlist-2
remove	v	2	wordlist-1,wordlist-3
rent	n	1	wordlist-1
rent	v	1	wordlist-1
repair	n	2	wordlist-1,wordlist-2
repair	v	2	wordlist-1,wordlist-2
repeat	v	2	wordlist-1,wordlist-2
reply	n	1	wordlist-2
reply	v	2	wordlist-1,wordlist-2
report	n	1	wordlist-2
report	v	1	wordlist-2
represent	v	2	wordlist-1,wordlist-2
representative	n	1	wordlist-1
reptile	n	2	wordlist-2,wordlist-3
republic	n	1	wordlist-3
require	v	1	wordlist-1
rescue	n	2	wordlist-2,wordlist-3
rescue	v	2	wordlist-2,wordlist-3
research	n	3	wordlist-1,wordlist-2,wordlist-3
research	v	2	wordlist-1,wordlist-2
respect	n	2	wordlist-1,wordlist-2
respect	v	3	wordlist-1,wordlist-2,wordlist-3
respectful	adj	1	wordlist-1
rest	n	3	wordlist-1,wordlist-2,wordlist-3
rest	v	3	wordlist-1,wordlist-2,wordlist-3
restaurant	n	1	wordlist-1
result	n	3	wordlist-1,wordlist-2,wordlist-3
result	v	2	wordlist-1,wordlist-3
result in	phrv	1	wordlist-2
retire	v	2	wordlist-1,wordlist-2
retirement	n	1	wordlist-1
return	v	2	wordlist-1,wordlist-3
rhythm	n	2	wordlist-1,wordlist-3
rice	n	2	wordlist-1,wordlist-3
rich	adj	2	wordlist-1,wordlist-2
ride	n	3	wordlist-1,wordlist-2,wordlist-3
ride	v	3	wordlist-1,wordlist-2,wordlist-3
right	adj	3	wordlist-1,wordlist-2,wordlist-3
right	adv	3	wordlist-1,wordlist-2,wordlist-3
right	interj	1	wordlist-3
right	n	3	wordlist-1,wordlist-2,wordlist-3
ring	n	3	wordlist-1,wordlist-2,wordlist-3
ring	v	2	wordlist-2,wordlist-3
ripe	adj	3	wordlist-1,wordlist-2,wordlist-3
rise	v	3	wordlist-1,wordlist-2,wordlist-3
risk	n	3	wordlist-1,wordlist-2,wordlist-3
risk	v	1	wordlist-2
river	n	2	wordlist-1,wordlist-2
road	n	3	wordlist-1,wordlist-2,wordlist-3
roast	v	2	wordlist-1,wordlist-3
rob	v	1	wordlist-3
rock	n	3	wordlist-1,wordlist-2,wordlist-3
roll	n	1	wordlist-2
roll	v	2	wordlist-1,wordlist-2
roof	n	2	wordlist-1,wordlist-2
room	n	2	wordlist-1,wordlist-2
roommate	n	1	wordlist-3
root	n	3	wordlist-1,wordlist-2,wordlist-3
rope	n	2	wordlist-1,wordlist-2
rot	n	1	wordlist-2
rot	v	2	wordlist-2,wordlist-3
rough	adj	3	wordlist-1,wordlist-2,wordlist-3
roughness	n	1	wordlist-3
round	adj	3	wordlist-1,wordlist-2,wordlist-3
route	n	3	wordlist-1,wordlist-2,wordlist-3
routine	n	3	wordlist-1,wordlist-2,wordlist-3
rub	n	1	wordlist-2
rub	v	2	wordlist-1,wordlist-2
rubber	n	2	wordlist-1,wordlist-3
rude	adj	3	wordlist-1,wordlist-2,wordlist-3
rug	n	1	wordlist-2
ruin	n	1	wordlist-2
ruin	v	1	wordlist-2
rule	n	3	wordlist-1,wordlist-2,wordlist-3
rule	v	3	wordlist-1,wordlist-2,wordlist-3
run	v	3	wordlist-1,wordlist-2,wordlist-3
run away	phrv	1	wordlist-1
run out	phrv	3	wordlist-1,wordlist-2,wordlist-3
sacred	adj	1	wordlist-2
sad	adj	3	wordlist-1,wordlist-2,wordlist-3
safe	adj	3	wordlist-1,wordlist-2,wordlist-3
safely	adv	1	wordlist-2
safety	n	2	wordlist-2,wordlist-3
sail	n	2	wordlist-2,wordlist-3
sail	v	2	wordlist-2,wordlist-3
salad	n	1	wordlist-3
salary	n	2	wordlist-1,wordlist-2
sale	n	2	wordlist-1,wordlist-2
saliva	n	1	wordlist-3
salt	n	3	wordlist-1,wordlist-2,wordlist-3
salty	adj	3	wordlist-1,wordlist-2,wordlist-3
same	adj	3	wordlist-1,wordlist-2,wordlist-3
sand	n	3	wordlist-1,wordlist-2,wordlist-3
sandal	n	1	wordlist-1
satisfaction	n	2	wordlist-1,wordlist-2
satisfied	adj	1	wordlist-1
satisfy	v	1	wordlist-2
sauce	n	1	wordlist-3
save	v	2	wordlist-1,wordlist-2
say	v	3	wordlist-1,wordlist-2,wordlist-3
scale	n	2	wordlist-2,wordlist-3
scar	n	1	wordlist-3
scarcely	adv	2	wordlist-2,wordlist-3
scarf	n	1	wordlist-3
scene	n	1	wordlist-1
scent	n	2	wordlist-2,wordlist-3
schedule	n	1	wordlist-3
school	n	3	wordlist-1,wordlist-2,wordlist-3
science	n	2	wordlist-1,wordlist-2
scientific	adj	2	wordlist-1,wordlist-2
scissors	n	1	wordlist-1
score	n	3	wordlist-1,wordlist-2,wordlist-3
score	v	3	wordlist-1,wordlist-2,wordlist-3
scrape	n	1	wordlist-2
scrape	v	1	wordlist-2
scratch	n	1	wordlist-2
scratch	v	1	wordlist-2
screen	n	2	wordlist-1,wordlist-2
sea	n	3	wordlist-1,wordlist-2,wordlist-3
search	n	1	wordlist-1
search	v	1	wordlist-1
season	n	3	wordlist-1,wordlist-2,wordlist-3
seat	n	2	wordlist-1,wordlist-2
seat	v	1	wordlist-2
sec.	abbr	2	wordlist-1,wordlist-2
second	adj	3	wordlist-1,wordlist-2,wordlist-3
second	n	3	wordlist-1,wordlist-2,wordlist-3
second	num	2	wordlist-2,wordlist-3
secret	adj	1	wordlist-2
secret	n	1	wordlist-2
secure	adj	2	wordlist-2,wordlist-3
security	n	2	wordlist-2,wordlist-3
see	v	2	wordlist-2,wordlist-3
see you	phr	1	wordlist-3
seed	n	2	wordlist-2,wordlist-3
seem	v	3	wordlist-1,wordlist-2,wordlist-3
seldom	adv	1	wordlist-2
self-	comb	1	wordlist-2
selfish	adj	3	wordlist-1,wordlist-2,wordlist-3
sell	v	3	wordlist-1,wordlist-2,wordlist-3
seller	n	1	wordlist-1
semi-	prefix	1	wordlist-2
senate	n	1	wordlist-3
send	v	2	wordlist-1,wordlist-3
sense	n	3	wordlist-1,wordlist-2,wordlist-3
sense	v	2	wordlist-1,wordlist-2
sensible	adj	1	wordlist-1
sensitive	adj	1	wordlist-3
sentence	n	3	wordlist-1,wordlist-2,wordlist-3
sentence	v	2	wordlist-1,wordlist-3
separate	adj	1	wordlist-2
separate	v	1	wordlist-2
serious	adj	3	wordlist-1,wordlist-2,wordlist-3
seriously	adv	2	wordlist-2,wordlist-3
serve	v	3	wordlist-1,wordlist-2,wordlist-3
server	n	1	wordlist-1
service	n	2	wordlist-1,wordlist-2
set	v	3	wordlist-1,wordlist-2,wordlist-3
set off	phrv	1	wordlist-2
set up	phrv	3	wordlist-1,wordlist-2,wordlist-3
seven	num	3	wordlist-1,wordlist-2,wordlist-3
several	det	1	wordlist-2
several	pron	1	wordlist-2
sew	v	1	wordlist-2
sex	n	2	wordlist-1,wordlist-2
shade	n	2	wordlist-2,wordlist-3
shadow	n	2	wordlist-2,wordlist-3
shake	n	1	wordlist-2
shake	v	1	wordlist-2
shall	modal	2	wordlist-2,wordlist-3
shallow	adj	3	wordlist-1,wordlist-2,wordlist-3
shame	n	3	wordlist-1,wordlist-2,wordlist-3
shampoo	n	2	wordlist-1,wordlist-3
shape	n	3	wordlist-1,wordlist-2,wordlist-3
shape	v	2	wordlist-1,wordlist-2
share	v	2	wordlist-1,wordlist-2
sharp	adj	3	wordlist-1,wordlist-2,wordlist-3
shave	v	2	wordlist-1,wordlist-2
she	pron	3	wordlist-1,wordlist-2,wordlist-3
sheep	n	2	wordlist-2,wordlist-3
sheet	n	1	wordlist-2
shelf	n	2	wordlist-1,wordlist-2
shell	n	1	wordlist-3
shh	interj	2	wordlist-1,wordlist-3
shine	v	3	wordlist-1,wordlist-2,wordlist-3
ship	n	3	wordlist-1,wordlist-2,wordlist-3
shirt	n	3	wordlist-1,wordlist-2,wordlist-3
shock	n	2	wordlist-2,wordlist-3
shock	v	2	wordlist-2,wordlist-3
shoe	n	3	wordlist-1,wordlist-2,wordlist-3
shop	n	3	wordlist-1,wordlist-2,wordlist-3
shop	v	2	wordlist-1,wordlist-2
shore	n	2	wordlist-1,wordlist-2
short	adj	3	wordlist-1,wordlist-2,wordlist-3
should	modal	2	wordlist-2,wordlist-3
shoulder	n	2	wordlist-1,wordlist-2
shout	n	1	wordlist-2
shout	v	2	wordlist-2,wordlist-3
show	n	3	wordlist-1,wordlist-2,wordlist-3
show	v	3	wordlist-1,wordlist-2,wordlist-3
show up	phrv	3	wordlist-1,wordlist-2,wordlist-3
shower	n	2	wordlist-1,wordlist-2
shower	v	1	wordlist-2
shrink	v	2	wordlist-2,wordlist-3
shut	v	1	wordlist-2
shut up	phrv	1	wordlist-3
shy	adj	3	wordlist-1,wordlist-2,wordlist-3
sick	adj	3	wordlist-1,wordlist-2,wordlist-3
sickness	n	2	wordlist-2,wordlist-3
side	n	3	wordlist-1,wordlist-2,wordlist-3
sidewalk	n	1	wordlist-3
sight	n	2	wordlist-2,wordlist-3
sign	n	3	wordlist-1,wordlist-2,wordlist-3
sign	v	1	wordlist-2
silence	n	2	wordlist-2,wordlist-3
silent	adj	1	wordlist-2
silk	n	1	wordlist-2
silly	adj	3	wordlist-1,wordlist-2,wordlist-3
silver	adj	1	wordlist-2
silver	n	1	wordlist-2
similar	adj	3	wordlist-1,wordlist-2,wordlist-3
similarity	n	1	wordlist-3
similarly	adv	1	wordlist-2
simple	adj	2	wordlist-1,wordlist-2
simply	adv	3	wordlist-1,wordlist-2,wordlist-3
since	conj	3	wordlist-1,wordlist-2,wordlist-3
since	prep	3	wordlist-1,wordlist-2,wordlist-3
sing	v	3	wordlist-1,wordlist-2,wordlist-3
singer	n	1	wordlist-1
single	adj	3	wordlist-1,wordlist-2,wordlist-3
singular	n	1	wordlist-1
sink	n	2	wordlist-1,wordlist-2
sink	v	1	wordlist-1
sister	n	3	wordlist-1,wordlist-2,wordlist-3
sister-in-law	n	1	wordlist-3
sit	v	3	wordlist-1,wordlist-2,wordlist-3
sit down	phrv	3	wordlist-1,wordlist-2,wordlist-3
situation	n	2	wordlist-1,wordlist-3
six	num	3	wordlist-1,wordlist-2,wordlist-3
size	n	3	wordlist-1,wordlist-2,wordlist-3
skill	n	3	wordlist-1,wordlist-2,wordlist-3
skilled	adj	1	wordlist-2
skin	n	3	wordlist-1,wordlist-2,wordlist-3
skirt	n	2	wordlist-1,wordlist-2
sky	n	2	wordlist-1,wordlist-2
sleep	n	3	wordlist-1,wordlist-2,wordlist-3
sleep	v	3	wordlist-1,wordlist-2,wordlist-3
slice	v	1	wordlist-3
slide	n	1	wordlist-2
slide	v	2	wordlist-1,wordlist-2
slim	adj	1	wordlist-3
slippery	adj	1	wordlist-1
slow	adj	3	wordlist-1,wordlist-2,wordlist-3
slow down	phrv	2	wordlist-2,wordlist-3
slowly	adv	3	wordlist-1,wordlist-2,wordlist-3
small	adj	3	wordlist-1,wordlist-2,wordlist-3
smart	adj	3	wordlist-1,wordlist-2,wordlist-3
smash	v	1	wordlist-2
smell	n	2	wordlist-2,wordlist-3
smell	v	2	wordlist-2,wordlist-3
smile	n	1	wordlist-3
smoke	n	3	wordlist-1,wordlist-2,wordlist-3
smooth	adj	3	wordlist-1,wordlist-2,wordlist-3
smoothness	n	1	wordlist-3
snack	n	1	wordlist-3
snake	n	1	wordlist-2
sneeze	n	1	wordlist-2
sneeze	v	2	wordlist-1,wordlist-2
snow	n	2	wordlist-1,wordlist-2
snow	v	2	wordlist-1,wordlist-2
so	adv	3	wordlist-1,wordlist-2,wordlist-3
so	conj	3	wordlist-1,wordlist-2,wordlist-3
soap	n	3	wordlist-1,wordlist-2,wordlist-3
social	adj	3	wordlist-1,wordlist-2,wordlist-3
society	n	3	wordlist-1,wordlist-2,wordlist-3
sock	n	3	wordlist-1,wordlist-2,wordlist-3
socket	n	1	wordlist-1
sofa	n	1	wordlist-1
soft	adj	3	wordlist-1,wordlist-2,wordlist-3
soften	v	1	wordlist-3
softness	n	1	wordlist-3
software	n	1	wordlist-1
soil	n	3	wordlist-1,wordlist-2,wordlist-3
soldier	n	2	wordlist-1,wordlist-2
solid	adj	3	wordlist-1,wordlist-2,wordlist-3
solid	n	3	wordlist-1,wordlist-2,wordlist-3
solution	n	3	wordlist-1,wordlist-2,wordlist-3
solve	v	3	wordlist-1,wordlist-2,wordlist-3
some	det	3	wordlist-1,wordlist-2,wordlist-3
some	pron	2	wordlist-1,wordlist-2
somebody	pron	1	wordlist-2
someone	pron	3	wordlist-1,wordlist-2,wordlist-3
something	pron	3	wordlist-1,wordlist-2,wordlist-3
sometimes	adv	3	wordlist-1,wordlist-2,wordlist-3
somewhere	adv	2	wordlist-1,wordlist-2
son	n	3	wordlist-1,wordlist-2,wordlist-3
song	n	3	wordlist-1,wordlist-2,wordlist-3
soon	adv	3	wordlist-1,wordlist-2,wordlist-3
sorrow	n	2	wordlist-2,wordlist-3
sorry	adj	2	wordlist-1,wordlist-3
sorry	interj	3	wordlist-1,wordlist-2,wordlist-3
sort	n	1	wordlist-2
soul	n	1	wordlist-2
sound	n	3	wordlist-1,wordlist-2,wordlist-3
sound	v	2	wordlist-2,wordlist-3
soup	n	2	wordlist-1,wordlist-3
sour	adj	3	wordlist-1,wordlist-2,wordlist-3
sow	v	2	wordlist-2,wordlist-3
space	n	3	wordlist-1,wordlist-2,wordlist-3
spark	n	1	wordlist-2
speak	v	3	wordlist-1,wordlist-2,wordlist-3
speak up	phrv	1	wordlist-3
speaker	n	1	wordlist-1
special	adj	2	wordlist-1,wordlist-2
specially	adv	1	wordlist-2
specific	adj	1	wordlist-2
speech	n	1	wordlist-2
speed	n	3	wordlist-1,wordlist-2,wordlist-3
speed up	phrv	1	wordlist-2
spell	v	2	wordlist-1,wordlist-2
spelling	n	2	wordlist-1,wordlist-2
spend	v	2	wordlist-1,wordlist-2
spice	n	1	wordlist-3
spicy	adj	1	wordlist-1
spill	v	1	wordlist-2
spirit	n	1	wordlist-2
spiritual	adj	1	wordlist-2
split	n	1	wordlist-2
split	v	2	wordlist-2,wordlist-3
split up	phrv	1	wordlist-3
split up	v	1	wordlist-2
spoken	adj	1	wordlist-1
spoon	n	3	wordlist-1,wordlist-2,wordlist-3
sport	n	3	wordlist-1,wordlist-2,wordlist-3
spread	n	1	wordlist-2
spread	v	1	wordlist-2
spring	n	3	wordlist-1,wordlist-2,wordlist-3
square	adj	3	wordlist-1,wordlist-2,wordlist-3
square	n	3	wordlist-1,wordlist-2,wordlist-3
st	abbr	1	wordlist-3
staff	n	2	wordlist-1,wordlist-2
stage	n	3	wordlist-1,wordlist-2,wordlist-3
stairs	n	2	wordlist-1,wordlist-2
stand	v	3	wordlist-1,wordlist-2,wordlist-3
stand for	phrv	1	wordlist-2
stand up	phrv	3	wordlist-1,wordlist-2,wordlist-3
standard	n	1	wordlist-3
star	n	2	wordlist-1,wordlist-2
start	n	1	wordlist-3
start	v	3	wordlist-1,wordlist-2,wordlist-3
start out	phrv	1	wordlist-1
start over	phrv	1	wordlist-3
state	n	3	wordlist-1,wordlist-2,wordlist-3
state	v	1	wordlist-2
statement	n	1	wordlist-2
station	n	3	wordlist-1,wordlist-2,wordlist-3
statue	n	1	wordlist-3
stay	v	3	wordlist-1,wordlist-2,wordlist-3
stay away	phrv	1	wordlist-2
steal	v	2	wordlist-2,wordlist-3
steam	n	3	wordlist-1,wordlist-2,wordlist-3
steam	v	1	wordlist-3
steep	adj	2	wordlist-1,wordlist-2
stem	n	1	wordlist-2
step	n	1	wordlist-2
step	v	1	wordlist-2
stepdaughter	n	2	wordlist-2,wordlist-3
stepfather	n	2	wordlist-2,wordlist-3
stepmother	n	2	wordlist-2,wordlist-3
stepson	n	2	wordlist-2,wordlist-3
stick	v	1	wordlist-2
sticky	adj	2	wordlist-1,wordlist-2
stiff	adj	3	wordlist-1,wordlist-2,wordlist-3
stiffen	v	1	wordlist-3
stiffness	n	1	wordlist-3
still	adv	3	wordlist-1,wordlist-2,wordlist-3
stir	v	1	wordlist-3
stomach	n	3	wordlist-1,wordlist-2,wordlist-3
stone	n	3	wordlist-1,wordlist-2,wordlist-3
stop	n	3	wordlist-1,wordlist-2,wordlist-3
stop	v	3	wordlist-1,wordlist-2,wordlist-3
stop by	phrv	1	wordlist-1
store	n	2	wordlist-1,wordlist-3
store	v	1	wordlist-1
storm	n	2	wordlist-1,wordlist-2
story	n	3	wordlist-1,wordlist-2,wordlist-3
stove	n	3	wordlist-1,wordlist-2,wordlist-3
straight	adj	3	wordlist-1,wordlist-2,wordlist-3
straight	adv	2	wordlist-1,wordlist-2
strange	adj	2	wordlist-1,wordlist-2
strangely	adv	1	wordlist-2
stranger	n	3	wordlist-1,wordlist-2,wordlist-3
straw	n	1	wordlist-2
stream	n	2	wordlist-1,wordlist-2
street	n	3	wordlist-1,wordlist-2,wordlist-3
strength	n	3	wordlist-1,wordlist-2,wordlist-3
strengthen	v	1	wordlist-3
stress	n	1	wordlist-3
stress	v	1	wordlist-3
stretch	v	3	wordlist-1,wordlist-2,wordlist-3
strict	adj	1	wordlist-2
strike	n	1	wordlist-2
strike	v	1	wordlist-2
string	n	2	wordlist-1,wordlist-2
strip	v	1	wordlist-2
stroke	n	1	wordlist-3
strong	adj	3	wordlist-1,wordlist-2,wordlist-3
strongly	adv	2	wordlist-2,wordlist-3
structure	n	1	wordlist-3
student	n	2	wordlist-1,wordlist-2
study	n	2	wordlist-2,wordlist-3
study	v	3	wordlist-1,wordlist-2,wordlist-3
stuff	n	1	wordlist-3
stupid	adj	3	wordlist-1,wordlist-2,wordlist-3
style	n	3	wordlist-1,wordlist-2,wordlist-3
sub-	prefix	2	wordlist-1,wordlist-2
subject	n	3	wordlist-1,wordlist-2,wordlist-3
substance	n	3	wordlist-1,wordlist-2,wordlist-3
subtract	v	1	wordlist-1
success	n	2	wordlist-1,wordlist-3
such	adj	1	wordlist-2
such	det	2	wordlist-2,wordlist-3
such	pron	1	wordlist-2
such as	prep	1	wordlist-2
sudden	adj	2	wordlist-2,wordlist-3
suddenly	adv	2	wordlist-2,wordlist-3
suffer	v	1	wordlist-3
sugar	n	3	wordlist-1,wordlist-2,wordlist-3
suggest	v	1	wordlist-2
suggestion	n	1	wordlist-2
suit	n	2	wordlist-1,wordlist-2
suitable	adj	1	wordlist-2
suitably	adv	1	wordlist-2
summer	n	3	wordlist-1,wordlist-2,wordlist-3
sun	n	2	wordlist-1,wordlist-2
super-	prefix	2	wordlist-1,wordlist-2
supper	n	1	wordlist-3
supply	n	2	wordlist-1,wordlist-2
supply	v	2	wordlist-1,wordlist-2
support	n	2	wordlist-1,wordlist-3
support	v	2	wordlist-1,wordlist-3
suppose	v	3	wordlist-1,wordlist-2,wordlist-3
sure	adj	3	wordlist-1,wordlist-2,wordlist-3
sure	adv	1	wordlist-2
surely	adv	2	wordlist-2,wordlist-3
surface	n	2	wordlist-1,wordlist-2
surgery	n	1	wordlist-3
surprise	n	3	wordlist-1,wordlist-2,wordlist-3
surprise	v	3	wordlist-1,wordlist-2,wordlist-3
surprised	adj	1	wordlist-1
survival	n	1	wordlist-2
survive	v	1	wordlist-2
suspect	v	1	wordlist-3
suspicion	n	1	wordlist-3
swallow	v	3	wordlist-1,wordlist-2,wordlist-3
sweat	n	2	wordlist-2,wordlist-3
sweat	v	1	wordlist-2
sweep	v	2	wordlist-1,wordlist-2
sweet	adj	3	wordlist-1,wordlist-2,wordlist-3
sweet	n	1	wordlist-3
swell	v	1	wordlist-3
swim	v	3	wordlist-1,wordlist-2,wordlist-3
swimsuit	n	1	wordlist-1
switch	n	1	wordlist-1
switch	v	1	wordlist-1
symbol	n	2	wordlist-1,wordlist-2
symptom	n	2	wordlist-1,wordlist-3
system	n	3	wordlist-1,wordlist-2,wordlist-3
table	n	3	wordlist-1,wordlist-2,wordlist-3
tail	n	2	wordlist-2,wordlist-3
take	v	3	wordlist-1,wordlist-2,wordlist-3
take apart	phrv	1	wordlist-2
take away	phrv	1	wordlist-1
take back	phrv	1	wordlist-1
take care	phr	1	wordlist-3
take off	phrv	3	wordlist-1,wordlist-2,wordlist-3
take over	phrv	2	wordlist-2,wordlist-3
take place	phrv	1	wordlist-2
take up	phrv	2	wordlist-1,wordlist-2
talent	n	2	wordlist-2,wordlist-3
talk	n	2	wordlist-1,wordlist-2
talk	v	3	wordlist-1,wordlist-2,wordlist-3
talk to	phrv	1	wordlist-3
tall	adj	3	wordlist-1,wordlist-2,wordlist-3
tame	adj	2	wordlist-2,wordlist-3
tame	v	1	wordlist-2
tap	n	1	wordlist-1
task	n	1	wordlist-2
taste	n	3	wordlist-1,wordlist-2,wordlist-3
taste	v	3	wordlist-1,wordlist-2,wordlist-3
tax	n	3	wordlist-1,wordlist-2,wordlist-3
tax	v	2	wordlist-1,wordlist-2
taxi	n	2	wordlist-1,wordlist-3
tea	n	2	wordlist-1,wordlist-3
teach	v	3	wordlist-1,wordlist-2,wordlist-3
teacher	n	2	wordlist-1,wordlist-2
team	n	3	wordlist-1,wordlist-2,wordlist-3
tear	n	3	wordlist-1,wordlist-2,wordlist-3
tear	v	3	wordlist-1,wordlist-2,wordlist-3
tear down	phrv	1	wordlist-2
technology	n	1	wordlist-1
teenager	n	1	wordlist-2
tel.	abbr	2	wordlist-1,wordlist-2
tele-	comb	2	wordlist-1,wordlist-2
telephone	n	1	wordlist-1
television	n	2	wordlist-1,wordlist-2
tell	v	3	wordlist-1,wordlist-2,wordlist-3
temp	abbr	1	wordlist-3
temper	n	2	wordlist-2,wordlist-3
temperature	n	3	wordlist-1,wordlist-2,wordlist-3
temple	n	2	wordlist-2,wordlist-3
temporary	adj	1	wordlist-3
ten	num	3	wordlist-1,wordlist-2,wordlist-3
tense	n	1	wordlist-1
term	n	1	wordlist-2
terrible	adj	1	wordlist-2
terribly	adv	1	wordlist-2
test	n	2	wordlist-1,wordlist-2
test	v	2	wordlist-1,wordlist-2
text	n	2	wordlist-1,wordlist-2
texture	n	1	wordlist-3
than	conj	3	wordlist-1,wordlist-2,wordlist-3
than	prep	1	wordlist-1
thank you	phr	3	wordlist-1,wordlist-2,wordlist-3
thankful	adj	2	wordlist-1,wordlist-3
thanks	interj	1	wordlist-2
thanks	n	1	wordlist-2
that	conj	3	wordlist-1,wordlist-2,wordlist-3
that	det	3	wordlist-1,wordlist-2,wordlist-3
that	pron	3	wordlist-1,wordlist-2,wordlist-3
the	det	3	wordlist-1,wordlist-2,wordlist-3
theater	n	1	wordlist-3
theatre	n	1	wordlist-2
theft	n	1	wordlist-3
their	det	2	wordlist-1,wordlist-3
theirs	pron	1	wordlist-1
them	pron	2	wordlist-1,wordlist-3
themselves	pron	1	wordlist-3
then	adv	3	wordlist-1,wordlist-2,wordlist-3
theory	n	2	wordlist-1,wordlist-2
there	adv	3	wordlist-1,wordlist-2,wordlist-3
therefore	adv	2	wordlist-1,wordlist-2
these	det	1	wordlist-3
these	pron	1	wordlist-3
they	pron	3	wordlist-1,wordlist-2,wordlist-3
thick	adj	3	wordlist-1,wordlist-2,wordlist-3
thicken	v	1	wordlist-3
thickness	n	1	wordlist-3
thief	n	1	wordlist-2
thin	adj	3	wordlist-1,wordlist-2,wordlist-3
thin	v	1	wordlist-3
thing	n	3	wordlist-1,wordlist-2,wordlist-3
think	v	3	wordlist-1,wordlist-2,wordlist-3
think about	phrv	1	wordlist-3
think of	phrv	1	wordlist-3
thinness	n	1	wordlist-3
third	adj	3	wordlist-1,wordlist-2,wordlist-3
third	num	1	wordlist-3
thirsty	adj	2	wordlist-1,wordlist-3
this	det	3	wordlist-1,wordlist-2,wordlist-3
this	pron	3	wordlist-1,wordlist-2,wordlist-3
those	det	1	wordlist-3
those	pron	1	wordlist-3
though	conj	3	wordlist-1,wordlist-2,wordlist-3
thought	n	3	wordlist-1,wordlist-2,wordlist-3
thousand	num	3	wordlist-1,wordlist-2,wordlist-3
threat	n	1	wordlist-2
threaten	v	1	wordlist-2
three	num	3	wordlist-1,wordlist-2,wordlist-3
throat	n	1	wordlist-1
through	adv	2	wordlist-1,wordlist-2
through	prep	3	wordlist-1,wordlist-2,wordlist-3
throughout	prep	3	wordlist-1,wordlist-2,wordlist-3
throw	n	1	wordlist-2
throw	v	3	wordlist-1,wordlist-2,wordlist-3
throw away	phrv	3	wordlist-1,wordlist-2,wordlist-3
thunder	n	1	wordlist-2
thus	adv	1	wordlist-2
ticket	n	2	wordlist-1,wordlist-2
tidy	adj	2	wordlist-2,wordlist-3
tidy	v	2	wordlist-1,wordlist-2
tie	n	2	wordlist-2,wordlist-3
tie	v	3	wordlist-1,wordlist-2,wordlist-3
tight	adj	3	wordlist-1,wordlist-2,wordlist-3
time	n	3	wordlist-1,wordlist-2,wordlist-3
times	n	1	wordlist-3
tip	n	2	wordlist-1,wordlist-2
tip	v	1	wordlist-2
tire	v	1	wordlist-2
tired	adj	3	wordlist-1,wordlist-2,wordlist-3
tissue	n	1	wordlist-3
title	n	2	wordlist-1,wordlist-2
to	prep	3	wordlist-1,wordlist-2,wordlist-3
today	adv	3	wordlist-1,wordlist-2,wordlist-3
today	n	2	wordlist-1,wordlist-2
toe	n	2	wordlist-1,wordlist-2
together	adj	1	wordlist-1
together	adv	3	wordlist-1,wordlist-2,wordlist-3
toilet	n	2	wordlist-1,wordlist-2
tomorrow	adv	3	wordlist-1,wordlist-2,wordlist-3
tomorrow	n	2	wordlist-1,wordlist-2
tone	n	2	wordlist-2,wordlist-3
tongue	n	3	wordlist-1,wordlist-2,wordlist-3
too	adv	3	wordlist-1,wordlist-2,wordlist-3
tool	n	1	wordlist-1
tooth	n	3	wordlist-1,wordlist-2,wordlist-3
toothbrush	n	2	wordlist-1,wordlist-3
toothpaste	n	2	wordlist-1,wordlist-3
top	adj	1	wordlist-2
top	n	3	wordlist-1,wordlist-2,wordlist-3
topic	n	1	wordlist-3
total	adj	3	wordlist-1,wordlist-2,wordlist-3
total	n	3	wordlist-1,wordlist-2,wordlist-3
totally	adv	1	wordlist-2
touch	n	2	wordlist-2,wordlist-3
touch	v	3	wordlist-1,wordlist-2,wordlist-3
tough	adj	1	wordlist-3
tour	n	2	wordlist-2,wordlist-3
toward	prep	3	wordlist-1,wordlist-2,wordlist-3
towards	prep	2	wordlist-2,wordlist-3
towel	n	3	wordlist-1,wordlist-2,wordlist-3
tower	n	1	wordlist-3
town	n	2	wordlist-1,wordlist-3
toy	n	3	wordlist-1,wordlist-2,wordlist-3
track	n	3	wordlist-1,wordlist-2,wordlist-3
trade	n	2	wordlist-1,wordlist-2
trade	v	2	wordlist-1,wordlist-2
traffic	n	3	wordlist-1,wordlist-2,wordlist-3
train	n	3	wordlist-1,wordlist-2,wordlist-3
train	v	2	wordlist-1,wordlist-2
training	n	1	wordlist-2
trans-	prefix	2	wordlist-1,wordlist-2
translate	v	1	wordlist-1
transport	n	3	wordlist-1,wordlist-2,wordlist-3
transport	v	3	wordlist-1,wordlist-2,wordlist-3
trap	n	1	wordlist-2
trap	v	1	wordlist-2
travel	n	3	wordlist-1,wordlist-2,wordlist-3
travel	v	3	wordlist-1,wordlist-2,wordlist-3
treat	v	3	wordlist-1,wordlist-2,wordlist-3
treatment	n	3	wordlist-1,wordlist-2,wordlist-3
treaty	n	2	wordlist-2,wordlist-3
tree	n	3	wordlist-1,wordlist-2,wordlist-3
trial	n	2	wordlist-1,wordlist-3
trick	n	1	wordlist-3
trip	n	3	wordlist-1,wordlist-2,wordlist-3
trouble	n	1	wordlist-3
trousers	n	1	wordlist-2
truck	n	1	wordlist-3
true	adj	3	wordlist-1,wordlist-2,wordlist-3
truly	adv	1	wordlist-2
trust	n	3	wordlist-1,wordlist-2,wordlist-3
trust	v	3	wordlist-1,wordlist-2,wordlist-3
truth	n	3	wordlist-1,wordlist-2,wordlist-3
try	n	1	wordlist-1
try	v	3	wordlist-1,wordlist-2,wordlist-3
try on	phrv	2	wordlist-1,wordlist-3
tumor	n	1	wordlist-3
tune	n	2	wordlist-1,wordlist-3
tunnel	n	1	wordlist-3
turn	n	2	wordlist-1,wordlist-2
turn	v	3	wordlist-1,wordlist-2,wordlist-3
turn down	phrv	1	wordlist-1
turn into	phrv	1	wordlist-2
turn off	phrv	3	wordlist-1,wordlist-2,wordlist-3
turn on	phrv	3	wordlist-1,wordlist-2,wordlist-3
turn over	phrv	1	wordlist-3
turn up	phrv	1	wordlist-1
tv	abbr	2	wordlist-1,wordlist-2
twice	adv	3	wordlist-1,wordlist-2,wordlist-3
twin	n	1	wordlist-2
twist	n	1	wordlist-2
twist	v	1	wordlist-2
two	num	3	wordlist-1,wordlist-2,wordlist-3
type	n	3	wordlist-1,wordlist-2,wordlist-3
typical	adj	1	wordlist-2
ugh	interj	1	wordlist-1
ugly	adj	3	wordlist-1,wordlist-2,wordlist-3
uh	interj	2	wordlist-1,wordlist-3
um	interj	2	wordlist-1,wordlist-3
umbrella	n	2	wordlist-2,wordlist-3
un-	prefix	2	wordlist-1,wordlist-2
unable	adj	2	wordlist-1,wordlist-2
uncle	n	3	wordlist-1,wordlist-2,wordlist-3
under	adv	3	wordlist-1,wordlist-2,wordlist-3
under	prep	3	wordlist-1,wordlist-2,wordlist-3
under-	prefix	2	wordlist-1,wordlist-2
understand	v	3	wordlist-1,wordlist-2,wordlist-3
underwear	n	1	wordlist-1
unfair	adj	1	wordlist-1
unfortunately	adv	1	wordlist-3
unfriendly	adj	2	wordlist-1,wordlist-2
uniform	n	1	wordlist-1
unit	n	2	wordlist-1,wordlist-2
university	n	1	wordlist-2
unless	conj	3	wordlist-1,wordlist-2,wordlist-3
unlikely	adj	1	wordlist-2
unlock	v	1	wordlist-1
unpack	v	2	wordlist-1,wordlist-3
unpaid	adj	1	wordlist-1
untie	v	1	wordlist-1
until	conj	3	wordlist-1,wordlist-2,wordlist-3
until	prep	3	wordlist-1,wordlist-2,wordlist-3
up	adv	3	wordlist-1,wordlist-2,wordlist-3
up	prep	3	wordlist-1,wordlist-2,wordlist-3
upload	n	1	wordlist-1
upload	v	1	wordlist-1
upon	prep	2	wordlist-2,wordlist-3
upset	adj	3	wordlist-1,wordlist-2,wordlist-3
upset	v	2	wordlist-2,wordlist-3
upstairs	adv	1	wordlist-2
urine	n	1	wordlist-3
us	pron	2	wordlist-1,wordlist-3
use	n	2	wordlist-1,wordlist-2
use	v	2	wordlist-1,wordlist-2
use up	phrv	2	wordlist-2,wordlist-3
used	adj	1	wordlist-2
used to	modal	1	wordlist-2
useful	adj	2	wordlist-1,wordlist-2
useless	adj	1	wordlist-2
user	n	1	wordlist-1
usual	adj	3	wordlist-1,wordlist-2,wordlist-3
usually	adv	3	wordlist-1,wordlist-2,wordlist-3
vaccine	n	1	wordlist-3
valley	n	2	wordlist-1,wordlist-2
value	n	3	wordlist-1,wordlist-2,wordlist-3
value	v	1	wordlist-2
vegetable	n	3	wordlist-1,wordlist-2,wordlist-3
vehicle	n	3	wordlist-1,wordlist-2,wordlist-3
vein	n	1	wordlist-3
verb	n	1	wordlist-1
versus	prep	1	wordlist-3
very	adv	3	wordlist-1,wordlist-2,wordlist-3
via	prep	2	wordlist-1,wordlist-3
victim	n	1	wordlist-2
video	n	1	wordlist-2
view	n	2	wordlist-2,wordlist-3
village	n	1	wordlist-3
vine	n	1	wordlist-3
violence	n	3	wordlist-1,wordlist-2,wordlist-3
violent	adj	3	wordlist-1,wordlist-2,wordlist-3
virus	n	1	wordlist-3
visible	adj	1	wordlist-3
visit	n	2	wordlist-2,wordlist-3
visit	v	3	wordlist-1,wordlist-2,wordlist-3
voice	n	3	wordlist-1,wordlist-2,wordlist-3
vol	abbr	1	wordlist-3
volume	n	2	wordlist-1,wordlist-3
vomit	v	1	wordlist-1
vote	n	3	wordlist-1,wordlist-2,wordlist-3
vote	v	3	wordlist-1,wordlist-2,wordlist-3
voyage	n	1	wordlist-3
vs	abbr	1	wordlist-3
vs.	abbr	2	wordlist-1,wordlist-2
wage	n	2	wordlist-1,wordlist-2
wait	v	1	wordlist-3
wait for	phrv	2	wordlist-1,wordlist-3
wake	v	3	wordlist-1,wordlist-2,wordlist-3
wake up	phrv	3	wordlist-1,wordlist-2,wordlist-3
walk	n	3	wordlist-1,wordlist-2,wordlist-3
walk	v	3	wordlist-1,wordlist-2,wordlist-3
wall	n	3	wordlist-1,wordlist-2,wordlist-3
wallet	n	3	wordlist-1,wordlist-2,wordlist-3
want	v	3	wordlist-1,wordlist-2,wordlist-3
war	n	3	wordlist-1,wordlist-2,wordlist-3
warm	adj	3	wordlist-1,wordlist-2,wordlist-3
warm	v	2	wordlist-2,wordlist-3
warn	v	2	wordlist-2,wordlist-3
warning	n	2	wordlist-2,wordlist-3
wash	n	2	wordlist-1,wordlist-2
wash	v	3	wordlist-1,wordlist-2,wordlist-3
wash up	phrv	1	wordlist-3
washing machine	n	1	wordlist-1
waste	n	2	wordlist-1,wordlist-2
waste	v	1	wordlist-2
watch	n	3	wordlist-1,wordlist-2,wordlist-3
watch	v	3	wordlist-1,wordlist-2,wordlist-3
watch out	phrv	2	wordlist-2,wordlist-3
water	n	3	wordlist-1,wordlist-2,wordlist-3
water	v	2	wordlist-1,wordlist-3
waterfall	n	1	wordlist-1
wave	n	2	wordlist-1,wordlist-2
wave	v	1	wordlist-1
wax	n	2	wordlist-2,wordlist-3
way	n	3	wordlist-1,wordlist-2,wordlist-3
we	pron	3	wordlist-1,wordlist-2,wordlist-3
weak	adj	3	wordlist-1,wordlist-2,wordlist-3
weaken	v	1	wordlist-3
weakness	n	3	wordlist-1,wordlist-2,wordlist-3
wealth	n	1	wordlist-2
wealthy	adj	1	wordlist-2
weapon	n	2	wordlist-1,wordlist-2
wear	v	3	wordlist-1,wordlist-2,wordlist-3
weather	n	2	wordlist-1,wordlist-2
web	n	1	wordlist-1
website	n	1	wordlist-1
wedding	n	2	wordlist-2,wordlist-3
weed	n	2	wordlist-2,wordlist-3
weed	v	2	wordlist-2,wordlist-3
week	n	3	wordlist-1,wordlist-2,wordlist-3
weekend	n	2	wordlist-1,wordlist-3
weekly	adj	2	wordlist-2,wordlist-3
weekly	adv	1	wordlist-2
weigh	v	3	wordlist-1,wordlist-2,wordlist-3
weight	n	3	wordlist-1,wordlist-2,wordlist-3
welcome	interj	3	wordlist-1,wordlist-2,wordlist-3
welcome	n	1	wordlist-2
well	adj	2	wordlist-1,wordlist-3
well	adv	3	wordlist-1,wordlist-2,wordlist-3
well	interj	2	wordlist-2,wordlist-3
wet	adj	3	wordlist-1,wordlist-2,wordlist-3
wet	v	1	wordlist-3
wetness	n	1	wordlist-3
what	det	3	wordlist-1,wordlist-2,wordlist-3
what	pron	3	wordlist-1,wordlist-2,wordlist-3
whatever	det	1	wordlist-2
whatever	pron	1	wordlist-2
wheat	n	2	wordlist-2,wordlist-3
wheel	n	3	wordlist-1,wordlist-2,wordlist-3
wheelchair	n	2	wordlist-1,wordlist-3
when	adv	3	wordlist-1,wordlist-2,wordlist-3
when	conj	3	wordlist-1,wordlist-2,wordlist-3
where	adv	3	wordlist-1,wordlist-2,wordlist-3
where	conj	3	wordlist-1,wordlist-2,wordlist-3
whereas	conj	3	wordlist-1,wordlist-2,wordlist-3
whether	conj	3	wordlist-1,wordlist-2,wordlist-3
which	det	3	wordlist-1,wordlist-2,wordlist-3
which	pron	3	wordlist-1,wordlist-2,wordlist-3
while	conj	3	wordlist-1,wordlist-2,wordlist-3
whisper	n	1	wordlist-2
whisper	v	2	wordlist-2,wordlist-3
white	adj	2	wordlist-2,wordlist-3
who	pron	3	wordlist-1,wordlist-2,wordlist-3
whole	adj	3	wordlist-1,wordlist-2,wordlist-3
whole	n	2	wordlist-1,wordlist-2
whom	pron	3	wordlist-1,wordlist-2,wordlist-3
whoops	interj	1	wordlist-3
whose	det	3	wordlist-1,wordlist-2,wordlist-3
whose	pron	3	wordlist-1,wordlist-2,wordlist-3
why	adv	3	wordlist-1,wordlist-2,wordlist-3
wide	adj	3	wordlist-1,wordlist-2,wordlist-3
widely	adv	1	wordlist-2
widow	n	1	wordlist-3
widower	n	1	wordlist-3
width	n	3	wordlist-1,wordlist-2,wordlist-3
wife	n	3	wordlist-1,wordlist-2,wordlist-3
wild	adj	3	wordlist-1,wordlist-2,wordlist-3
will	modal	3	wordlist-1,wordlist-2,wordlist-3
win	n	1	wordlist-1
win	v	3	wordlist-1,wordlist-2,wordlist-3
wind	n	2	wordlist-1,wordlist-2
wind	v	1	wordlist-1
window	n	2	wordlist-1,wordlist-2
wine	n	2	wordlist-1,wordlist-3
wing	n	2	wordlist-2,wordlist-3
winner	n	1	wordlist-1
winter	n	3	wordlist-1,wordlist-2,wordlist-3
wipe	n	1	wordlist-2
wipe	v	2	wordlist-1,wordlist-2
wire	n	2	wordlist-1,wordlist-2
wisdom	n	1	wordlist-3
wise	adj	3	wordlist-1,wordlist-2,wordlist-3
wish	n	2	wordlist-2,wordlist-3
wish	v	2	wordlist-2,wordlist-3
with	prep	3	wordlist-1,wordlist-2,wordlist-3
within	prep	3	wordlist-1,wordlist-2,wordlist-3
without	prep	3	wordlist-1,wordlist-2,wordlist-3
witness	n	1	wordlist-3
woman	n	3	wordlist-1,wordlist-2,wordlist-3
wonder	v	1	wordlist-3
wonderful	adj	1	wordlist-2
wonderfully	adv	1	wordlist-2
wood	n	3	wordlist-1,wordlist-2,wordlist-3
wool	n	2	wordlist-2,wordlist-3
word	n	2	wordlist-1,wordlist-2
work	n	3	wordlist-1,wordlist-2,wordlist-3
work	v	3	wordlist-1,wordlist-2,wordlist-3
work out	phrv	3	wordlist-1,wordlist-2,wordlist-3
worker	n	2	wordlist-1,wordlist-2
world	n	2	wordlist-1,wordlist-2
worm	n	2	wordlist-2,wordlist-3
worn	adj	1	wordlist-3
worried	adj	1	wordlist-1
worry	n	3	wordlist-1,wordlist-2,wordlist-3
worry	v	3	wordlist-1,wordlist-2,wordlist-3
worth	adj	2	wordlist-1,wordlist-2
would	modal	2	wordlist-2,wordlist-3
wound	n	3	wordlist-1,wordlist-2,wordlist-3
wound	v	2	wordlist-2,wordlist-3
wow	interj	3	wordlist-1,wordlist-2,wordlist-3
wrap	v	2	wordlist-1,wordlist-2
wrinkle	n	1	wordlist-3
write	v	3	wordlist-1,wordlist-2,wordlist-3
write down	phrv	3	wordlist-1,wordlist-2,wordlist-3
writer	n	1	wordlist-1
written	adj	1	wordlist-1
wrong	adj	3	wordlist-1,wordlist-2,wordlist-3
wrongly	adv	1	wordlist-2
yard	n	3	wordlist-1,wordlist-2,wordlist-3
yay	interj	1	wordlist-3
year	n	3	wordlist-1,wordlist-2,wordlist-3
yearly	adj	2	wordlist-2,wordlist-3
yearly	adv	1	wordlist-2
yellow	adj	2	wordlist-2,wordlist-3
yes	adv	2	wordlist-1,wordlist-3
yes	interj	2	wordlist-2,wordlist-3
yesterday	adv	3	wordlist-1,wordlist-2,wordlist-3
yesterday	n	2	wordlist-1,wordlist-2
yet	adv	3	wordlist-1,wordlist-2,wordlist-3
yet	conj	2	wordlist-1,wordlist-3
yield	n	1	wordlist-3
you	pron	3	wordlist-1,wordlist-2,wordlist-3
you are welcome	phr	1	wordlist-2
young	adj	3	wordlist-1,wordlist-2,wordlist-3
your	det	2	wordlist-1,wordlist-3
yours	pron	1	wordlist-1
yourself	pron	1	wordlist-3
youth	n	2	wordlist-2,wordlist-3
yuck	interj	1	wordlist-3
zero	num	2	wordlist-1,wordlist-2
zip	n	3	wordlist-1,wordlist-2,wordlist-3
zip	v	3	wordlist-1,wordlist-2,wordlist-3
