headword	pos	band	source	status	added	note
-able	suffix	1	defining	pending	2026-09-16	votes 2
-al	suffix	1	defining	pending	2026-09-16	votes 2
-dom	suffix	3	defining	pending	2026-09-16	votes 1; panel median 3, secondary part of speech
-ed	suffix	1	defining	pending	2026-09-16	votes 1
-en	suffix	1	defining	pending	2026-09-16	votes 2
-er	suffix	1	defining	pending	2026-09-16	votes 2
-ful	suffix	1	defining	pending	2026-09-16	votes 2
-hood	suffix	1	defining	pending	2026-09-16	votes 2
-ic	suffix	1	defining	pending	2026-09-16	votes 1
-ify	suffix	1	defining	pending	2026-09-16	votes 1
-ing	suffix	1	defining	pending	2026-09-16	votes 1
-ish	suffix	1	defining	pending	2026-09-16	votes 2
-ism	suffix	1	defining	pending	2026-09-16	votes 2
-ist	suffix	1	defining	pending	2026-09-16	votes 2
-ity	suffix	1	defining	pending	2026-09-16	votes 2
-ive	suffix	1	defining	pending	2026-09-16	votes 2
-ize	suffix	1	defining	pending	2026-09-16	votes 2
-less	suffix	1	defining	pending	2026-09-16	votes 2
-like	suffix	1	defining	pending	2026-09-16	votes 1
-ly	suffix	1	defining	pending	2026-09-16	votes 2
-ment	suffix	1	defining	pending	2026-09-16	votes 2
-ness	suffix	1	defining	done	2026-09-16	votes 2
-ous	suffix	1	defining	pending	2026-09-16	votes 2
-ship	suffix	1	defining	pending	2026-09-16	votes 2
-tion	suffix	1	defining	pending	2026-09-16	votes 2
-ward	suffix	1	defining	pending	2026-09-16	votes 1
-wise	suffix	1	defining	pending	2026-09-16	votes 1
-y	suffix	1	defining	pending	2026-09-16	votes 1
a	det	1	defining	done	2026-09-16	votes 3; referenced by one-num
a.m.	abbr	1	defining	pending	2026-09-16	votes 2
ability	n	1	defining	done	2026-09-16	votes 3; referenced by able-adj
able	adj	1	defining	done	2026-09-16	votes 2; referenced by can-modal
about	prep	1	defining	done	2026-09-16	votes 3
above	prep	1	defining	done	2026-09-16	votes 3
abroad	adv	1	defining	pending	2026-09-16	votes 1
absolutely	adv	1	defining	pending	2026-09-16	votes 1
absorb	v	1	defining	done	2026-09-16	votes 1
accent	n	1	defining	done	2026-09-16	votes 1
accept	v	1	defining	done	2026-09-16	votes 3; referenced by take-v
accident	n	1	defining	done	2026-09-16	votes 3
account	n	1	defining	done	2026-09-16	votes 2; referenced by bank-n
ache	n	3	defining	pending	2026-09-16	votes 2; panel median 3, secondary part of speech; referenced by pain-n
acid	n	1	defining	done	2026-09-16	votes 1
acquaintance	n	3	defining	pending	2026-09-16	votes 2; panel median 3, secondary part of speech
across	adv	1	defining	pending	2026-09-16	votes 2; referenced by across-prep
across	prep	1	defining	done	2026-09-16	votes 3
act	n	1	defining	done	2026-09-16	votes 2; referenced by action-n
act	v	1	defining	done	2026-09-16	votes 3; referenced by action-n; referenced by actor-n
action	n	1	defining	done	2026-09-16	votes 3
active	adj	1	defining	done	2026-09-16	votes 1; referenced by action-n
activity	n	1	defining	done	2026-09-16	votes 1; referenced by active-adj
actor	n	1	defining	done	2026-09-16	votes 3; referenced by action-n
actual	adj	1	defining	done	2026-09-16	votes 1; referenced by actually-adv
actually	adv	1	defining	done	2026-09-16	votes 3
ad	abbr	1	defining	pending	2026-09-16	votes 2
add	v	1	defining	done	2026-09-16	votes 2; referenced by lend-v; referenced by addition-n
address	n	1	defining	done	2026-09-16	votes 1
adjective	n	1	defining	done	2026-09-16	votes 1
admire	v	1	defining	done	2026-09-16	votes 2
adopt	v	1	defining	done	2026-09-16	votes 1; referenced by borrow-v
adult	adj	1	defining	done	2026-09-16	votes 3; referenced by adult-n
adult	n	1	defining	done	2026-09-16	votes 3; referenced by child-n
advantage	n	1	defining	done	2026-09-16	votes 1
advertise	v	1	defining	done	2026-09-16	votes 1
affect	v	1	defining	done	2026-09-16	votes 2
afford	v	1	defining	done	2026-09-16	votes 2
afraid	adj	1	defining	done	2026-09-16	votes 3
after	adv	1	defining	pending	2026-09-16	votes 2; referenced by after-prep; referenced by after-conj
after	conj	1	defining	done	2026-09-16	votes 3; referenced by after-prep; stale claim, no backing file, see queue-stale-claimed-rows.md
after	prep	1	defining	done	2026-09-16	votes 3
afternoon	n	1	defining	done	2026-09-16	votes 3
again	adv	1	defining	pending	2026-09-16	votes 3
against	prep	1	defining	done	2026-09-16	votes 3
age	n	1	defining	done	2026-09-16	votes 3
age	v	1	defining	done	2026-09-16	votes 2; referenced by age-n
ago	adv	1	defining	done	2026-09-16	votes 3
agree	v	1	defining	done	2026-09-16	votes 3
agreement	n	1	defining	done	2026-09-16	votes 3; referenced by agree-v
ah	interj	1	defining	pending	2026-09-16	votes 3
ahead	adv	1	defining	done	2026-09-16	votes 1; referenced by head-n
aim	n	1	defining	done	2026-09-16	votes 1
air	n	1	defining	done	2026-09-16	votes 3
airport	n	1	defining	done	2026-09-16	votes 3
alarm	n	1	defining	done	2026-09-16	votes 1
alive	adj	1	defining	done	2026-09-16	votes 2
all	det	1	defining	done	2026-09-16	votes 3
all	pron	1	defining	done	2026-09-16	votes 2
allow	v	1	defining	done	2026-09-16	votes 2
almost	adv	1	defining	pending	2026-09-16	votes 3
alone	adj	1	defining	done	2026-09-16	votes 3
along	prep	1	defining	done	2026-09-16	votes 3
alphabet	n	1	defining	done	2026-09-16	votes 1
already	adv	1	defining	pending	2026-09-16	votes 3
also	adv	1	defining	pending	2026-09-16	votes 3
although	conj	1	defining	done	2026-09-16	votes 3; referenced by in-spite-of-prep; referenced by despite-prep; referenced by when-conj; stale claim, no backing file, see queue-stale-claimed-rows.md
always	adv	1	defining	pending	2026-09-16	votes 3
am	abbr	1	defining	pending	2026-09-16	votes 2
ambulance	n	1	defining	done	2026-09-16	votes 2
among	prep	1	defining	done	2026-09-16	votes 3
amount	n	1	defining	done	2026-09-16	votes 3
an	det	1	defining	done	2026-09-16	votes 1
ancestor	n	3	defining	pending	2026-09-16	votes 2; panel median 3, secondary part of speech
and	conj	1	defining	done	2026-09-16	votes 3
anger	n	1	defining	done	2026-09-16	votes 3; referenced by angry-adj
angle	n	1	defining	done	2026-09-16	votes 1
angry	adj	1	defining	done	2026-09-16	votes 3
animal	n	1	defining	done	2026-09-16	votes 3
annual	adj	1	defining	pending	2026-09-16	votes 2
another	det	1	defining	done	2026-09-16	votes 2
answer	n	1	defining	done	2026-09-16	votes 3; referenced by answer-v
answer	v	1	defining	done	2026-09-16	votes 3; referenced by get-v; referenced by pick-up-phrv
anti-	prefix	3	defining	pending	2026-09-16	votes 2; panel median 3, secondary part of speech
anxious	adj	1	defining	done	2026-09-16	votes 2; referenced by afraid-adj
any	det	1	defining	done	2026-09-16	votes 3; referenced by some-det
any	pron	1	defining	done	2026-09-16	votes 2
anybody	pron	1	defining	done	2026-09-16	votes 1; referenced by any-det
anyone	pron	1	defining	done	2026-09-16	votes 1; referenced by any-det; referenced by anybody-pron
anything	pron	1	defining	done	2026-09-16	votes 1; referenced by thing-n; referenced by any-det
anyway	adv	1	defining	done	2026-09-16	votes 2
anywhere	adv	1	defining	pending	2026-09-16	votes 2; referenced by any-det
apart	adv	1	defining	pending	2026-09-16	votes 3
apartment	n	1	defining	done	2026-09-16	votes 1; referenced by house-n
apologize	v	1	defining	done	2026-09-16	votes 1; referenced by sorry-adj
app	abbr	1	defining	pending	2026-09-16	votes 2
appeal	n	3	defining	pending	2026-09-16	votes 2; panel median 3, secondary part of speech; referenced by appeal-v
appeal	v	1	defining	done	2026-09-16	votes 2
appear	v	1	defining	done	2026-09-16	votes 2
appearance	n	1	defining	done	2026-09-16	votes 2; referenced by appear-v
appointment	n	1	defining	done	2026-09-16	votes 2
area	n	1	defining	done	2026-09-16	votes 3
argue	v	1	defining	done	2026-09-16	votes 3
argument	n	1	defining	done	2026-09-16	votes 3; referenced by argue-v
arm	n	1	defining	done	2026-09-16	votes 3; referenced by hand-n
army	n	1	defining	done	2026-09-16	votes 3
around	adv	1	defining	pending	2026-09-16	votes 2; referenced by around-prep
around	prep	1	defining	done	2026-09-16	votes 3
arrest	n	1	defining	done	2026-09-16	votes 3; referenced by arrest-v
arrest	v	1	defining	done	2026-09-16	votes 3
arrive	v	1	defining	done	2026-09-16	votes 3; referenced by get-v; referenced by go-v
art	n	1	defining	done	2026-09-16	votes 3
artist	n	1	defining	done	2026-09-16	votes 2
as	conj	1	defining	done	2026-09-16	votes 3; referenced by because-conj; referenced by as-prep; stale claim, no backing file, see queue-stale-claimed-rows.md
as	prep	1	defining	done	2026-09-16	votes 3
ash	n	3	defining	pending	2026-09-16	votes 1; panel median 3, secondary part of speech
ashamed	adj	1	defining	pending	2026-09-16	votes 2; referenced by shame-n
ask	v	1	defining	done	2026-09-16	votes 3; referenced by tell-v
asleep	adj	1	defining	done	2026-09-16	votes 3
assume	v	1	defining	done	2026-09-16	votes 2
at	prep	1	defining	done	2026-09-16	votes 3
attack	n	1	defining	done	2026-09-16	votes 3; referenced by attack-v
attack	v	1	defining	done	2026-09-16	votes 3
attempt	n	1	defining	done	2026-09-16	votes 1
attention	n	1	defining	done	2026-09-16	votes 2
attitude	n	1	defining	done	2026-09-16	votes 2
audience	n	1	defining	done	2026-09-16	votes 2; referenced by house-n
aunt	n	1	defining	done	2026-09-16	votes 3
author	n	1	defining	done	2026-09-16	votes 1
authority	n	1	defining	done	2026-09-16	votes 2
automatic	adj	1	defining	pending	2026-09-16	votes 1
autumn	n	1	defining	done	2026-09-16	votes 3
available	adj	1	defining	done	2026-09-16	votes 1
average	adj	1	defining	pending	2026-09-16	votes 1
awake	adj	1	defining	done	2026-09-16	votes 3; referenced by asleep-adj
aware	adj	1	defining	done	2026-09-16	votes 3; referenced by awake-adj
away	adv	1	defining	pending	2026-09-16	votes 3
baby	n	1	defining	done	2026-09-16	votes 3; referenced by child-n
back	adv	1	defining	pending	2026-09-16	votes 3; referenced by back-n
back	n	1	defining	done	2026-09-16	votes 3
backward	adv	1	defining	pending	2026-09-16	votes 2
bacteria	n	1	defining	done	2026-09-16	votes 1
bad	adj	1	defining	done	2026-09-16	votes 2; referenced by good-adj
badly	adv	1	defining	pending	2026-09-16	votes 3; referenced by bad-adj
bag	n	1	defining	done	2026-09-16	votes 3
bake	v	1	defining	done	2026-09-16	votes 2
bald	adj	3	defining	pending	2026-09-16	votes 2; panel median 3, secondary part of speech
ball	n	1	defining	done	2026-09-16	votes 3; referenced by dance-n
band	n	1	defining	done	2026-09-16	votes 2
bandage	n	3	defining	pending	2026-09-16	votes 2; panel median 3, secondary part of speech
bank	n	1	defining	done	2026-09-16	votes 2
barely	adv	1	defining	pending	2026-09-16	votes 2
bark	n	3	defining	pending	2026-09-16	votes 1; panel median 3, secondary part of speech
basic	adj	1	defining	pending	2026-09-16	votes 2; referenced by basis-n; referenced by base-v
basically	adv	1	defining	pending	2026-09-16	votes 1; referenced by basis-n
basis	n	1	defining	done	2026-09-16	votes 1
basket	n	1	defining	done	2026-09-16	votes 2
bath	n	1	defining	done	2026-09-16	votes 2
bathroom	n	1	defining	done	2026-09-16	votes 2
battery	n	1	defining	done	2026-09-16	votes 1
battle	n	1	defining	done	2026-09-16	votes 1
be	aux	1	defining	done	2026-09-16	votes 3; covered by the be-v entry (auxiliary or pronoun uses are senses there); reset 2026-10-05 by the owner's ruling (inbox 20261005, item 5): split the auxiliary senses out of be-v; released: auxiliaries are done one per review run (owner's ruling item 5)
be	v	1	defining	done	2026-09-16	votes 3
beach	n	1	defining	done	2026-09-16	votes 1; referenced by bank-n
beak	n	3	defining	pending	2026-09-16	votes 2; panel median 3, secondary part of speech
bean	n	1	defining	done	2026-09-16	votes 2
beard	n	1	defining	done	2026-09-16	votes 1
beat	n	1	defining	done	2026-09-16	votes 3; referenced by beat-v
beat	v	1	defining	done	2026-09-16	votes 3
beautiful	adj	1	defining	pending	2026-09-16	votes 3; referenced by attractive-adj; referenced by beauty-n; referenced by beautify-v
beauty	n	1	defining	done	2026-09-16	votes 3
because	conj	1	defining	done	2026-09-16	votes 3
become	v	1	defining	done	2026-09-16	votes 3; referenced by get-v; referenced by go-v; released, not drafted this run (fewer/better)
bed	n	1	defining	done	2026-09-16	votes 2
bedroom	n	1	defining	done	2026-09-16	votes 2
bee	n	1	defining	done	2026-09-16	votes 1
beer	n	1	defining	done	2026-09-16	votes 2
before	adv	1	defining	pending	2026-09-16	votes 2; referenced by ago-adv; referenced by before-conj
before	conj	1	defining	done	2026-09-16	votes 3; referenced by before-prep; stale claim, no backing file, see queue-stale-claimed-rows.md
before	prep	1	defining	done	2026-09-16	votes 3; referenced by after-prep
begin	v	1	defining	done	2026-09-16	votes 3; released, not drafted this run (fewer/better)
beginning	n	1	defining	done	2026-09-16	votes 3; referenced by begin-v
behavior	n	1	defining	done	2026-09-16	votes 2; referenced by behave-v
behind	prep	1	defining	done	2026-09-16	votes 3
belief	n	1	defining	done	2026-09-16	votes 3; referenced by believe-v
believe	v	1	defining	done	2026-09-16	votes 3; released, not drafted this run (fewer/better)
belong	v	1	defining	done	2026-09-16	votes 2; referenced by go-v; released, not drafted this run (fewer/better)
belong to	phrv	1	defining	duplicate	2026-09-16	votes 2; lint 2026-09-23: prepositional complement, covered by belong-v senses 1-2
below	prep	1	defining	done	2026-09-16	votes 3; referenced by above-prep; returned to queue; not drafted this run (kept batch to 13 for quality)
belt	n	1	defining	done	2026-09-16	votes 3
bench	n	1	defining	done	2026-09-16	votes 1
bend	v	1	defining	done	2026-09-16	votes 3; released, not drafted this run (fewer/better)
benefit	n	1	defining	done	2026-09-16	votes 2
bent	adj	3	defining	pending	2026-09-16	votes 1; panel median 3, secondary part of speech; referenced by bend-v
berry	n	1	defining	done	2026-09-16	votes 1
beside	prep	1	defining	done	2026-09-16	votes 3; returned to queue; not drafted this run (kept batch to 13 for quality)
between	prep	1	defining	done	2026-09-16	votes 3; referenced by among-prep
beyond	prep	1	defining	done	2026-09-16	votes 3; returned to queue; not drafted this run (kept batch to 13 for quality)
bicycle	n	1	defining	done	2026-09-16	votes 1; referenced by motorcycle-n
big	adj	1	defining	done	2026-09-16	votes 3
bike	n	1	defining	done	2026-09-16	votes 2
bill	n	1	defining	done	2026-09-16	votes 2
bind	v	3	defining	pending	2026-09-16	votes 1; panel median 3, secondary part of speech
bio-	comb	4	defining	pending	2026-09-16	votes 2; panel median 4, secondary part of speech
bird	n	1	defining	done	2026-09-16	votes 2
birth	n	1	defining	done	2026-09-16	votes 3
birthday	n	1	defining	done	2026-09-16	votes 1
bit	n	1	defining	done	2026-09-16	votes 1
bite	v	1	defining	done	2026-09-16	votes 2; released, not drafted this run (fewer/better)
bitter	adj	1	defining	pending	2026-09-16	votes 2
black	adj	1	defining	pending	2026-09-16	votes 2
blade	n	1	defining	done	2026-09-16	votes 1
blame	n	1	defining	done	2026-09-16	votes 1
blanket	n	1	defining	done	2026-09-16	votes 1
bleed	v	1	defining	done	2026-09-16	votes 3; released, not drafted this run (fewer/better)
blind	adj	1	defining	pending	2026-09-16	votes 3
block	n	1	defining	done	2026-09-16	votes 1
blood	n	1	defining	done	2026-09-16	votes 3; referenced by bleed-v
blow	v	1	defining	done	2026-09-16	votes 2; released, not drafted this run (fewer/better)
blue	adj	1	defining	pending	2026-09-16	votes 2
blunt	adj	3	defining	pending	2026-09-16	votes 1; panel median 3, secondary part of speech
board	v	1	defining	done	2026-09-16	votes 2
boat	n	1	defining	done	2026-09-16	votes 3
body	n	1	defining	done	2026-09-16	votes 3
boil	v	1	defining	done	2026-09-16	votes 3
bold	adj	1	defining	pending	2026-09-16	votes 1
bomb	n	1	defining	done	2026-09-16	votes 1
bone	n	1	defining	done	2026-09-16	votes 3
book	n	1	defining	done	2026-09-16	votes 3
boot	n	1	defining	done	2026-09-16	votes 2
bore	v	3	defining	pending	2026-09-16	votes 3; panel median 3, secondary part of speech; referenced by excite-v; referenced by interest-v
bored	adj	1	defining	pending	2026-09-16	votes 3
born	adj	1	defining	pending	2026-09-16	votes 3; referenced by birth-n
borrow	v	1	defining	done	2026-09-16	votes 1
boss	n	1	defining	done	2026-09-16	votes 3; referenced by head-n
both	det	1	defining	done	2026-09-16	votes 3
both	pron	1	defining	done	2026-09-16	votes 2; referenced by both-det
bottle	n	1	defining	done	2026-09-16	votes 2
bottom	n	1	defining	done	2026-09-16	votes 3; referenced by head-n; referenced by bed-n
bowl	n	1	defining	done	2026-09-16	votes 3
box	n	1	defining	done	2026-09-16	votes 2
boy	n	1	defining	done	2026-09-16	votes 3
brain	n	1	defining	done	2026-09-16	votes 3; referenced by head-n
branch	n	1	defining	done	2026-09-16	votes 2
brave	adj	1	defining	pending	2026-09-16	votes 3
bread	n	1	defining	done	2026-09-16	votes 2
break	n	1	defining	done	2026-09-16	votes 3; referenced by break-v
break	v	1	defining	done	2026-09-16	votes 3
break down	phrv	1	defining	pending	2026-09-16	votes 3; referenced by break-v
break up	phrv	1	defining	pending	2026-09-16	votes 3; referenced by break-v
breakfast	n	1	defining	done	2026-09-16	votes 3
breath	n	1	defining	done	2026-09-16	votes 1; referenced by breathe-v
breathe	v	1	defining	done	2026-09-16	votes 2
breed	v	1	defining	done	2026-09-16	votes 2; released, not drafted this run (fewer/better)
bridge	n	1	defining	done	2026-09-16	votes 3
brief	adj	1	defining	pending	2026-09-16	votes 1
briefly	adv	1	defining	pending	2026-09-16	votes 1; referenced by quickly-adv
bright	adj	1	defining	pending	2026-09-16	votes 3; referenced by light-n; referenced by shiny-adj
bring	v	1	defining	done	2026-09-16	votes 3; referenced by get-v; released, not drafted this run (fewer/better)
bring about	phrv	1	defining	pending	2026-09-16	votes 1; referenced by cause-v
bring back	phrv	1	defining	pending	2026-09-16	votes 1
bring up	phrv	1	defining	pending	2026-09-16	votes 3; referenced by bring-v; referenced by raise-v
broom	n	3	defining	pending	2026-09-16	votes 1; panel median 3, secondary part of speech; referenced by brush-n
brother	n	1	defining	done	2026-09-16	votes 3
brown	adj	1	defining	pending	2026-09-16	votes 1
bruise	n	3	defining	pending	2026-09-16	votes 2; panel median 3, secondary part of speech
brush	n	1	defining	done	2026-09-16	votes 3; referenced by brush-v
brush	v	1	defining	done	2026-09-16	votes 3; released, not drafted this run (fewer/better)
bucket	n	1	defining	done	2026-09-16	votes 1
bug	n	1	defining	done	2026-09-16	votes 1
build	v	1	defining	done	2026-09-16	votes 3; referenced by make-v; released, not drafted this run (fewer/better)
building	n	1	defining	done	2026-09-16	votes 3; referenced by build-v; referenced by block-n
burn	n	1	defining	done	2026-09-16	votes 3; referenced by burn-v
burn	v	1	defining	done	2026-09-16	votes 3; released, not drafted this run (fewer/better)
bury	v	1	defining	done	2026-09-16	votes 1; released, not drafted this run (fewer/better)
bus	n	1	defining	done	2026-09-16	votes 3
bush	n	1	defining	done	2026-09-16	votes 2
business	n	1	defining	done	2026-09-16	votes 2
busy	adj	1	defining	pending	2026-09-16	votes 3
but	conj	1	defining	done	2026-09-16	votes 3; referenced by and-conj; referenced by however-adv; referenced by yet-conj; stale claim, no backing file, see queue-stale-claimed-rows.md
butter	n	1	defining	done	2026-09-16	votes 2
button	n	1	defining	done	2026-09-16	votes 3
button	v	3	defining	pending	2026-09-16	votes 2; panel median 3, secondary part of speech; referenced by button-n
buy	v	1	defining	done	2026-09-16	votes 3; released, not drafted this run (fewer/better)
by	prep	1	defining	done	2026-09-16	votes 3
bye	interj	1	defining	pending	2026-09-16	votes 3
cabinet	n	1	defining	done	2026-09-16	votes 1
cable	n	1	defining	done	2026-09-16	votes 1
cake	n	1	defining	done	2026-09-16	votes 2; referenced by birthday-n
calculate	v	1	defining	done	2026-09-16	votes 1; released, not drafted this run (fewer/better)
calendar	n	1	defining	done	2026-09-16	votes 2
call	v	1	defining	done	2026-09-16	votes 3
call off	phrv	1	defining	pending	2026-09-16	votes 2; referenced by call-v
calm	adj	1	defining	pending	2026-09-16	votes 3; referenced by anxious-adj; referenced by calm-v
calm	v	1	defining	done	2026-09-16	votes 3
calm down	phrv	1	defining	pending	2026-09-16	votes 1; referenced by calm-v; referenced by relax-v
camera	n	1	defining	done	2026-09-16	votes 2
can	modal	1	defining	done	2026-09-16	votes 3
cancer	n	1	defining	done	2026-09-16	votes 2
candy	n	1	defining	done	2026-09-16	votes 1
capital	n	1	defining	done	2026-09-16	votes 1
car	n	1	defining	done	2026-09-16	votes 3
card	n	1	defining	done	2026-09-16	votes 1
care	n	1	defining	done	2026-09-16	votes 3; referenced by look-after-phrv; referenced by care-v
care	v	1	defining	done	2026-09-16	votes 3
career	n	1	defining	done	2026-09-16	votes 1
careful	adj	1	defining	pending	2026-09-16	votes 3; referenced by care-v; referenced by care-n
carefully	adv	1	defining	pending	2026-09-16	votes 3; referenced by deliberately-adv
careless	adj	1	defining	pending	2026-09-16	votes 3; referenced by care-v; referenced by care-n
carpet	n	1	defining	done	2026-09-16	votes 2
carry	v	1	defining	done	2026-09-16	votes 3; referenced by borrow-v; referenced by take-v
carry on	phrv	1	defining	pending	2026-09-16	votes 3; referenced by carry-v; referenced by continue-v
carry out	phrv	1	defining	pending	2026-09-16	votes 1; referenced by do-v; referenced by carry-v; referenced by perform-v
cartoon	n	1	defining	done	2026-09-16	votes 1
case	n	1	defining	done	2026-09-16	votes 2; referenced by box-n
cash	n	1	defining	done	2026-09-16	votes 2; referenced by money-n
cat	n	1	defining	done	2026-09-16	votes 1
catch	v	1	defining	done	2026-09-16	votes 3; referenced by get-v; referenced by pick-up-phrv; referenced by make-v
catch up	phrv	1	defining	pending	2026-09-16	votes 2; referenced by catch-v
cattle	n	3	defining	pending	2026-09-16	votes 1; panel median 3, secondary part of speech; referenced by cow-n
cause	n	1	defining	done	2026-09-16	votes 3; referenced by cause-v
cause	v	1	defining	done	2026-09-16	votes 3; referenced by breed-v
cave	n	1	defining	done	2026-09-16	votes 1
ceiling	n	1	defining	done	2026-09-16	votes 1
celebrate	v	1	defining	done	2026-09-16	votes 1
cell	n	1	defining	done	2026-09-16	votes 1
center	n	1	defining	done	2026-09-16	votes 2
central	adj	1	defining	pending	2026-09-16	votes 1; referenced by center-n; referenced by center-v
century	n	1	defining	done	2026-09-16	votes 2
certain	adj	1	defining	pending	2026-09-16	votes 3
certainly	adv	1	defining	pending	2026-09-16	votes 3
chain	n	1	defining	done	2026-09-16	votes 1
chair	n	1	defining	done	2026-09-16	votes 3
chance	n	1	defining	done	2026-09-16	votes 2
change	n	1	defining	done	2026-09-16	votes 3; referenced by change-v; referenced by cash-n
change	v	1	defining	done	2026-09-16	votes 3
chapter	n	1	defining	done	2026-09-16	votes 1
character	n	1	defining	done	2026-09-16	votes 3
charge	n	1	defining	done	2026-09-16	votes 2; referenced by charge-v
charge	v	1	defining	done	2026-09-16	votes 2
cheap	adj	1	defining	pending	2026-09-16	votes 2
check	v	1	defining	done	2026-09-16	votes 2; referenced by see-v
check out	phrv	1	defining	pending	2026-09-16	votes 2; referenced by check-v
cheese	n	1	defining	done	2026-09-16	votes 2
chemical	adj	1	defining	pending	2026-09-16	votes 1
chest	n	1	defining	done	2026-09-16	votes 3
chew	v	1	defining	done	2026-09-16	votes 2; referenced by bite-v
chicken	n	1	defining	done	2026-09-16	votes 3
child	n	1	defining	done	2026-09-16	votes 3
choice	n	1	defining	done	2026-09-16	votes 3; referenced by choose-v
choose	v	1	defining	done	2026-09-16	votes 3
chop	v	1	defining	done	2026-09-16	votes 2
church	n	1	defining	done	2026-09-16	votes 3
circle	n	1	defining	done	2026-09-16	votes 2
citizen	n	1	defining	done	2026-09-16	votes 3
city	n	1	defining	done	2026-09-16	votes 2
claim	n	1	defining	done	2026-09-16	votes 1
class	n	1	defining	done	2026-09-16	votes 2
claw	n	3	defining	pending	2026-09-16	votes 2; panel median 3, secondary part of speech
clay	n	1	defining	done	2026-09-16	votes 2
clean	adj	1	defining	pending	2026-09-16	votes 3; referenced by clean-v
clean	v	1	defining	done	2026-09-16	votes 3
clean up	phrv	1	defining	pending	2026-09-16	votes 2; referenced by clean-v
clear	adj	1	defining	pending	2026-09-16	votes 3
clear up	phrv	1	defining	pending	2026-09-16	votes 1
clearly	adv	1	defining	pending	2026-09-16	votes 3
clever	adj	1	defining	pending	2026-09-16	votes 3; referenced by intelligence-n
client	n	1	defining	done	2026-09-16	votes 1
climate	n	1	defining	done	2026-09-16	votes 1
climb	v	1	defining	done	2026-09-16	votes 2
clinic	n	3	defining	pending	2026-09-16	votes 2; panel median 3, secondary part of speech; referenced by hospital-n
clock	n	1	defining	done	2026-09-16	votes 3; referenced by oclock-adv; referenced by time-n
close	adj	1	defining	pending	2026-09-16	votes 3; referenced by close-v
close	v	1	defining	done	2026-09-16	votes 3
closed	adj	1	defining	pending	2026-09-16	votes 3; referenced by close-v
closely	adv	1	defining	pending	2026-09-16	votes 1
closet	n	1	defining	done	2026-09-16	votes 2; referenced by cabinet-n
cloth	n	1	defining	done	2026-09-16	votes 3; referenced by weave-v
clothes	n	1	defining	done	2026-09-16	votes 3
cloud	n	1	defining	done	2026-09-16	votes 2
club	n	1	defining	done	2026-09-16	votes 1
cm	abbr	1	defining	pending	2026-09-16	votes 2
co-	prefix	1	defining	pending	2026-09-16	votes 2
coast	n	1	defining	done	2026-09-16	votes 2; referenced by bank-n; referenced by beach-n
coat	n	1	defining	done	2026-09-16	votes 3
code	n	1	defining	done	2026-09-16	votes 1
coffee	n	1	defining	done	2026-09-16	votes 2
coin	n	1	defining	done	2026-09-16	votes 2
cold	adj	1	defining	pending	2026-09-16	votes 3; referenced by cold-n; referenced by ice-n
cold	n	1	defining	done	2026-09-16	votes 2
colleague	n	1	defining	done	2026-09-16	votes 1
collect	v	1	defining	done	2026-09-16	votes 1
college	n	1	defining	done	2026-09-16	votes 1
color	n	1	defining	done	2026-09-16	votes 3
comb	n	1	defining	done	2026-09-16	votes 3; referenced by brush-n
comb	v	3	defining	pending	2026-09-16	votes 2; panel median 3, secondary part of speech; referenced by brush-v; referenced by comb-n
come	v	1	defining	done	2026-09-16	votes 3; referenced by go-v
come back	phrv	1	defining	pending	2026-09-16	votes 3; referenced by come-v; referenced by return-v
come from	phrv	1	defining	pending	2026-09-16	votes 2
come in	phrv	1	defining	pending	2026-09-16	votes 3; referenced by come-v
come on	phrv	1	defining	pending	2026-09-16	votes 1; referenced by come-v
come out	phrv	1	defining	pending	2026-09-16	votes 1; referenced by come-v
come up with	phrv	1	defining	pending	2026-09-16	votes 1
comfort	n	1	defining	done	2026-09-16	votes 3
comfort	v	3	defining	pending	2026-09-16	votes 3; panel median 3, secondary part of speech; referenced by comfort-n
comfortable	adj	1	defining	pending	2026-09-16	votes 3; referenced by comfort-n
commercial	adj	1	defining	pending	2026-09-16	votes 1
common	adj	1	defining	pending	2026-09-16	votes 2
commonly	adv	1	defining	pending	2026-09-16	votes 1
communicate	v	1	defining	done	2026-09-16	votes 1
community	n	1	defining	done	2026-09-16	votes 3
company	n	1	defining	done	2026-09-16	votes 2; referenced by house-n; referenced by business-n
compare	v	1	defining	done	2026-09-16	votes 2; referenced by against-prep
comparison	n	1	defining	done	2026-09-16	votes 3; referenced by compare-v; referenced by comparative-adj
compete	v	1	defining	done	2026-09-16	votes 1
competition	n	1	defining	done	2026-09-16	votes 2; referenced by compete-v
complete	adj	1	defining	pending	2026-09-16	votes 2
completely	adv	1	defining	pending	2026-09-16	votes 2
complex	adj	1	defining	pending	2026-09-16	votes 2
computer	n	1	defining	done	2026-09-16	votes 1
concert	n	1	defining	done	2026-09-16	votes 1
conclude	v	3	defining	pending	2026-09-16	votes 1; panel median 3, secondary part of speech
conclusion	n	3	defining	pending	2026-09-16	votes 1; panel median 3, secondary part of speech
condition	n	1	defining	done	2026-09-16	votes 3
confidence	n	1	defining	done	2026-09-16	votes 2; referenced by belief-n
confident	adj	1	defining	pending	2026-09-16	votes 2; referenced by confidence-n
conflict	n	1	defining	done	2026-09-16	votes 1
confuse	v	1	defining	done	2026-09-16	votes 2
confused	adj	1	defining	pending	2026-09-16	votes 2; referenced by confuse-v; referenced by confusion-n
confusion	n	1	defining	done	2026-09-16	votes 2; referenced by confuse-v
congratulations	interj	1	defining	pending	2026-09-16	votes 1
connect	v	1	defining	done	2026-09-16	votes 2
connected	adj	1	defining	pending	2026-09-16	votes 1; referenced by connect-v; referenced by connection-n
connection	n	1	defining	done	2026-09-16	votes 2; referenced by connect-v
conscious	adj	1	defining	pending	2026-09-16	votes 3; referenced by aware-adj
consider	v	1	defining	done	2026-09-16	votes 3
consist	v	1	defining	done	2026-09-16	votes 1
consist of	phrv	1	defining	pending	2026-09-16	votes 1
contain	v	1	defining	done	2026-09-16	votes 2
container	n	1	defining	done	2026-09-16	votes 1; referenced by contain-v; referenced by box-n
contest	n	1	defining	done	2026-09-16	votes 1; referenced by competition-n
continue	v	1	defining	done	2026-09-16	votes 2; referenced by run-v
contract	n	1	defining	done	2026-09-16	votes 1
control	n	1	defining	done	2026-09-16	votes 3; referenced by hand-n; referenced by control-v
control	v	1	defining	done	2026-09-16	votes 3
convenient	adj	1	defining	pending	2026-09-16	votes 1
conversation	n	1	defining	done	2026-09-16	votes 2; referenced by talk-v
cook	v	1	defining	done	2026-09-16	votes 3
cooked	adj	3	defining	pending	2026-09-16	votes 1; panel median 3, secondary part of speech
cool	adj	1	defining	pending	2026-09-16	votes 3; referenced by cool-v
cool	v	1	defining	done	2026-09-16	votes 3
copy	n	1	defining	done	2026-09-16	votes 2; referenced by copy-v
copy	v	1	defining	done	2026-09-16	votes 2; referenced by borrow-v
corn	n	1	defining	done	2026-09-16	votes 2
corner	n	1	defining	done	2026-09-16	votes 3
correct	adj	1	defining	pending	2026-09-16	votes 2
correctly	adv	1	defining	pending	2026-09-16	votes 1
cost	n	1	defining	done	2026-09-16	votes 2; referenced by cost-v; referenced by charge-n
cost	v	1	defining	done	2026-09-16	votes 2; referenced by charge-v
cotton	n	1	defining	done	2026-09-16	votes 1
cough	n	1	defining	done	2026-09-16	votes 2; referenced by cough-v
cough	v	1	defining	done	2026-09-16	votes 2
could	modal	1	defining	done	2026-09-16	votes 2; referenced by can-modal
council	n	1	defining	done	2026-09-16	votes 1
count	v	1	defining	done	2026-09-16	votes 1
country	n	1	defining	done	2026-09-16	votes 3
couple	n	1	defining	done	2026-09-16	votes 3
courage	n	1	defining	done	2026-09-16	votes 3; referenced by encourage-v; referenced by bottle-n
course	n	1	defining	done	2026-09-16	votes 1; referenced by class-n
court	n	1	defining	done	2026-09-16	votes 3
cousin	n	1	defining	done	2026-09-16	votes 3
cover	v	1	defining	done	2026-09-16	votes 2
cow	n	1	defining	done	2026-09-16	votes 1
crack	n	1	defining	done	2026-09-16	votes 1
crash	n	1	defining	done	2026-09-16	votes 3; referenced by crash-v
crash	v	1	defining	done	2026-09-16	votes 3
create	v	1	defining	done	2026-09-16	votes 2; referenced by make-v
creative	adj	1	defining	pending	2026-09-16	votes 2; referenced by create-v
creature	n	1	defining	done	2026-09-16	votes 1; referenced by thing-n; referenced by animal-n
credit	n	1	defining	done	2026-09-16	votes 2
crime	n	1	defining	done	2026-09-16	votes 3; referenced by police-n
criminal	adj	1	defining	pending	2026-09-16	votes 3; referenced by crime-n
criminal	n	1	defining	done	2026-09-16	votes 3
crop	n	1	defining	done	2026-09-16	votes 2
cross	v	1	defining	done	2026-09-16	votes 3
crowd	n	1	defining	done	2026-09-16	votes 2; referenced by audience-n
crowded	adj	1	defining	pending	2026-09-16	votes 1; referenced by crowd-n; referenced by crowd-v
cruel	adj	3	defining	pending	2026-09-16	votes 3; panel median 3, secondary part of speech
cruelty	n	3	defining	pending	2026-09-16	votes 2; panel median 3, secondary part of speech
crush	v	1	defining	done	2026-09-16	votes 1
cry	n	1	defining	done	2026-09-16	votes 1
cup	n	1	defining	done	2026-09-16	votes 3; referenced by bottle-n
cupboard	n	3	defining	pending	2026-09-16	votes 1; panel median 3, secondary part of speech; referenced by cabinet-n; referenced by closet-n; referenced by shelf-n
cure	v	1	defining	done	2026-09-16	votes 3
curious	adj	1	defining	pending	2026-09-16	votes 1
curly	adj	3	defining	pending	2026-09-16	votes 1; panel median 3, secondary part of speech
current	adj	1	defining	pending	2026-09-16	votes 1; referenced by old-adj
curtain	n	1	defining	done	2026-09-16	votes 2
curved	adj	3	defining	pending	2026-09-16	votes 2; panel median 3, secondary part of speech
custom	n	1	defining	done	2026-09-16	votes 1
customer	n	1	defining	done	2026-09-16	votes 2; referenced by client-n
cut	n	1	defining	done	2026-09-16	votes 3; referenced by cut-v
cut	v	1	defining	done	2026-09-16	votes 3; referenced by chop-v
cut down	phrv	1	defining	pending	2026-09-16	votes 1; referenced by cut-v
cut off	phrv	1	defining	pending	2026-09-16	votes 2; referenced by cut-v
daily	adj	1	defining	pending	2026-09-16	votes 3; referenced by day-n
daily	adv	1	defining	pending	2026-09-16	votes 2; referenced by day-n
damage	n	1	defining	done	2026-09-16	votes 3; referenced by damage-v
damage	v	1	defining	done	2026-09-16	votes 2
dance	n	1	defining	done	2026-09-16	votes 3; referenced by dance-v
dance	v	1	defining	done	2026-09-16	votes 3
danger	n	1	defining	done	2026-09-16	votes 2
dangerous	adj	1	defining	pending	2026-09-16	votes 2; referenced by danger-n
dare	modal	3	defining	pending	2026-09-16	votes 1; panel median 3, secondary part of speech
dark	adj	1	defining	pending	2026-09-16	votes 3; referenced by dark-n
dark	n	1	defining	done	2026-09-16	votes 2
data	n	1	defining	done	2026-09-16	votes 2; referenced by information-n
date	n	1	defining	done	2026-09-16	votes 3; referenced by date-v; referenced by appointment-n
date	v	1	defining	done	2026-09-16	votes 2
daughter	n	1	defining	done	2026-09-16	votes 3; referenced by child-n
day	n	1	defining	done	2026-09-16	votes 3
de-	prefix	4	defining	pending	2026-09-16	votes 2; panel median 4, secondary part of speech
dead	adj	1	defining	pending	2026-09-16	votes 3; referenced by die-v; referenced by death-n
deaf	adj	1	defining	pending	2026-09-16	votes 3; referenced by hearing-n
deal	n	1	defining	done	2026-09-16	votes 1
deal with	phrv	1	defining	pending	2026-09-16	votes 2; referenced by handle-v
death	n	1	defining	done	2026-09-16	votes 3; referenced by die-v; referenced by birth-n
debate	n	1	defining	done	2026-09-16	votes 1
debt	n	1	defining	done	2026-09-16	votes 2
decade	n	1	defining	done	2026-09-16	votes 2
decay	v	3	defining	pending	2026-09-16	votes 1; panel median 3, secondary part of speech
decide	v	1	defining	done	2026-09-16	votes 3; referenced by choose-v
decision	n	1	defining	done	2026-09-16	votes 3; referenced by decide-v
decrease	n	1	defining	done	2026-09-16	votes 2; referenced by decrease-v
decrease	v	1	defining	done	2026-09-16	votes 3
deep	adj	1	defining	pending	2026-09-16	votes 3; referenced by depth-n
deeply	adv	1	defining	pending	2026-09-16	votes 2; referenced by depth-n
defend	v	1	defining	done	2026-09-16	votes 3; referenced by attack-v
defense	n	1	defining	done	2026-09-16	votes 2; referenced by defend-v; referenced by attack-n
define	v	1	defining	done	2026-09-16	votes 2
definitely	adv	1	defining	pending	2026-09-16	votes 3
definition	n	1	defining	done	2026-09-16	votes 2; referenced by define-v
degree	n	1	defining	done	2026-09-16	votes 3
delay	n	1	defining	done	2026-09-16	votes 1
delete	v	1	defining	done	2026-09-16	votes 1
delicious	adj	1	defining	pending	2026-09-16	votes 1
deliver	v	1	defining	done	2026-09-16	votes 1
demand	n	1	defining	done	2026-09-16	votes 1
democracy	n	1	defining	done	2026-09-16	votes 1
deodorant	n	3	defining	pending	2026-09-16	votes 2; panel median 3, secondary part of speech
department	n	1	defining	done	2026-09-16	votes 1
depend	v	1	defining	done	2026-09-16	votes 1
depend on	phrv	1	defining	pending	2026-09-16	votes 2
dept.	abbr	4	defining	pending	2026-09-16	votes 2; panel median 4, secondary part of speech
depth	n	1	defining	done	2026-09-16	votes 3
describe	v	1	defining	done	2026-09-16	votes 2; referenced by explain-v
description	n	1	defining	done	2026-09-16	votes 1; referenced by describe-v
desert	n	1	defining	done	2026-09-16	votes 1
design	n	1	defining	done	2026-09-16	votes 1
desire	n	1	defining	done	2026-09-16	votes 3
desire	v	3	defining	pending	2026-09-16	votes 3; panel median 3, secondary part of speech; referenced by want-v; referenced by desire-n
desk	n	1	defining	done	2026-09-16	votes 2
despite	prep	1	defining	done	2026-09-16	votes 3; referenced by in-spite-of-prep; returned to queue; not drafted this run (kept batch to 13 for quality)
destroy	v	1	defining	done	2026-09-16	votes 2; referenced by make-v; referenced by build-v; referenced by create-v
destruction	n	1	defining	done	2026-09-16	votes 1; referenced by destroy-v; referenced by damage-n
detail	n	1	defining	done	2026-09-16	votes 1
develop	v	1	defining	done	2026-09-16	votes 1; referenced by get-v
development	n	1	defining	done	2026-09-16	votes 1; referenced by develop-v
device	n	1	defining	done	2026-09-16	votes 1
diagnose	v	3	defining	pending	2026-09-16	votes 2; panel median 3, secondary part of speech
dictionary	n	1	defining	done	2026-09-16	votes 1; referenced by definition-n
die	v	1	defining	done	2026-09-16	votes 3
difference	n	1	defining	done	2026-09-16	votes 2
different	adj	1	defining	pending	2026-09-16	votes 3; referenced by difference-n; referenced by alike-adj
differently	adv	1	defining	pending	2026-09-16	votes 2; referenced by difference-n
difficult	adj	1	defining	pending	2026-09-16	votes 2; referenced by difficulty-n; referenced by rocky-adj
difficulty	n	1	defining	done	2026-09-16	votes 1
digital	adj	1	defining	pending	2026-09-16	votes 1
dinner	n	1	defining	done	2026-09-16	votes 3; referenced by breakfast-n
direct	adj	1	defining	pending	2026-09-16	votes 3; referenced by direction-n
direction	n	1	defining	done	2026-09-16	votes 2; referenced by way-n
directly	adv	1	defining	pending	2026-09-16	votes 2; referenced by direction-n
dirt	n	1	defining	done	2026-09-16	votes 3
dirty	adj	1	defining	pending	2026-09-16	votes 3; referenced by dirt-n
dis-	prefix	3	defining	pending	2026-09-16	votes 2; panel median 3, secondary part of speech
disability	n	1	defining	done	2026-09-16	votes 1
disabled	adj	1	defining	pending	2026-09-16	votes 2; referenced by disability-n
disadvantage	n	1	defining	done	2026-09-16	votes 1; referenced by advantage-n; referenced by benefit-n
disagree	v	1	defining	done	2026-09-16	votes 3; referenced by agree-v; referenced by argue-v
disappear	v	1	defining	done	2026-09-16	votes 1; referenced by appear-v
disappoint	v	1	defining	done	2026-09-16	votes 1
disappointed	adj	1	defining	pending	2026-09-16	votes 1; referenced by disappoint-v; referenced by disappointment-n
disappointment	n	1	defining	done	2026-09-16	votes 1; referenced by disappoint-v
discount	n	1	defining	done	2026-09-16	votes 2
discover	v	1	defining	done	2026-09-16	votes 2
discovery	n	1	defining	done	2026-09-16	votes 1; referenced by discover-v
discuss	v	1	defining	done	2026-09-16	votes 1; referenced by talk-v
discussion	n	1	defining	done	2026-09-16	votes 3; referenced by discuss-v; referenced by debate-n
disease	n	1	defining	done	2026-09-16	votes 3
disgust	n	3	defining	pending	2026-09-16	votes 1; panel median 3, secondary part of speech
dish	n	1	defining	done	2026-09-16	votes 3; referenced by bowl-n
dishonest	adj	3	defining	pending	2026-09-16	votes 1; panel median 3, secondary part of speech
dislike	v	1	defining	done	2026-09-16	votes 1
display	n	1	defining	done	2026-09-16	votes 1
dissolve	v	3	defining	pending	2026-09-16	votes 1; panel median 3, secondary part of speech; referenced by melt-v
distance	n	1	defining	done	2026-09-16	votes 3; referenced by way-n
distant	adj	1	defining	pending	2026-09-16	votes 1; referenced by distance-n
divide	v	1	defining	done	2026-09-16	votes 1
divorce	n	1	defining	done	2026-09-16	votes 3; referenced by divorce-v
divorce	v	1	defining	done	2026-09-16	votes 3
divorced	adj	1	defining	pending	2026-09-16	votes 1; referenced by divorce-v; referenced by divorce-n
do	aux	1	defining	done	2026-09-16	votes 3; covered by the do-v entry (auxiliary or pronoun uses are senses there); reset 2026-10-05 by the owner's ruling (inbox 20261005, item 5): split the auxiliary senses out of do-v; released: auxiliaries are done one per review run (owner's ruling item 5); referenced by be-aux; referenced by have-aux
do	v	1	defining	done	2026-09-16	votes 3
doctor	n	1	defining	done	2026-09-16	votes 3
dog	n	1	defining	done	2026-09-16	votes 1
domestic	adj	1	defining	pending	2026-09-16	votes 2
door	n	1	defining	done	2026-09-16	votes 2
dose	n	3	defining	pending	2026-09-16	votes 2; panel median 3, secondary part of speech
double	adj	1	defining	pending	2026-09-16	votes 2
doubt	n	1	defining	done	2026-09-16	votes 3; referenced by doubt-v
doubt	v	1	defining	done	2026-09-16	votes 3; referenced by believe-v
down	adv	1	defining	pending	2026-09-16	votes 3
down	prep	1	defining	done	2026-09-16	votes 3
download	n	1	defining	done	2026-09-16	votes 1
downstairs	adv	1	defining	pending	2026-09-16	votes 1; referenced by stairs-n
draw	v	1	defining	done	2026-09-16	votes 3
drawer	n	1	defining	done	2026-09-16	votes 2; referenced by draw-v
dream	n	1	defining	done	2026-09-16	votes 3; referenced by dream-v
dream	v	1	defining	done	2026-09-16	votes 3
dress	n	1	defining	done	2026-09-16	votes 3; referenced by dress-v
dress	v	1	defining	done	2026-09-16	votes 3
drill	n	3	defining	pending	2026-09-16	votes 1; panel median 3, secondary part of speech
drink	n	1	defining	done	2026-09-16	votes 2; referenced by drink-v; referenced by alcohol-n; referenced by bottle-n
drink	v	1	defining	done	2026-09-16	votes 3
drive	n	1	defining	done	2026-09-16	votes 3; referenced by drive-v
drive	v	1	defining	done	2026-09-16	votes 3; referenced by run-v
driver	n	1	defining	done	2026-09-16	votes 3; referenced by drive-v
drop	v	1	defining	done	2026-09-16	votes 3; referenced by catch-v
drug	n	1	defining	done	2026-09-16	votes 3
drum	n	1	defining	done	2026-09-16	votes 1
drunk	adj	1	defining	pending	2026-09-16	votes 1; referenced by drink-v; referenced by alcohol-n
dry	adj	1	defining	pending	2026-09-16	votes 3; referenced by dry-v
dry	v	1	defining	done	2026-09-16	votes 3
duck	n	1	defining	done	2026-09-16	votes 2
dull	adj	1	defining	pending	2026-09-16	votes 2; referenced by gray-adj; referenced by shiny-adj
dumb	adj	1	defining	pending	2026-09-16	votes 2
during	prep	1	defining	done	2026-09-16	votes 3
dust	n	1	defining	done	2026-09-16	votes 3; referenced by dirt-n
duty	n	1	defining	done	2026-09-16	votes 3
e.g.	abbr	3	defining	pending	2026-09-16	votes 3; panel median 3, secondary part of speech
each	det	1	defining	done	2026-09-16	votes 3
each	pron	1	defining	done	2026-09-16	votes 2; referenced by each-det
ear	n	1	defining	done	2026-09-16	votes 3
early	adj	1	defining	pending	2026-09-16	votes 3
early	adv	1	defining	pending	2026-09-16	votes 3
earn	v	1	defining	done	2026-09-16	votes 2; referenced by make-v
earth	n	1	defining	done	2026-09-16	votes 2; referenced by dirt-n
easily	adv	1	defining	pending	2026-09-16	votes 3
easy	adj	1	defining	pending	2026-09-16	votes 2
eat	v	1	defining	done	2026-09-16	votes 3
echo	n	3	defining	pending	2026-09-16	votes 2; panel median 3, secondary part of speech
economic	adj	1	defining	pending	2026-09-16	votes 1; referenced by economy-n
economy	n	1	defining	done	2026-09-16	votes 1
edge	n	1	defining	done	2026-09-16	votes 3; referenced by blade-n
effect	n	1	defining	done	2026-09-16	votes 3; referenced by cause-n
effective	adj	1	defining	pending	2026-09-16	votes 1; referenced by effect-n
effectively	adv	1	defining	pending	2026-09-16	votes 1; referenced by effect-n
effort	n	1	defining	done	2026-09-16	votes 1; referenced by attempt-n
egg	n	1	defining	done	2026-09-16	votes 3; referenced by bird-n
eight	num	1	defining	pending	2026-09-16	votes 3
either	det	1	defining	done	2026-09-16	votes 2
either	pron	1	defining	done	2026-09-16	votes 2; referenced by either-det
elderly	adj	1	defining	pending	2026-09-16	votes 1; referenced by old-adj
elect	v	1	defining	done	2026-09-16	votes 3
election	n	1	defining	done	2026-09-16	votes 2; referenced by elect-v; referenced by democracy-n
electric	adj	1	defining	pending	2026-09-16	votes 1; referenced by electricity-n
electricity	n	1	defining	done	2026-09-16	votes 1
electronic	adj	1	defining	pending	2026-09-16	votes 1
else	adv	1	defining	pending	2026-09-16	votes 1
email	n	1	defining	done	2026-09-16	votes 1; referenced by mail-n
emergency	n	1	defining	done	2026-09-16	votes 3; referenced by ambulance-n
emotion	n	1	defining	done	2026-09-16	votes 3
emotional	adj	1	defining	pending	2026-09-16	votes 1; referenced by emotion-n
employ	v	1	defining	done	2026-09-16	votes 2
employee	n	1	defining	done	2026-09-16	votes 3; referenced by employ-v
employer	n	1	defining	done	2026-09-16	votes 2; referenced by employ-v; referenced by boss-n
empty	adj	1	defining	pending	2026-09-16	votes 3; referenced by empty-v; referenced by hollow-adj
empty	v	1	defining	done	2026-09-16	votes 3
en-	prefix	4	defining	pending	2026-09-16	votes 1; panel median 4, secondary part of speech
encourage	v	1	defining	done	2026-09-16	votes 1
end	n	1	defining	done	2026-09-16	votes 3; referenced by end-v; referenced by beginning-n; referenced by birth-n
end	v	1	defining	done	2026-09-16	votes 3; referenced by begin-v; referenced by close-v
end up	phrv	1	defining	pending	2026-09-16	votes 2; referenced by end-v; referenced by end-n
enemy	n	1	defining	done	2026-09-16	votes 3
energy	n	1	defining	done	2026-09-16	votes 2; referenced by effort-n
engine	n	1	defining	done	2026-09-16	votes 3; referenced by propeller-n
enjoy	v	1	defining	done	2026-09-16	votes 3
enjoyment	n	3	defining	pending	2026-09-16	votes 1; panel median 3, secondary part of speech; referenced by enjoy-v; referenced by fun-n; referenced by pleasure-n
enough	adv	1	defining	pending	2026-09-16	votes 3; referenced by enough-det; referenced by enough-pron
enough	det	1	defining	done	2026-09-16	votes 3
enter	v	1	defining	done	2026-09-16	votes 3
entertain	v	1	defining	done	2026-09-16	votes 1
entrance	n	1	defining	done	2026-09-16	votes 1; referenced by enter-v
envy	n	3	defining	pending	2026-09-16	votes 3; panel median 3, secondary part of speech
envy	v	3	defining	pending	2026-09-16	votes 3; panel median 3, secondary part of speech
equal	adj	1	defining	pending	2026-09-16	votes 3; referenced by equality-n
equality	n	1	defining	done	2026-09-16	votes 1
equipment	n	1	defining	done	2026-09-16	votes 1
error	n	1	defining	done	2026-09-16	votes 2; referenced by bug-n
escape	n	1	defining	done	2026-09-16	votes 1; referenced by escape-v
especially	adv	1	defining	pending	2026-09-16	votes 3
etc.	abbr	1	defining	pending	2026-09-16	votes 3
even	adv	1	defining	pending	2026-09-16	votes 3
evening	n	1	defining	done	2026-09-16	votes 3; referenced by afternoon-n
event	n	1	defining	done	2026-09-16	votes 2
eventually	adv	1	defining	pending	2026-09-16	votes 1
ever	adv	1	defining	pending	2026-09-16	votes 3
every	det	1	defining	done	2026-09-16	votes 3; referenced by all-det
everybody	pron	1	defining	done	2026-09-16	votes 1; referenced by every-det
everyone	pron	1	defining	done	2026-09-16	votes 1; referenced by every-det
everything	pron	1	defining	done	2026-09-16	votes 1; referenced by thing-n; referenced by every-det
everywhere	adv	1	defining	pending	2026-09-16	votes 2; referenced by every-det
evidence	n	1	defining	done	2026-09-16	votes 2
ex-	prefix	3	defining	pending	2026-09-16	votes 2; panel median 3, secondary part of speech
exact	adj	1	defining	pending	2026-09-16	votes 1
exactly	adv	1	defining	pending	2026-09-16	votes 3
examine	v	1	defining	done	2026-09-16	votes 2; referenced by check-v
example	n	1	defining	done	2026-09-16	votes 3; referenced by case-n
except	prep	1	defining	done	2026-09-16	votes 3; referenced by exception-n
exchange	n	1	defining	done	2026-09-16	votes 1
excite	v	1	defining	done	2026-09-16	votes 2
excited	adj	1	defining	pending	2026-09-16	votes 3; referenced by excite-v; referenced by excitement-n
excitement	n	1	defining	done	2026-09-16	votes 2; referenced by excite-v; referenced by electricity-n
excuse me	phr	1	defining	pending	2026-09-16	votes 3
exercise	n	1	defining	done	2026-09-16	votes 2; referenced by exercise-v
exercise	v	1	defining	done	2026-09-16	votes 2
exist	v	1	defining	done	2026-09-16	votes 2; referenced by be-v
exit	n	1	defining	done	2026-09-16	votes 1; referenced by entrance-n
expand	v	1	defining	done	2026-09-16	votes 1
expect	v	1	defining	done	2026-09-16	votes 3
expensive	adj	1	defining	pending	2026-09-16	votes 2
experience	n	1	defining	done	2026-09-16	votes 2
experiment	n	1	defining	done	2026-09-16	votes 2
expert	adj	3	defining	pending	2026-09-16	votes 1; panel median 3, secondary part of speech
explain	v	1	defining	done	2026-09-16	votes 3
explanation	n	1	defining	done	2026-09-16	votes 2; referenced by explain-v
express	v	1	defining	done	2026-09-16	votes 1
extremely	adv	1	defining	pending	2026-09-16	votes 1; referenced by very-adv
eye	n	1	defining	done	2026-09-16	votes 3
fabric	n	1	defining	done	2026-09-16	votes 1; referenced by cloth-n
face	n	1	defining	done	2026-09-16	votes 3; referenced by cheek-n
fact	n	1	defining	done	2026-09-16	votes 3
factory	n	1	defining	done	2026-09-16	votes 2
failure	n	1	defining	done	2026-09-16	votes 2; referenced by bomb-n
fair	adj	1	defining	pending	2026-09-16	votes 3; referenced by justice-n
fairly	adv	1	defining	pending	2026-09-16	votes 1
faith	n	1	defining	done	2026-09-16	votes 1; referenced by belief-n; referenced by confidence-n
fall	n	1	defining	done	2026-09-16	votes 2; referenced by fall-v; referenced by autumn-n; referenced by decrease-n
fall	v	1	defining	done	2026-09-16	votes 3; referenced by climb-v; referenced by decrease-v; referenced by drop-v
fall down	phrv	1	defining	pending	2026-09-16	votes 2; referenced by fall-v
fall over	phrv	1	defining	pending	2026-09-16	votes 2; referenced by fall-v
false	adj	1	defining	pending	2026-09-16	votes 3
familiar	adj	1	defining	pending	2026-09-16	votes 1; referenced by family-n
family	n	1	defining	done	2026-09-16	votes 3
fan	n	1	defining	done	2026-09-16	votes 1; referenced by propeller-n; referenced by nut-n
far	adj	1	defining	done	2026-09-16	votes 2
far	adv	1	defining	pending	2026-09-16	votes 3; referenced by distance-n; referenced by far-adj
farm	n	1	defining	done	2026-09-16	votes 2; referenced by farm-v
farm	v	1	defining	done	2026-09-16	votes 2
fashion	n	1	defining	done	2026-09-16	votes 1
fast	adj	1	defining	pending	2026-09-16	votes 3
fast	adv	1	defining	pending	2026-09-16	votes 3; referenced by quickly-adv
fasten	v	3	defining	pending	2026-09-16	votes 1; panel median 3, secondary part of speech
fat	adj	1	defining	pending	2026-09-16	votes 3; referenced by fat-n
fat	n	1	defining	done	2026-09-16	votes 2
father	n	1	defining	done	2026-09-16	votes 3
fault	n	1	defining	done	2026-09-16	votes 2; referenced by blame-n; referenced by bug-n; referenced by error-n
fear	n	1	defining	done	2026-09-16	votes 3; referenced by afraid-adj; referenced by alarm-n; referenced by fear-v
fear	v	1	defining	done	2026-09-16	votes 2
feather	n	1	defining	done	2026-09-16	votes 2; referenced by bird-n
fee	n	1	defining	done	2026-09-16	votes 2; referenced by charge-n
feed	v	1	defining	done	2026-09-16	votes 3
feel	v	1	defining	done	2026-09-16	votes 3
feeling	n	1	defining	done	2026-09-16	votes 3; referenced by feel-v; referenced by emotion-n
female	adj	1	defining	pending	2026-09-16	votes 2
fence	n	1	defining	done	2026-09-16	votes 1
festival	n	1	defining	done	2026-09-16	votes 1
fever	n	1	defining	done	2026-09-16	votes 3
few	det	1	defining	done	2026-09-16	votes 3
field	n	1	defining	done	2026-09-16	votes 3; referenced by area-n; referenced by court-n
fight	n	1	defining	done	2026-09-16	votes 3; referenced by fight-v; referenced by argument-n; referenced by battle-n
fight	v	1	defining	done	2026-09-16	votes 3
figure	n	1	defining	done	2026-09-16	votes 1
figure out	phrv	1	defining	pending	2026-09-16	votes 1; referenced by solve-v
file	n	1	defining	done	2026-09-16	votes 1
fill	v	1	defining	done	2026-09-16	votes 3; referenced by empty-v
fill in	phrv	1	defining	pending	2026-09-16	votes 2; referenced by fill-v
fill up	phrv	1	defining	pending	2026-09-16	votes 2; referenced by fill-v
film	n	1	defining	done	2026-09-16	votes 3
final	adj	1	defining	pending	2026-09-16	votes 2
finally	adv	1	defining	pending	2026-09-16	votes 3
finance	n	1	defining	done	2026-09-16	votes 1
financial	adj	1	defining	pending	2026-09-16	votes 1; referenced by finance-n
find	v	1	defining	done	2026-09-16	votes 3; referenced by discover-v
find out	phrv	1	defining	pending	2026-09-16	votes 3; referenced by see-v; referenced by discover-v; referenced by find-v
fine	adj	1	defining	pending	2026-09-16	votes 1; referenced by good-adj
finger	n	1	defining	done	2026-09-16	votes 2; referenced by hand-n; referenced by thumb-n
fire	n	1	defining	done	2026-09-16	votes 3; referenced by fire-v
fire	v	1	defining	done	2026-09-16	votes 2; referenced by employ-v
firm	n	1	defining	done	2026-09-16	votes 2; referenced by house-n; referenced by business-n; referenced by company-n
first	adj	1	defining	pending	2026-09-16	votes 3
first	adv	1	defining	pending	2026-09-16	votes 3
first	num	1	defining	pending	2026-09-16	votes 2; referenced by one-num
fish	n	1	defining	done	2026-09-16	votes 3
fit	adj	1	defining	pending	2026-09-16	votes 2
fit	v	1	defining	done	2026-09-16	votes 3; referenced by go-v; referenced by belong-v
five	num	1	defining	pending	2026-09-16	votes 3
fix	v	1	defining	done	2026-09-16	votes 2; referenced by break-v; referenced by cure-v
flame	n	1	defining	done	2026-09-16	votes 1
flash	v	1	defining	done	2026-09-16	votes 2
flat	adj	1	defining	pending	2026-09-16	votes 3
flavor	n	1	defining	done	2026-09-16	votes 2; referenced by taste-v
flexible	adj	1	defining	pending	2026-09-16	votes 2
flight	n	1	defining	done	2026-09-16	votes 1; referenced by fly-v
float	v	1	defining	done	2026-09-16	votes 1
flood	n	1	defining	done	2026-09-16	votes 1
floor	n	1	defining	done	2026-09-16	votes 2; referenced by bottom-n; referenced by ceiling-n
flow	v	1	defining	done	2026-09-16	votes 2; referenced by run-v; referenced by empty-v
flower	n	1	defining	done	2026-09-16	votes 3
flu	n	1	defining	done	2026-09-16	votes 2; referenced by cold-n
fly	v	1	defining	done	2026-09-16	votes 3
focus	n	1	defining	done	2026-09-16	votes 2; referenced by focus-v
focus	v	1	defining	done	2026-09-16	votes 2
fog	n	1	defining	done	2026-09-16	votes 1
fold	v	1	defining	done	2026-09-16	votes 3
folder	n	1	defining	done	2026-09-16	votes 1; referenced by fold-v; referenced by file-n
follow	v	1	defining	done	2026-09-16	votes 3
following	adj	1	defining	pending	2026-09-16	votes 1; referenced by follow-v; referenced by following-prep
food	n	1	defining	done	2026-09-16	votes 3
fool	n	1	defining	done	2026-09-16	votes 1
foolish	adj	3	defining	pending	2026-09-16	votes 1; panel median 3, secondary part of speech; referenced by fool-n
foot	n	1	defining	done	2026-09-16	votes 3; referenced by head-n; referenced by boot-n; referenced by ankle-n
for	prep	1	defining	done	2026-09-16	votes 3; referenced by ago-adv; referenced by against-prep
for example	phr	1	defining	pending	2026-09-16	votes 1
force	n	1	defining	done	2026-09-16	votes 2; referenced by force-v
force	v	1	defining	done	2026-09-16	votes 2; referenced by make-v
foreign	adj	1	defining	pending	2026-09-16	votes 3
forest	n	1	defining	done	2026-09-16	votes 2
forever	adv	1	defining	pending	2026-09-16	votes 1
forget	v	1	defining	done	2026-09-16	votes 3
forgive	v	1	defining	done	2026-09-16	votes 2
fork	n	1	defining	done	2026-09-16	votes 3
form	n	1	defining	done	2026-09-16	votes 3; referenced by form-v
form	v	1	defining	done	2026-09-16	votes 3
formal	adj	1	defining	pending	2026-09-16	votes 1; referenced by form-n
former	adj	1	defining	pending	2026-09-16	votes 1; referenced by old-adj
fortunately	adv	1	defining	pending	2026-09-16	votes 1
forward	adv	1	defining	pending	2026-09-16	votes 3
four	num	1	defining	pending	2026-09-16	votes 3
free	adj	1	defining	pending	2026-09-16	votes 3; referenced by freedom-n; referenced by hobby-n
freedom	n	1	defining	done	2026-09-16	votes 2
freeze	v	1	defining	done	2026-09-16	votes 2
frequent	adj	1	defining	pending	2026-09-16	votes 1
fresh	adj	1	defining	pending	2026-09-16	votes 2
fridge	n	1	defining	done	2026-09-16	votes 1
friend	n	1	defining	done	2026-09-16	votes 3; referenced by enemy-n
friendly	adj	1	defining	pending	2026-09-16	votes 3; referenced by friend-n; referenced by befriend-v; referenced by friendship-n
friendship	n	1	defining	done	2026-09-16	votes 2; referenced by friend-n
from	prep	1	defining	done	2026-09-16	votes 3
front	n	1	defining	done	2026-09-16	votes 3; referenced by head-n; referenced by back-n
frost	n	3	defining	pending	2026-09-16	votes 1; panel median 3, secondary part of speech
frown	n	3	defining	pending	2026-09-16	votes 1; panel median 3, secondary part of speech
frozen	adj	1	defining	pending	2026-09-16	votes 1; referenced by freeze-v
fruit	n	1	defining	done	2026-09-16	votes 3; referenced by berry-n
fry	v	1	defining	done	2026-09-16	votes 2; referenced by cook-v
ft	abbr	3	defining	pending	2026-09-16	votes 2; panel median 3, secondary part of speech
fuel	n	1	defining	done	2026-09-16	votes 1; referenced by energy-n
full	adj	1	defining	pending	2026-09-16	votes 3; referenced by fill-v
full-time	adj	3	defining	pending	2026-09-16	votes 1; panel median 3, secondary part of speech
fully	adv	1	defining	pending	2026-09-16	votes 2
fun	adj	1	defining	pending	2026-09-16	votes 2; referenced by fun-n
fun	n	1	defining	done	2026-09-16	votes 3
funeral	n	1	defining	done	2026-09-16	votes 3
funny	adj	1	defining	pending	2026-09-16	votes 3; referenced by laugh-v; referenced by amused-adj; referenced by fun-n; referenced by humor-n
fur	n	1	defining	done	2026-09-16	votes 2
furniture	n	1	defining	done	2026-09-16	votes 2
future	adj	1	defining	pending	2026-09-16	votes 2; referenced by future-n
future	n	1	defining	done	2026-09-16	votes 3
gain	n	1	defining	done	2026-09-16	votes 1
game	n	1	defining	done	2026-09-16	votes 3
garage	n	1	defining	done	2026-09-16	votes 1
garden	n	1	defining	done	2026-09-16	votes 3
gas	n	1	defining	done	2026-09-16	votes 3; referenced by fuel-n
gate	n	1	defining	done	2026-09-16	votes 3; referenced by door-n; referenced by fence-n
gather	v	1	defining	done	2026-09-16	votes 2; referenced by collect-v
gear	n	1	defining	done	2026-09-16	votes 1; referenced by equipment-n
gender	n	1	defining	done	2026-09-16	votes 1
general	adj	1	defining	pending	2026-09-16	votes 2
generally	adv	1	defining	pending	2026-09-16	votes 3
generation	n	1	defining	done	2026-09-16	votes 2
generous	adj	1	defining	pending	2026-09-16	votes 3
gentle	adj	1	defining	pending	2026-09-16	votes 2
germ	n	3	defining	pending	2026-09-16	votes 1; panel median 3, secondary part of speech; referenced by bacteria-n
get	v	1	defining	done	2026-09-16	votes 3
get away	phrv	1	defining	pending	2026-09-16	votes 1; referenced by escape-v
get back	phrv	1	defining	pending	2026-09-16	votes 2; referenced by recover-v
get in	phrv	1	defining	pending	2026-09-16	votes 1
get off	phrv	1	defining	pending	2026-09-16	votes 1; referenced by board-v
get on	phrv	1	defining	pending	2026-09-16	votes 1; referenced by board-v
get out	phrv	1	defining	pending	2026-09-16	votes 1
get over	phrv	1	defining	pending	2026-09-16	votes 1; referenced by over-prep
get up	phrv	1	defining	pending	2026-09-16	votes 3; referenced by stand-v
girl	n	1	defining	done	2026-09-16	votes 3; referenced by boy-n
give	v	1	defining	done	2026-09-16	votes 3; referenced by give-up-phrv; referenced by lend-v; referenced by deliver-v
give back	phrv	1	defining	pending	2026-09-16	votes 2; referenced by return-v
give up	phrv	1	defining	done	2026-09-16	votes 3
glass	n	1	defining	done	2026-09-16	votes 3; referenced by cup-n
glasses	n	1	defining	done	2026-09-16	votes 3
glove	n	1	defining	done	2026-09-16	votes 3
glow	v	3	defining	pending	2026-09-16	votes 2; panel median 3, secondary part of speech
glue	n	1	defining	done	2026-09-16	votes 1
go	v	1	defining	done	2026-09-16	votes 3
go away	phrv	1	defining	pending	2026-09-16	votes 1
go back	phrv	1	defining	pending	2026-09-16	votes 3; referenced by return-v
go on	phrv	1	defining	pending	2026-09-16	votes 3; referenced by continue-v
go out	phrv	1	defining	pending	2026-09-16	votes 3; referenced by date-v
go over	phrv	1	defining	pending	2026-09-16	votes 1
go through	phrv	1	defining	pending	2026-09-16	votes 1; referenced by through-prep
goal	n	1	defining	done	2026-09-16	votes 2; referenced by aim-n
goat	n	1	defining	done	2026-09-16	votes 2
god	n	1	defining	done	2026-09-16	votes 3
gold	adj	1	defining	pending	2026-09-16	votes 1
good	adj	1	defining	done	2026-09-16	votes 2
good morning	phr	1	defining	pending	2026-09-16	votes 2
good night	phr	1	defining	pending	2026-09-16	votes 2
goodbye	interj	1	defining	pending	2026-09-16	votes 3; referenced by good-adj
goods	n	1	defining	done	2026-09-16	votes 2; referenced by good-adj
govern	v	1	defining	done	2026-09-16	votes 1
government	n	1	defining	done	2026-09-16	votes 3; referenced by govern-v; referenced by democracy-n
governor	n	1	defining	done	2026-09-16	votes 1; referenced by govern-v
grain	n	1	defining	done	2026-09-16	votes 2
grammar	n	1	defining	done	2026-09-16	votes 1
grandchild	n	3	defining	pending	2026-09-16	votes 3; panel median 3, secondary part of speech; referenced by child-n; referenced by grandfather-n
granddaughter	n	3	defining	pending	2026-09-16	votes 2; panel median 3, secondary part of speech; referenced by daughter-n
grandfather	n	1	defining	done	2026-09-16	votes 3
grandmother	n	1	defining	done	2026-09-16	votes 3
grandparent	n	3	defining	pending	2026-09-16	votes 3; panel median 3, secondary part of speech; referenced by grandfather-n; referenced by parent-n
grandson	n	3	defining	pending	2026-09-16	votes 2; panel median 3, secondary part of speech; referenced by son-n
grass	n	1	defining	done	2026-09-16	votes 3; referenced by blade-n
grateful	adj	1	defining	pending	2026-09-16	votes 2
grave	n	1	defining	done	2026-09-16	votes 2; referenced by funeral-n
great	adj	1	defining	pending	2026-09-16	votes 2; referenced by big-adj
greatly	adv	3	defining	pending	2026-09-16	votes 1; panel median 3, secondary part of speech
green	adj	1	defining	pending	2026-09-16	votes 2
greeting	n	3	defining	pending	2026-09-16	votes 1; panel median 3, secondary part of speech
grief	n	3	defining	pending	2026-09-16	votes 1; panel median 3, secondary part of speech; referenced by pain-n
ground	n	1	defining	done	2026-09-16	votes 2; referenced by earth-n; referenced by floor-n
group	n	1	defining	done	2026-09-16	votes 3; referenced by band-n; referenced by block-n
grow	v	1	defining	done	2026-09-16	votes 3; referenced by become-v; referenced by develop-v; referenced by expand-v
grow up	phrv	1	defining	pending	2026-09-16	votes 3; referenced by grow-v
growth	n	1	defining	done	2026-09-16	votes 2; referenced by grow-v; referenced by development-n
guard	n	1	defining	done	2026-09-16	votes 2; referenced by guard-v
guard	v	1	defining	done	2026-09-16	votes 2
guess	n	1	defining	done	2026-09-16	votes 3; referenced by guess-v
guess	v	1	defining	done	2026-09-16	votes 3; referenced by expect-v
guest	n	1	defining	done	2026-09-16	votes 2
guide	n	1	defining	done	2026-09-16	votes 1
guilt	n	3	defining	pending	2026-09-16	votes 3; panel median 3, secondary part of speech; referenced by blame-n; referenced by shame-n
guilty	adj	1	defining	pending	2026-09-16	votes 3
gun	n	1	defining	done	2026-09-16	votes 2
habit	n	1	defining	done	2026-09-16	votes 3; referenced by custom-n
hair	n	1	defining	done	2026-09-16	votes 2; referenced by fur-n
half	det	1	defining	done	2026-09-16	votes 2
half	n	1	defining	done	2026-09-16	votes 3; referenced by half-det
hall	n	1	defining	done	2026-09-16	votes 2
hand	n	1	defining	done	2026-09-16	votes 3
hand over	phrv	1	defining	pending	2026-09-16	votes 1; referenced by hand-v
handle	n	1	defining	done	2026-09-16	votes 2; referenced by hand-n; referenced by handle-v
handle	v	1	defining	done	2026-09-16	votes 2; referenced by hand-n; referenced by take-v
handsome	adj	1	defining	pending	2026-09-16	votes 2; referenced by attractive-adj
hang	v	1	defining	done	2026-09-16	votes 2
hang up	phrv	1	defining	pending	2026-09-16	votes 1; referenced by hang-v
happen	v	1	defining	done	2026-09-16	votes 2; referenced by become-v
happy	adj	1	defining	done	2026-09-16	votes 3
hard	adj	1	defining	pending	2026-09-16	votes 3
hard	adv	1	defining	pending	2026-09-16	votes 3
hardly	adv	1	defining	pending	2026-09-16	votes 2
harm	n	1	defining	done	2026-09-16	votes 2; referenced by harm-v; referenced by damage-n
harm	v	1	defining	done	2026-09-16	votes 2; referenced by damage-v
harvest	v	3	defining	pending	2026-09-16	votes 2; panel median 3, secondary part of speech
hat	n	1	defining	done	2026-09-16	votes 3
hate	n	1	defining	done	2026-09-16	votes 2; referenced by hate-v
hate	v	1	defining	done	2026-09-16	votes 3; referenced by dislike-v; referenced by enjoy-v
have	aux	1	defining	done	2026-09-16	votes 3; covered by the have-v entry (auxiliary or pronoun uses are senses there); reset 2026-10-05 by the owner's ruling (inbox 20261005, item 5): split the auxiliary senses out of have-v; released: auxiliaries are done one per review run (owner's ruling item 5); referenced by be-aux
have	v	1	defining	done	2026-09-16	votes 3
hay	n	3	defining	pending	2026-09-16	votes 1; panel median 3, secondary part of speech; referenced by straw-n
he	pron	1	defining	done	2026-09-16	votes 3
head	n	1	defining	done	2026-09-16	votes 3
heal	v	3	defining	pending	2026-09-16	votes 3; panel median 3, secondary part of speech; referenced by cure-v
health	n	1	defining	done	2026-09-16	votes 3; referenced by body-n
healthy	adj	1	defining	pending	2026-09-16	votes 3; referenced by health-n
hear	v	1	defining	done	2026-09-16	votes 3
hearing	n	1	defining	done	2026-09-16	votes 1; referenced by hear-v
heart	n	1	defining	done	2026-09-16	votes 3; referenced by blood-n
heat	n	1	defining	done	2026-09-16	votes 3; referenced by heat-v; referenced by cold-n
heat	v	1	defining	done	2026-09-16	votes 3; referenced by cool-v
heavy	adj	1	defining	pending	2026-09-16	votes 3
height	n	1	defining	done	2026-09-16	votes 3
hello	interj	1	defining	pending	2026-09-16	votes 3
help	n	1	defining	done	2026-09-16	votes 2; referenced by hand-n; referenced by help-v
help	v	1	defining	done	2026-09-16	votes 3
helpful	adj	1	defining	pending	2026-09-16	votes 1; referenced by help-v; referenced by help-n
her	det	1	defining	done	2026-09-16	votes 2
herb	n	3	defining	pending	2026-09-16	votes 1; panel median 3, secondary part of speech
here	adv	1	defining	pending	2026-09-16	votes 3
hers	pron	1	defining	done	2026-09-16	votes 1; referenced by her-det; referenced by her-pron
herself	pron	1	defining	done	2026-09-16	votes 1; referenced by her-pron
hey	interj	1	defining	pending	2026-09-16	votes 3
hi	interj	1	defining	pending	2026-09-16	votes 3
hidden	adj	3	defining	pending	2026-09-16	votes 1; panel median 3, secondary part of speech; referenced by hide-v
hide	v	1	defining	done	2026-09-16	votes 1
high	adj	1	defining	pending	2026-09-16	votes 3; referenced by height-n
highly	adv	1	defining	pending	2026-09-16	votes 1
highway	n	1	defining	done	2026-09-16	votes 1; referenced by way-n
hill	n	1	defining	done	2026-09-16	votes 2
him	pron	1	defining	done	2026-09-16	votes 2; referenced by he-pron
himself	pron	1	defining	done	2026-09-16	votes 1; referenced by he-pron
hire	v	1	defining	done	2026-09-16	votes 2; referenced by employ-v; referenced by fire-v
his	det	1	defining	done	2026-09-16	votes 2
hit	n	1	defining	done	2026-09-16	votes 2; referenced by hit-v
hit	v	1	defining	done	2026-09-16	votes 3
hmm	interj	1	defining	pending	2026-09-16	votes 2
hobby	n	1	defining	done	2026-09-16	votes 3; referenced by activity-n
hold	v	1	defining	done	2026-09-16	votes 3; referenced by take-v; referenced by contain-v
hold on	phrv	1	defining	pending	2026-09-16	votes 3; referenced by hold-v
hole	n	1	defining	done	2026-09-16	votes 1; referenced by cave-n; referenced by hollow-n
holiday	n	1	defining	done	2026-09-16	votes 1; referenced by break-n; referenced by festival-n
holy	adj	1	defining	pending	2026-09-16	votes 2
home	n	1	defining	done	2026-09-16	votes 3; referenced by house-n; referenced by apartment-n
honest	adj	1	defining	pending	2026-09-16	votes 3; referenced by good-adj
honestly	adv	1	defining	pending	2026-09-16	votes 1
honesty	n	3	defining	pending	2026-09-16	votes 2; panel median 3, secondary part of speech
honey	n	1	defining	done	2026-09-16	votes 1; referenced by bee-n
hope	n	1	defining	done	2026-09-16	votes 3; referenced by hope-v; referenced by dream-n
hope	v	1	defining	done	2026-09-16	votes 3; referenced by dream-v; referenced by expect-v
horn	n	1	defining	done	2026-09-16	votes 2
horse	n	1	defining	done	2026-09-16	votes 2
hospital	n	1	defining	done	2026-09-16	votes 3; referenced by ambulance-n; referenced by doctor-n
host	n	1	defining	done	2026-09-16	votes 2; referenced by guest-n
hot	adj	1	defining	pending	2026-09-16	votes 3; referenced by heat-n
hotel	n	1	defining	done	2026-09-16	votes 1; referenced by guest-n
hour	n	1	defining	done	2026-09-16	votes 3; referenced by time-n
house	n	1	defining	done	2026-09-16	votes 3
how	adv	1	defining	pending	2026-09-16	votes 3; referenced by however-adv
however	adv	1	defining	done	2026-09-16	votes 2
hr.	abbr	4	defining	pending	2026-09-16	votes 2; panel median 4, secondary part of speech
hug	v	1	defining	done	2026-09-16	votes 1
human	adj	1	defining	pending	2026-09-16	votes 2
humor	n	1	defining	done	2026-09-16	votes 2
hundred	num	1	defining	pending	2026-09-16	votes 3
hungry	adj	1	defining	pending	2026-09-16	votes 2
hurt	adj	1	defining	pending	2026-09-16	votes 2; referenced by hurt-v
hurt	v	1	defining	done	2026-09-16	votes 3; referenced by damage-v; referenced by harm-v
husband	n	1	defining	done	2026-09-16	votes 3
i	pron	1	defining	done	2026-09-16	votes 3
i.e.	abbr	3	defining	pending	2026-09-16	votes 3; panel median 3, secondary part of speech
ice	n	1	defining	done	2026-09-16	votes 3
id	abbr	4	defining	pending	2026-09-16	votes 2; panel median 4, secondary part of speech
idea	n	1	defining	done	2026-09-16	votes 3
if	conj	1	defining	done	2026-09-16	votes 3; referenced by whether-conj; stale claim, no backing file, see queue-stale-claimed-rows.md
ill	adj	1	defining	pending	2026-09-16	votes 3; referenced by illness-n
illegal	adj	1	defining	pending	2026-09-16	votes 2
illness	n	1	defining	done	2026-09-16	votes 3; referenced by disease-n; referenced by fever-n; referenced by health-n
image	n	1	defining	done	2026-09-16	votes 1
imagine	v	1	defining	done	2026-09-16	votes 3; referenced by see-v; referenced by dream-v
immediately	adv	1	defining	pending	2026-09-16	votes 3
impatient	adj	3	defining	pending	2026-09-16	votes 1; panel median 3, secondary part of speech
importance	n	1	defining	done	2026-09-16	votes 2
important	adj	1	defining	pending	2026-09-16	votes 2; referenced by big-adj; referenced by importance-n
impossible	adj	1	defining	pending	2026-09-16	votes 2
improve	v	1	defining	done	2026-09-16	votes 1; referenced by pick-up-phrv; referenced by develop-v
improvement	n	1	defining	done	2026-09-16	votes 1; referenced by improve-v
in	adv	1	defining	pending	2026-09-16	votes 3
in	prep	1	defining	done	2026-09-16	votes 3; referenced by at-prep
in fact	phr	1	defining	pending	2026-09-16	votes 1
in-	prefix	3	defining	pending	2026-09-16	votes 2; panel median 3, secondary part of speech
include	v	1	defining	done	2026-09-16	votes 2; referenced by including-prep; referenced by consist-v; referenced by count-v
including	prep	1	defining	done	2026-09-16	votes 1; returned to queue; not drafted this run (kept batch to 13 for quality)
income	n	1	defining	done	2026-09-16	votes 1; referenced by come-v
increase	n	1	defining	done	2026-09-16	votes 2; referenced by increase-v; referenced by cut-n; referenced by decrease-n; referenced by gain-n; referenced by growth-n
increase	v	1	defining	done	2026-09-16	votes 3; referenced by climb-v; referenced by cut-v; referenced by decrease-v; referenced by drop-v; referenced by expand-v; referenced by grow-v
indeed	adv	1	defining	pending	2026-09-16	votes 2
individual	adj	1	defining	pending	2026-09-16	votes 1
indoor	adj	3	defining	pending	2026-09-16	votes 1; panel median 3, secondary part of speech; referenced by door-n
industrial	adj	1	defining	pending	2026-09-16	votes 1; referenced by industry-n
industry	n	1	defining	done	2026-09-16	votes 1; referenced by factory-n
infect	v	3	defining	pending	2026-09-16	votes 2; panel median 3, secondary part of speech; referenced by infection-n
infection	n	1	defining	done	2026-09-16	votes 3
influence	n	1	defining	done	2026-09-16	votes 1; referenced by impact-n
info	abbr	1	defining	pending	2026-09-16	votes 2
inform	v	1	defining	done	2026-09-16	votes 1; referenced by information-n; referenced by tell-v
informal	adj	1	defining	pending	2026-09-16	votes 1
information	n	1	defining	done	2026-09-16	votes 3
injection	n	3	defining	pending	2026-09-16	votes 2; panel median 3, secondary part of speech
injure	v	1	defining	done	2026-09-16	votes 2; referenced by damage-v; referenced by harm-v; referenced by hurt-v
injury	n	1	defining	done	2026-09-16	votes 3; referenced by injure-v; referenced by damage-n; referenced by harm-n
innocent	adj	1	defining	pending	2026-09-16	votes 3
insect	n	1	defining	done	2026-09-16	votes 2; referenced by sting-v; referenced by bug-n
inside	adv	1	defining	pending	2026-09-16	votes 3; referenced by inside-prep; referenced by inside-n
inside	n	1	defining	done	2026-09-16	votes 2; referenced by inside-prep
inside	prep	1	defining	done	2026-09-16	votes 3; returned to queue; not drafted this run (kept batch to 13 for quality)
install	v	1	defining	done	2026-09-16	votes 1
instead	adv	1	defining	pending	2026-09-16	votes 2
instrument	n	1	defining	done	2026-09-16	votes 3
intelligence	n	1	defining	done	2026-09-16	votes 1; referenced by brain-n
intend	v	1	defining	done	2026-09-16	votes 2
intention	n	1	defining	done	2026-09-16	votes 2; referenced by intend-v
inter-	prefix	3	defining	pending	2026-09-16	votes 2; panel median 3, secondary part of speech
interest	n	1	defining	done	2026-09-16	votes 3; referenced by interest-v; referenced by hobby-n
interest	v	1	defining	done	2026-09-16	votes 3
interested	adj	1	defining	pending	2026-09-16	votes 1; referenced by interest-v; referenced by interest-n
international	adj	1	defining	pending	2026-09-16	votes 1; referenced by nation-n
internet	n	1	defining	done	2026-09-16	votes 1; referenced by download-n
into	prep	1	defining	done	2026-09-16	votes 3
introduce	v	1	defining	done	2026-09-16	votes 2
invest	v	1	defining	done	2026-09-16	votes 2
invite	v	1	defining	done	2026-09-16	votes 2
involve	v	1	defining	done	2026-09-16	votes 2
iron	n	1	defining	done	2026-09-16	votes 2
island	n	1	defining	done	2026-09-16	votes 2
issue	n	1	defining	done	2026-09-16	votes 1
it	pron	1	defining	done	2026-09-16	votes 3
item	n	1	defining	done	2026-09-16	votes 1; referenced by thing-n; referenced by article-n
its	det	1	defining	done	2026-09-16	votes 2; referenced by it-pron
itself	pron	1	defining	done	2026-09-16	votes 1; referenced by it-pron
jacket	n	1	defining	done	2026-09-16	votes 2; referenced by coat-n
jail	n	1	defining	done	2026-09-16	votes 1
jealous	adj	3	defining	pending	2026-09-16	votes 3; panel median 3, secondary part of speech
jewel	n	3	defining	pending	2026-09-16	votes 1; panel median 3, secondary part of speech
jewelry	n	3	defining	pending	2026-09-16	votes 2; panel median 3, secondary part of speech
job	n	1	defining	done	2026-09-16	votes 2; referenced by career-n
join	v	1	defining	done	2026-09-16	votes 2; referenced by connect-v
joint	n	1	defining	done	2026-09-16	votes 1; referenced by join-v
joke	n	1	defining	done	2026-09-16	votes 2; referenced by crack-n; referenced by humor-n
journey	n	1	defining	done	2026-09-16	votes 3; referenced by travel-v
joy	n	1	defining	done	2026-09-16	votes 2
judge	n	1	defining	done	2026-09-16	votes 3; referenced by judge-v
judge	v	1	defining	done	2026-09-16	votes 3
judgment	n	1	defining	done	2026-09-16	votes 1; referenced by judge-v; referenced by decision-n
juice	n	1	defining	done	2026-09-16	votes 2
jump	v	1	defining	done	2026-09-16	votes 3
jungle	n	3	defining	pending	2026-09-16	votes 1; panel median 3, secondary part of speech; referenced by forest-n
jury	n	3	defining	pending	2026-09-16	votes 1; panel median 3, secondary part of speech
just	adv	1	defining	pending	2026-09-16	votes 3
justice	n	1	defining	done	2026-09-16	votes 2; referenced by equality-n
keep	v	1	defining	done	2026-09-16	votes 3; referenced by break-v; referenced by hold-v
keep on	phrv	1	defining	pending	2026-09-16	votes 2; referenced by keep-v
keep up	phrv	1	defining	pending	2026-09-16	votes 2; referenced by keep-v
key	n	1	defining	done	2026-09-16	votes 3
keyboard	n	1	defining	done	2026-09-16	votes 1
kg	abbr	3	defining	pending	2026-09-16	votes 2; panel median 3, secondary part of speech
kick	v	1	defining	done	2026-09-16	votes 1
kidney	n	3	defining	pending	2026-09-16	votes 2; panel median 3, secondary part of speech; referenced by liver-n
kill	v	1	defining	done	2026-09-16	votes 3; referenced by die-v
kind	adj	1	defining	pending	2026-09-16	votes 3; referenced by good-adj; referenced by kind-n
kind	n	1	defining	done	2026-09-16	votes 3; referenced by class-n; referenced by form-n
kindness	n	3	defining	pending	2026-09-16	votes 3; panel median 3, secondary part of speech
king	n	1	defining	done	2026-09-16	votes 2
kiss	v	1	defining	done	2026-09-16	votes 1
kitchen	n	1	defining	done	2026-09-16	votes 3; referenced by fridge-n
km	abbr	3	defining	pending	2026-09-16	votes 2; panel median 3, secondary part of speech
knee	n	1	defining	done	2026-09-16	votes 1
knife	n	1	defining	done	2026-09-16	votes 3; referenced by blade-n; referenced by fork-n
knock	n	3	defining	pending	2026-09-16	votes 1; panel median 3, secondary part of speech; referenced by knock-v
know	v	1	defining	done	2026-09-16	votes 3; referenced by tell-v; referenced by believe-v
knowledge	n	1	defining	done	2026-09-16	votes 3; referenced by information-n; referenced by know-v; referenced by experience-n
laboratory	n	3	defining	pending	2026-09-16	votes 1; panel median 3, secondary part of speech
lake	n	1	defining	done	2026-09-16	votes 2
lamp	n	1	defining	done	2026-09-16	votes 2
land	n	1	defining	done	2026-09-16	votes 3; referenced by land-v; referenced by ground-n
land	v	1	defining	done	2026-09-16	votes 2
lane	n	1	defining	done	2026-09-16	votes 1
language	n	1	defining	done	2026-09-16	votes 2; referenced by grammar-n
large	adj	1	defining	pending	2026-09-16	votes 3; referenced by big-adj
largely	adv	1	defining	pending	2026-09-16	votes 1
last	adj	1	defining	pending	2026-09-16	votes 3
last	adv	1	defining	pending	2026-09-16	votes 3
late	adj	1	defining	pending	2026-09-16	votes 3
late	adv	1	defining	pending	2026-09-16	votes 3
later	adv	1	defining	pending	2026-09-16	votes 2
laugh	n	1	defining	done	2026-09-16	votes 1; referenced by laugh-v
laundry	n	3	defining	pending	2026-09-16	votes 1; panel median 3, secondary part of speech
law	n	1	defining	done	2026-09-16	votes 3; referenced by act-n; referenced by enforce-v; referenced by justice-n
lawyer	n	1	defining	done	2026-09-16	votes 1
lay	v	1	defining	done	2026-09-16	votes 3
layer	n	1	defining	done	2026-09-16	votes 1; referenced by coat-n
lazy	adj	1	defining	pending	2026-09-16	votes 3
lb	abbr	3	defining	pending	2026-09-16	votes 2; panel median 3, secondary part of speech
lead	v	1	defining	done	2026-09-16	votes 3; referenced by go-v
lead to	phrv	1	defining	pending	2026-09-16	votes 1
leader	n	1	defining	done	2026-09-16	votes 3; referenced by head-n; referenced by lead-v
leaf	n	1	defining	done	2026-09-16	votes 3; referenced by grass-n
leak	v	3	defining	pending	2026-09-16	votes 1; panel median 3, secondary part of speech; referenced by run-v; referenced by escape-v
learn	v	1	defining	done	2026-09-16	votes 3; referenced by discover-v; referenced by hear-v
least	adv	1	defining	pending	2026-09-16	votes 2; referenced by least-det
least	det	1	defining	done	2026-09-16	votes 3
leather	n	1	defining	done	2026-09-16	votes 3
leave	v	1	defining	done	2026-09-16	votes 3; referenced by get-v; referenced by go-v; referenced by arrive-v; referenced by enter-v
leave out	phrv	1	defining	pending	2026-09-16	votes 1; referenced by drop-v; referenced by leave-v
left	adv	1	defining	pending	2026-09-16	votes 2
leg	n	1	defining	done	2026-09-16	votes 3; referenced by ankle-n; referenced by foot-n; referenced by knee-n
legal	adj	1	defining	pending	2026-09-16	votes 3; referenced by law-n
leisure	n	1	defining	done	2026-09-16	votes 1; referenced by hobby-n
lend	v	1	defining	done	2026-09-16	votes 1
length	n	1	defining	done	2026-09-16	votes 3; referenced by height-n
less	adv	1	defining	pending	2026-09-16	votes 2
less	det	1	defining	done	2026-09-16	votes 3
lesson	n	1	defining	done	2026-09-16	votes 2; referenced by class-n
let	v	1	defining	done	2026-09-16	votes 2; referenced by make-v
letter	n	1	defining	done	2026-09-16	votes 2; referenced by alphabet-n
level	adj	1	defining	pending	2026-09-16	votes 2; referenced by level-n
level	n	1	defining	done	2026-09-16	votes 3; referenced by degree-n; referenced by floor-n; referenced by height-n; referenced by layer-n
lever	n	3	defining	pending	2026-09-16	votes 1; panel median 3, secondary part of speech
library	n	1	defining	done	2026-09-16	votes 2; referenced by book-n
lid	n	1	defining	done	2026-09-16	votes 1
lie	v	1	defining	done	2026-09-16	votes 3; referenced by lie-v; referenced by lie-n
lie down	phrv	1	defining	pending	2026-09-16	votes 2
life	n	1	defining	done	2026-09-16	votes 2; referenced by live-v; referenced by death-n
lift	n	1	defining	done	2026-09-16	votes 2; referenced by lift-v
lift	v	1	defining	done	2026-09-16	votes 2; referenced by pick-up-phrv
light	adj	1	defining	pending	2026-09-16	votes 3; referenced by light-n
light	n	1	defining	done	2026-09-16	votes 3; referenced by light-v; referenced by dark-n; referenced by lamp-n
light	v	1	defining	done	2026-09-16	votes 2
lightning	n	3	defining	pending	2026-09-16	votes 1; panel median 3, secondary part of speech
like	prep	1	defining	done	2026-09-16	votes 3; referenced by as-prep
like	v	1	defining	done	2026-09-16	votes 3; referenced by like-prep; referenced by dislike-v; referenced by enjoy-v; referenced by hate-v
likely	adj	1	defining	pending	2026-09-16	votes 2
limit	n	1	defining	done	2026-09-16	votes 2; referenced by limit-v; referenced by ceiling-n
limit	v	1	defining	done	2026-09-16	votes 2; referenced by control-v
line	n	1	defining	done	2026-09-16	votes 3
link	n	1	defining	done	2026-09-16	votes 1; referenced by connection-n
lip	n	1	defining	done	2026-09-16	votes 1
liquid	adj	3	defining	pending	2026-09-16	votes 2; panel median 3, secondary part of speech
liquid	n	3	defining	pending	2026-09-16	votes 3; panel median 3, secondary part of speech; referenced by water-n; referenced by gas-n
list	n	1	defining	done	2026-09-16	votes 2; referenced by list-v
list	v	1	defining	done	2026-09-16	votes 2
listen	v	1	defining	done	2026-09-16	votes 3; referenced by hear-v
listen to	phrv	1	defining	pending	2026-09-16	votes 1
little	adj	1	defining	pending	2026-09-16	votes 3; referenced by big-adj; referenced by little-det
little	det	1	defining	done	2026-09-16	votes 3; referenced by few-det
live	v	1	defining	done	2026-09-16	votes 3; referenced by die-v
liver	n	1	defining	done	2026-09-16	votes 2
living	adj	1	defining	pending	2026-09-16	votes 1
load	n	1	defining	done	2026-09-16	votes 2
loan	n	1	defining	done	2026-09-16	votes 2; referenced by bank-n; referenced by borrow-v; referenced by lend-v; referenced by debt-n; referenced by interest-n
local	adj	1	defining	pending	2026-09-16	votes 3
lock	n	1	defining	done	2026-09-16	votes 2; referenced by lock-v; referenced by key-n
lock	v	1	defining	done	2026-09-16	votes 2
logical	adj	3	defining	pending	2026-09-16	votes 1; panel median 3, secondary part of speech
lonely	adj	1	defining	pending	2026-09-16	votes 3; referenced by alone-adj
long	adj	1	defining	pending	2026-09-16	votes 3; referenced by length-n
look	n	1	defining	done	2026-09-16	votes 3; referenced by appearance-n; referenced by eye-n
look	v	1	defining	done	2026-09-16	votes 2; referenced by look-after-phrv; referenced by see-v
look after	phrv	1	defining	done	2026-09-16	votes 2
look at	phrv	1	defining	pending	2026-09-16	votes 2
look for	phrv	1	defining	pending	2026-09-16	votes 3; referenced by look-after-phrv; referenced by find-v
look like	phrv	1	defining	pending	2026-09-16	votes 3
look out	phrv	1	defining	pending	2026-09-16	votes 1
look up	phrv	1	defining	pending	2026-09-16	votes 1; referenced by look-v
loose	adj	1	defining	pending	2026-09-16	votes 3
lose	v	1	defining	done	2026-09-16	votes 3; referenced by get-v; referenced by make-v
loss	n	1	defining	done	2026-09-16	votes 3; referenced by lose-v; referenced by gain-n
lot	n	1	defining	done	2026-09-16	votes 1
loud	adj	1	defining	pending	2026-09-16	votes 3; referenced by noise-n
love	n	1	defining	done	2026-09-16	votes 3; referenced by love-v; referenced by hate-n
love	v	1	defining	done	2026-09-16	votes 3; referenced by enjoy-v; referenced by hate-v
low	adj	1	defining	pending	2026-09-16	votes 3
loyal	adj	1	defining	pending	2026-09-16	votes 1
lunch	n	1	defining	done	2026-09-16	votes 3; referenced by breakfast-n; referenced by dinner-n
lung	n	1	defining	done	2026-09-16	votes 3
machine	n	1	defining	done	2026-09-16	votes 1; referenced by device-n; referenced by engine-n
magic	adj	1	defining	pending	2026-09-16	votes 1
main	adj	1	defining	done	2026-09-16	votes 2
mainly	adv	1	defining	pending	2026-09-16	votes 2; referenced by main-adj
make	v	1	defining	done	2026-09-16	votes 3
make up	phrv	1	defining	pending	2026-09-16	votes 3; referenced by consist-v; referenced by decide-v; referenced by form-v; referenced by invent-v
makeup	n	3	defining	pending	2026-09-16	votes 2; panel median 3, secondary part of speech; referenced by make-v
male	adj	1	defining	pending	2026-09-16	votes 2
mammal	n	3	defining	pending	2026-09-16	votes 2; panel median 3, secondary part of speech; referenced by animal-n
man	n	1	defining	done	2026-09-16	votes 3; referenced by boy-n
manage	v	1	defining	done	2026-09-16	votes 2; referenced by run-v; referenced by control-v; referenced by handle-v
manager	n	1	defining	done	2026-09-16	votes 2; referenced by head-n; referenced by manage-v; referenced by boss-n; referenced by director-n; referenced by leader-n
manner	n	1	defining	done	2026-09-16	votes 2; referenced by way-n; referenced by air-n
many	det	1	defining	done	2026-09-16	votes 3
map	n	1	defining	done	2026-09-16	votes 3; referenced by guide-n
mark	n	1	defining	done	2026-09-16	votes 2; referenced by line-n
market	n	1	defining	done	2026-09-16	votes 3
marriage	n	1	defining	done	2026-09-16	votes 3; referenced by marry-v; referenced by divorce-n; referenced by husband-n
married	adj	1	defining	pending	2026-09-16	votes 2; referenced by marry-v; referenced by marriage-n
marry	v	1	defining	done	2026-09-16	votes 3; referenced by divorce-v
mass	n	1	defining	done	2026-09-16	votes 1
match	n	1	defining	done	2026-09-16	votes 2; referenced by competition-n; referenced by game-n
material	n	1	defining	done	2026-09-16	votes 3; referenced by cloth-n; referenced by fabric-n
matter	n	1	defining	done	2026-09-16	votes 3; referenced by thing-n; referenced by affair-n; referenced by issue-n
may	modal	1	defining	done	2026-09-16	votes 3; referenced by can-modal
maybe	adv	1	defining	pending	2026-09-16	votes 3; referenced by may-modal
mayor	n	1	defining	done	2026-09-16	votes 1; referenced by governor-n
me	pron	1	defining	done	2026-09-16	votes 2
meal	n	1	defining	done	2026-09-16	votes 3; referenced by breakfast-n; referenced by food-n
mean	adj	1	defining	pending	2026-09-16	votes 2
mean	v	1	defining	done	2026-09-16	votes 3; referenced by intend-v
meaning	n	1	defining	done	2026-09-16	votes 3; referenced by mean-v; referenced by definition-n
measure	n	1	defining	done	2026-09-16	votes 3; referenced by measure-v
measure	v	1	defining	done	2026-09-16	votes 3
measurement	n	1	defining	done	2026-09-16	votes 1; referenced by measure-v
meat	n	1	defining	done	2026-09-16	votes 3
mechanical	adj	3	defining	pending	2026-09-16	votes 1; panel median 3, secondary part of speech
medical	adj	1	defining	pending	2026-09-16	votes 1; referenced by medicine-n
medicine	n	1	defining	done	2026-09-16	votes 3; referenced by drug-n; referenced by health-n
meet	v	1	defining	done	2026-09-16	votes 2; referenced by see-v; referenced by gather-v
melt	v	1	defining	done	2026-09-16	votes 2; referenced by freeze-v
member	n	1	defining	done	2026-09-16	votes 2
memory	n	1	defining	done	2026-09-16	votes 3; referenced by remember-v
mental	adj	1	defining	pending	2026-09-16	votes 3
mention	v	1	defining	done	2026-09-16	votes 2; referenced by speak-v
menu	n	1	defining	done	2026-09-16	votes 1
merely	adv	1	defining	pending	2026-09-16	votes 1
message	n	1	defining	done	2026-09-16	votes 2; referenced by signal-n
messy	adj	1	defining	pending	2026-09-16	votes 1
metal	n	1	defining	done	2026-09-16	votes 3; referenced by iron-n
method	n	1	defining	done	2026-09-16	votes 3; referenced by way-n
micro-	comb	3	defining	pending	2026-09-16	votes 2; panel median 3, secondary part of speech
mid-	comb	3	defining	pending	2026-09-16	votes 1; panel median 3, secondary part of speech
middle	n	1	defining	done	2026-09-16	votes 3; referenced by center-n; referenced by heart-n
midnight	n	1	defining	done	2026-09-16	votes 2
might	modal	1	defining	done	2026-09-16	votes 2
military	adj	1	defining	pending	2026-09-16	votes 2
milk	n	1	defining	done	2026-09-16	votes 3; referenced by cream-n
million	num	1	defining	pending	2026-09-16	votes 3
min.	abbr	3	defining	pending	2026-09-16	votes 2; panel median 3, secondary part of speech
mind	n	1	defining	done	2026-09-16	votes 3; referenced by head-n; referenced by decide-v; referenced by body-n; referenced by brain-n; referenced by intelligence-n
mine	pron	1	defining	done	2026-09-16	votes 1; referenced by my-det
minister	n	1	defining	done	2026-09-16	votes 3; referenced by government-n
minus	prep	1	defining	done	2026-09-16	votes 1
minute	n	1	defining	done	2026-09-16	votes 3; referenced by hour-n
mirror	n	1	defining	done	2026-09-16	votes 2
mis-	prefix	3	defining	pending	2026-09-16	votes 2; panel median 3, secondary part of speech
mistake	n	1	defining	done	2026-09-16	votes 2; referenced by error-n; referenced by fault-n; referenced by fail-n
mix	v	1	defining	done	2026-09-16	votes 3; referenced by mixture-n
mm	abbr	3	defining	pending	2026-09-16	votes 2; panel median 3, secondary part of speech
modern	adj	1	defining	pending	2026-09-16	votes 2; referenced by old-adj
modest	adj	3	defining	pending	2026-09-16	votes 1; panel median 3, secondary part of speech
moment	n	1	defining	done	2026-09-16	votes 2; referenced by time-n; referenced by minute-n
money	n	1	defining	done	2026-09-16	votes 3
month	n	1	defining	done	2026-09-16	votes 3
monthly	adj	1	defining	pending	2026-09-16	votes 2; referenced by month-n
mood	n	1	defining	done	2026-09-16	votes 3
moon	n	1	defining	done	2026-09-16	votes 2
more	adv	1	defining	pending	2026-09-16	votes 2; referenced by more-det
more	det	1	defining	done	2026-09-16	votes 3
morning	n	1	defining	done	2026-09-16	votes 3; referenced by afternoon-n; referenced by evening-n
most	adv	1	defining	pending	2026-09-16	votes 2; referenced by most-det
most	det	1	defining	done	2026-09-16	votes 3
mostly	adv	1	defining	pending	2026-09-16	votes 2
mother	n	1	defining	done	2026-09-16	votes 3; referenced by birth-n; referenced by daughter-n; referenced by father-n; referenced by grandmother-n
motor	n	1	defining	done	2026-09-16	votes 2; referenced by engine-n
mountain	n	1	defining	done	2026-09-16	votes 2; referenced by hill-n
mouse	n	1	defining	done	2026-09-16	votes 1; referenced by keyboard-n
mouth	n	1	defining	done	2026-09-16	votes 3; referenced by chin-n; referenced by lip-n
move	n	1	defining	done	2026-09-16	votes 2; referenced by move-v
move	v	1	defining	done	2026-09-16	votes 3; referenced by affect-v
move in	phrv	1	defining	pending	2026-09-16	votes 1; referenced by move-v
move on	phrv	1	defining	pending	2026-09-16	votes 2; referenced by move-v
move out	phrv	1	defining	pending	2026-09-16	votes 1
movement	n	1	defining	done	2026-09-16	votes 1; referenced by move-v
movie	n	1	defining	done	2026-09-16	votes 1; referenced by film-n
mph	abbr	4	defining	pending	2026-09-16	votes 2; panel median 4, secondary part of speech
much	adv	1	defining	pending	2026-09-16	votes 2; referenced by much-det; referenced by a-lot-adv
much	det	1	defining	done	2026-09-16	votes 3
mud	n	1	defining	done	2026-09-16	votes 3; referenced by dirt-n
multi-	comb	4	defining	pending	2026-09-16	votes 1; panel median 4, secondary part of speech
multiply	v	1	defining	done	2026-09-16	votes 1; referenced by divide-v
murder	n	1	defining	done	2026-09-16	votes 1
muscle	n	1	defining	done	2026-09-16	votes 3
museum	n	1	defining	done	2026-09-16	votes 1
music	n	1	defining	done	2026-09-16	votes 3; referenced by dance-n; referenced by instrument-n
musical	adj	1	defining	pending	2026-09-16	votes 2; referenced by music-n
musician	n	1	defining	done	2026-09-16	votes 2; referenced by singer-n
must	modal	1	defining	done	2026-09-16	votes 3
my	det	1	defining	done	2026-09-16	votes 2
myself	pron	1	defining	done	2026-09-16	votes 1
naked	adj	1	defining	pending	2026-09-16	votes 2
name	n	1	defining	done	2026-09-16	votes 2; referenced by name-v
name	v	1	defining	done	2026-09-16	votes 3; referenced by call-v
narrow	adj	1	defining	pending	2026-09-16	votes 3
nation	n	1	defining	done	2026-09-16	votes 3; referenced by people-n; referenced by country-n
national	adj	1	defining	pending	2026-09-16	votes 1; referenced by nation-n
natural	adj	1	defining	pending	2026-09-16	votes 2; referenced by nature-n
naturally	adv	1	defining	pending	2026-09-16	votes 2; referenced by nature-n
nature	n	1	defining	done	2026-09-16	votes 3
near	adj	1	defining	pending	2026-09-16	votes 2; referenced by far-adj
near	adv	1	defining	pending	2026-09-16	votes 3
near	prep	1	defining	done	2026-09-16	votes 3
nearby	adj	1	defining	pending	2026-09-16	votes 1; referenced by near-prep
nearly	adv	1	defining	pending	2026-09-16	votes 2; referenced by near-prep
neat	adj	1	defining	pending	2026-09-16	votes 2
necessarily	adv	1	defining	pending	2026-09-16	votes 1
necessary	adj	1	defining	pending	2026-09-16	votes 2; referenced by need-n
neck	n	1	defining	done	2026-09-16	votes 3; referenced by head-n
need	n	1	defining	done	2026-09-16	votes 2; referenced by need-v; referenced by lack-n
need	v	1	defining	done	2026-09-16	votes 3; referenced by take-v
negative	adj	1	defining	pending	2026-09-16	votes 1
neighbor	n	1	defining	done	2026-09-16	votes 2; referenced by friend-n
neither	det	1	defining	done	2026-09-16	votes 2; referenced by either-det
neither	pron	1	defining	done	2026-09-16	votes 2; referenced by neither-det; referenced by either-pron
nephew	n	1	defining	done	2026-09-16	votes 2
nerve	n	1	defining	done	2026-09-16	votes 2; referenced by cheek-n; referenced by bottle-n
nervous	adj	1	defining	pending	2026-09-16	votes 3; referenced by anxious-adj; referenced by nerve-n
nest	n	3	defining	pending	2026-09-16	votes 1; panel median 3, secondary part of speech; referenced by bird-n
network	n	1	defining	done	2026-09-16	votes 1
never	adv	1	defining	pending	2026-09-16	votes 3
new	adj	1	defining	pending	2026-09-16	votes 3; referenced by old-adj
news	n	1	defining	done	2026-09-16	votes 2
next	adj	1	defining	pending	2026-09-16	votes 3
next	adv	1	defining	pending	2026-09-16	votes 2
nice	adj	1	defining	pending	2026-09-16	votes 2; referenced by good-adj
niece	n	1	defining	done	2026-09-16	votes 2
night	n	1	defining	done	2026-09-16	votes 3; referenced by dark-n; referenced by evening-n; referenced by midnight-n; referenced by morning-n
nine	num	1	defining	pending	2026-09-16	votes 3
no	adv	1	defining	pending	2026-09-16	votes 2
no	det	1	defining	done	2026-09-16	votes 3
no	interj	1	defining	pending	2026-09-16	votes 2; referenced by no-det
no.	abbr	1	defining	pending	2026-09-16	votes 2
nobody	pron	1	defining	done	2026-09-16	votes 1
noise	n	1	defining	done	2026-09-16	votes 2
noisy	adj	1	defining	pending	2026-09-16	votes 2; referenced by noise-n
non-	prefix	3	defining	pending	2026-09-16	votes 2; panel median 3, secondary part of speech
none	pron	1	defining	done	2026-09-16	votes 2; referenced by no-det; referenced by neither-pron
noon	n	1	defining	done	2026-09-16	votes 2; referenced by midnight-n
nor	conj	1	defining	done	2026-09-16	votes 3; stale claim, no backing file, see queue-stale-claimed-rows.md
normal	adj	1	defining	pending	2026-09-16	votes 2
normally	adv	1	defining	pending	2026-09-16	votes 3
nose	n	1	defining	done	2026-09-16	votes 3
not	adv	1	defining	pending	2026-09-16	votes 3
note	n	1	defining	done	2026-09-16	votes 3; referenced by bill-n; referenced by message-n
nothing	pron	1	defining	done	2026-09-16	votes 1; referenced by thing-n; referenced by none-pron
notice	v	1	defining	done	2026-09-16	votes 3; referenced by see-v
noun	n	3	defining	pending	2026-09-16	votes 1; panel median 3, secondary part of speech; referenced by adjective-n
now	adv	1	defining	pending	2026-09-16	votes 3
nowhere	adv	1	defining	pending	2026-09-16	votes 2
number	n	1	defining	done	2026-09-16	votes 3; referenced by amount-n; referenced by figure-n
nurse	n	1	defining	done	2026-09-16	votes 3; referenced by doctor-n; referenced by hospital-n
nut	n	1	defining	done	2026-09-16	votes 1
obey	v	1	defining	done	2026-09-16	votes 1; referenced by follow-v
object	n	1	defining	done	2026-09-16	votes 2; referenced by thing-n
observe	v	1	defining	done	2026-09-16	votes 2
obvious	adj	1	defining	pending	2026-09-16	votes 1
obviously	adv	1	defining	pending	2026-09-16	votes 2
occasional	adj	3	defining	pending	2026-09-16	votes 1; panel median 3, secondary part of speech
occur	v	1	defining	done	2026-09-16	votes 1; referenced by happen-v
ocean	n	1	defining	done	2026-09-16	votes 2; referenced by island-n
odd	adj	1	defining	pending	2026-09-16	votes 1
of	prep	1	defining	done	2026-09-16	votes 3
of course	phr	1	defining	pending	2026-09-16	votes 2
off	adv	1	defining	pending	2026-09-16	votes 3
off	prep	1	defining	done	2026-09-16	votes 3; returned to queue; not drafted this run (kept batch to 15 for quality)
offer	n	1	defining	done	2026-09-16	votes 1
office	n	1	defining	done	2026-09-16	votes 3; referenced by department-n
officer	n	1	defining	done	2026-09-16	votes 1; referenced by police-n
official	adj	1	defining	pending	2026-09-16	votes 2; referenced by office-n; referenced by official-n
official	n	1	defining	done	2026-09-16	votes 3; referenced by office-n
often	adv	1	defining	pending	2026-09-16	votes 3; referenced by a-lot-adv
oh	interj	1	defining	pending	2026-09-16	votes 3
oil	n	1	defining	done	2026-09-16	votes 3; referenced by fuel-n
ok	abbr	1	defining	pending	2026-09-16	votes 1
okay	adv	1	defining	pending	2026-09-16	votes 2
okay	interj	1	defining	pending	2026-09-16	votes 3
old	adj	1	defining	done	2026-09-16	votes 3
on	adv	1	defining	pending	2026-09-16	votes 3; referenced by on-prep
on	prep	1	defining	done	2026-09-16	votes 3; referenced by in-prep; returned to queue; not drafted this run (kept batch to 15 for quality); referenced by onto-prep; referenced by off-prep; stale claim, no backing file, see queue-stale-claimed-rows.md; referenced by upon-prep
once	adv	1	defining	pending	2026-09-16	votes 3; referenced by one-num; referenced by once-conj
once	conj	1	defining	done	2026-09-16	votes 3; stale claim, no backing file, see queue-stale-claimed-rows.md
one	num	1	defining	done	2026-09-16	votes 3
one	pron	1	defining	done	2026-09-16	votes 2; covered by the one-num entry (auxiliary or pronoun uses are senses there); referenced by you-pron; split from one-num during review adjudication 2026-09-21; one-pron already exists (split 2026-09-21); the owner's ruling of 2026-10-05 asks a review run to move any remaining pronoun uses out of one-num
online	adj	1	defining	pending	2026-09-16	votes 1; referenced by internet-n; referenced by line-n
only	adv	1	defining	pending	2026-09-16	votes 3; referenced by alone-adj
onto	prep	1	defining	done	2026-09-16	votes 3
oops	interj	1	defining	pending	2026-09-16	votes 2
open	adj	1	defining	pending	2026-09-16	votes 3; referenced by open-v
open	v	1	defining	done	2026-09-16	votes 3; referenced by close-v
operate	v	1	defining	done	2026-09-16	votes 3; referenced by run-v; referenced by control-v
operation	n	1	defining	done	2026-09-16	votes 2; referenced by operate-v
opinion	n	1	defining	done	2026-09-16	votes 3; referenced by attitude-n; referenced by belief-n; referenced by fact-n; referenced by idea-n; referenced by judgment-n; referenced by mind-n
opportunity	n	1	defining	done	2026-09-16	votes 1; referenced by chance-n
opposite	adj	1	defining	pending	2026-09-16	votes 2
or	conj	1	defining	done	2026-09-16	votes 3; referenced by and-conj; stale claim, no backing file, see queue-stale-claimed-rows.md
orange	adj	1	defining	pending	2026-09-16	votes 1
order	n	1	defining	done	2026-09-16	votes 3; referenced by order-v
order	v	1	defining	done	2026-09-16	votes 2; referenced by tell-v
organ	n	1	defining	done	2026-09-16	votes 1
orphan	n	3	defining	pending	2026-09-16	votes 2; panel median 3, secondary part of speech
other	adj	1	defining	pending	2026-09-16	votes 2; referenced by another-det
other	det	1	defining	done	2026-09-16	votes 3
other	pron	1	defining	done	2026-09-16	votes 2; referenced by other-det
otherwise	adv	1	defining	pending	2026-09-16	votes 2; referenced by or-conj
ouch	interj	1	defining	pending	2026-09-16	votes 2
ought	modal	1	defining	done	2026-09-16	votes 1
our	det	1	defining	done	2026-09-16	votes 2
ours	pron	1	defining	done	2026-09-16	votes 1; referenced by our-det
ourselves	pron	1	defining	done	2026-09-16	votes 1
out	adv	1	defining	pending	2026-09-16	votes 3
out	prep	1	defining	done	2026-09-16	votes 3; returned to queue; not drafted this run (kept batch to 15 for quality)
out-	prefix	3	defining	pending	2026-09-16	votes 2; panel median 3, secondary part of speech
outdoor	adj	1	defining	pending	2026-09-16	votes 1; referenced by door-n
outside	adv	1	defining	pending	2026-09-16	votes 3; referenced by outside-prep; referenced by outside-n
outside	n	1	defining	done	2026-09-16	votes 2; referenced by outside-prep; referenced by inside-n
outside	prep	1	defining	done	2026-09-16	votes 3
oven	n	1	defining	done	2026-09-16	votes 3
over	adv	1	defining	pending	2026-09-16	votes 3; referenced by over-prep
over	prep	1	defining	done	2026-09-16	votes 3; referenced by above-prep; returned to queue; not drafted this run (kept batch to 15 for quality); stale claim, no backing file, see queue-stale-claimed-rows.md; referenced by under-prep
over-	prefix	3	defining	pending	2026-09-16	votes 2; panel median 3, secondary part of speech
owe	v	1	defining	done	2026-09-16	votes 2
own	v	1	defining	done	2026-09-16	votes 2; referenced by have-v; referenced by run-v; referenced by belong-v
owner	n	1	defining	done	2026-09-16	votes 1; referenced by own-v
oz	abbr	1	defining	pending	2026-09-16	votes 2
p.m.	abbr	1	defining	pending	2026-09-16	votes 2
pack	n	1	defining	done	2026-09-16	votes 2; referenced by pack-v
pack	v	1	defining	done	2026-09-16	votes 3
page	n	1	defining	done	2026-09-16	votes 2; referenced by book-n
paid	adj	1	defining	pending	2026-09-16	votes 1; referenced by pay-v
pain	n	1	defining	done	2026-09-16	votes 3; referenced by sting-v
painful	adj	1	defining	pending	2026-09-16	votes 1; referenced by pain-n
paint	n	1	defining	done	2026-09-16	votes 2; referenced by paint-v; referenced by painting-n
paint	v	1	defining	done	2026-09-16	votes 3; referenced by draw-v
pair	n	1	defining	done	2026-09-16	votes 1; referenced by couple-n
pale	adj	1	defining	pending	2026-09-16	votes 2; referenced by gray-adj
pan	n	1	defining	done	2026-09-16	votes 3
pants	n	1	defining	done	2026-09-16	votes 3
paper	n	1	defining	done	2026-09-16	votes 3
paragraph	n	1	defining	done	2026-09-16	votes 1
pardon	interj	1	defining	pending	2026-09-16	votes 2
parent	n	1	defining	done	2026-09-16	votes 3; referenced by child-n; referenced by father-n; referenced by mother-n
park	n	1	defining	done	2026-09-16	votes 2; referenced by garden-n
park	v	1	defining	done	2026-09-16	votes 3
parking	n	1	defining	done	2026-09-16	votes 1; referenced by park-v
parliament	n	1	defining	done	2026-09-16	votes 2; referenced by house-n
part	n	1	defining	done	2026-09-16	votes 3; referenced by bit-n
part-time	adj	1	defining	pending	2026-09-16	votes 1
particular	adj	1	defining	pending	2026-09-16	votes 2
particularly	adv	1	defining	pending	2026-09-16	votes 2
partly	adv	1	defining	pending	2026-09-16	votes 2; referenced by part-n
partner	n	1	defining	done	2026-09-16	votes 3; referenced by husband-n
party	n	1	defining	done	2026-09-16	votes 3; referenced by birthday-n; referenced by dance-n; referenced by festival-n; referenced by host-n
pass	v	1	defining	done	2026-09-16	votes 3; referenced by go-v; referenced by give-v
pass away	phrv	1	defining	pending	2026-09-16	votes 1; referenced by die-v; referenced by pass-v
pass on	phrv	1	defining	pending	2026-09-16	votes 1; referenced by pass-v
passenger	n	1	defining	done	2026-09-16	votes 3; referenced by driver-n
passion	n	1	defining	done	2026-09-16	votes 1; referenced by fire-n
password	n	1	defining	done	2026-09-16	votes 1; referenced by code-n; referenced by key-n
past	adj	1	defining	pending	2026-09-16	votes 2; referenced by past-prep; referenced by past-n
past	n	1	defining	done	2026-09-16	votes 3; referenced by past-prep; referenced by future-n; referenced by history-n
past	prep	1	defining	done	2026-09-16	votes 2
pasture	n	3	defining	pending	2026-09-16	votes 2; panel median 3, secondary part of speech
path	n	1	defining	done	2026-09-16	votes 3; referenced by way-n; referenced by lane-n
patience	n	1	defining	done	2026-09-16	votes 3
patient	adj	1	defining	pending	2026-09-16	votes 3; referenced by patience-n
patient	n	1	defining	done	2026-09-16	votes 3; referenced by hospital-n; referenced by nurse-n
pattern	n	1	defining	done	2026-09-16	votes 1; referenced by design-n
pause	n	1	defining	done	2026-09-16	votes 1; referenced by break-n
pay	n	1	defining	done	2026-09-16	votes 2; referenced by pay-v
pay	v	1	defining	done	2026-09-16	votes 2; referenced by cost-v; referenced by give-v
payment	n	1	defining	done	2026-09-16	votes 1; referenced by pay-v; referenced by pay-n
peace	n	1	defining	done	2026-09-16	votes 3
peel	v	1	defining	done	2026-09-16	votes 2
people	n	1	defining	done	2026-09-16	votes 3
per	prep	1	defining	done	2026-09-16	votes 2; returned to queue; not drafted this run (kept batch to 15 for quality)
perfect	adj	1	defining	pending	2026-09-16	votes 1
perfectly	adv	1	defining	pending	2026-09-16	votes 1
perform	v	1	defining	done	2026-09-16	votes 3; referenced by do-v; referenced by act-v
performance	n	1	defining	done	2026-09-16	votes 2; referenced by perform-v
perfume	n	1	defining	done	2026-09-16	votes 2
perhaps	adv	1	defining	pending	2026-09-16	votes 3
period	n	1	defining	done	2026-09-16	votes 2; referenced by time-n
permanent	adj	1	defining	pending	2026-09-16	votes 1
person	n	1	defining	done	2026-09-16	votes 3
personal	adj	1	defining	pending	2026-09-16	votes 2; referenced by person-n; referenced by personality-n
personality	n	1	defining	done	2026-09-16	votes 1; referenced by person-n; referenced by character-n; referenced by nature-n
personally	adv	1	defining	pending	2026-09-16	votes 1; referenced by person-n
pest	n	3	defining	pending	2026-09-16	votes 1; panel median 3, secondary part of speech
pet	n	1	defining	done	2026-09-16	votes 1; referenced by animal-n; referenced by dog-n
pharmacy	n	3	defining	pending	2026-09-16	votes 1; panel median 3, secondary part of speech
photograph	n	1	defining	done	2026-09-16	votes 1; referenced by camera-n
physical	adj	1	defining	pending	2026-09-16	votes 2
pick	v	1	defining	done	2026-09-16	votes 3; referenced by pick-up-phrv; referenced by choose-v
pick up	phrv	1	defining	done	2026-09-16	votes 3
picture	n	1	defining	done	2026-09-16	votes 3; referenced by image-n
piece	n	1	defining	done	2026-09-16	votes 3; referenced by bit-n; referenced by cake-n; referenced by man-n; referenced by block-n; referenced by part-n
pig	n	1	defining	done	2026-09-16	votes 2
pill	n	1	defining	done	2026-09-16	votes 3; referenced by medicine-n
pilot	n	1	defining	done	2026-09-16	votes 1
pink	adj	1	defining	pending	2026-09-16	votes 1
pipe	n	1	defining	done	2026-09-16	votes 1; referenced by tube-n
pity	n	1	defining	done	2026-09-16	votes 1
place	n	1	defining	done	2026-09-16	votes 2; referenced by place-v
place	v	1	defining	done	2026-09-16	votes 2
plain	adj	1	defining	pending	2026-09-16	votes 2
plan	n	1	defining	done	2026-09-16	votes 3; referenced by plan-v; referenced by design-n; referenced by idea-n; referenced by intention-n
plan	v	1	defining	done	2026-09-16	votes 3; referenced by intend-v
plane	n	1	defining	done	2026-09-16	votes 3
plant	n	1	defining	done	2026-09-16	votes 3; referenced by plant-v; referenced by factory-n; referenced by grass-n; referenced by leaf-n
plastic	n	1	defining	done	2026-09-16	votes 3
plate	n	1	defining	done	2026-09-16	votes 3; referenced by bowl-n; referenced by dish-n; referenced by fork-n
platform	n	1	defining	done	2026-09-16	votes 1
play	n	1	defining	done	2026-09-16	votes 3; referenced by act-n; referenced by play-v; referenced by fun-n
play	v	1	defining	done	2026-09-16	votes 3
player	n	1	defining	done	2026-09-16	votes 2; referenced by play-v; referenced by play-n
pleasant	adj	1	defining	pending	2026-09-16	votes 1; referenced by good-adj; referenced by please-interj; referenced by pleasure-n
please	adv	1	defining	pending	2026-09-16	votes 3
please	interj	1	defining	done	2026-09-16	votes 2
pleased	adj	1	defining	pending	2026-09-16	votes 2; referenced by happy-adj; referenced by please-interj; referenced by pleasure-n
pleasure	n	1	defining	done	2026-09-16	votes 3; referenced by please-interj; referenced by fun-n; referenced by joy-n
plow	v	3	defining	pending	2026-09-16	votes 2; panel median 3, secondary part of speech
plug	n	1	defining	done	2026-09-16	votes 1
plural	n	3	defining	pending	2026-09-16	votes 1; panel median 3, secondary part of speech
plus	prep	1	defining	done	2026-09-16	votes 1
pm	abbr	3	defining	pending	2026-09-16	votes 2; panel median 3, secondary part of speech
pocket	n	1	defining	done	2026-09-16	votes 3
point	n	1	defining	done	2026-09-16	votes 3; referenced by time-n
point out	phrv	1	defining	pending	2026-09-16	votes 3; referenced by point-n
poison	n	1	defining	done	2026-09-16	votes 1
police	n	1	defining	done	2026-09-16	votes 3
policy	n	1	defining	done	2026-09-16	votes 2
polite	adj	1	defining	pending	2026-09-16	votes 3
political	adj	1	defining	pending	2026-09-16	votes 3; referenced by politics-n
politics	n	1	defining	done	2026-09-16	votes 2; referenced by government-n; referenced by parliament-n
pool	n	1	defining	done	2026-09-16	votes 1
poor	adj	1	defining	pending	2026-09-16	votes 2; referenced by good-adj; referenced by bad-adj
popular	adj	1	defining	pending	2026-09-16	votes 2; referenced by big-adj; referenced by famous-adj
port	n	1	defining	done	2026-09-16	votes 3
position	n	1	defining	done	2026-09-16	votes 2
positive	adj	1	defining	pending	2026-09-16	votes 1
possibility	n	1	defining	done	2026-09-16	votes 1; referenced by chance-n; referenced by opportunity-n
possible	adj	1	defining	pending	2026-09-16	votes 2; referenced by possibility-n
possibly	adv	1	defining	pending	2026-09-16	votes 1; referenced by possibility-n
post-	prefix	3	defining	pending	2026-09-16	votes 2; panel median 3, secondary part of speech
pot	n	1	defining	done	2026-09-16	votes 3; referenced by pan-n
potato	n	1	defining	done	2026-09-16	votes 1
pour	v	1	defining	done	2026-09-16	votes 3; referenced by run-v
powder	n	1	defining	done	2026-09-16	votes 2
power	n	1	defining	done	2026-09-16	votes 3; referenced by authority-n; referenced by control-n; referenced by electricity-n; referenced by energy-n; referenced by force-n; referenced by influence-n
powerful	adj	1	defining	pending	2026-09-16	votes 1; referenced by power-n
practice	n	1	defining	done	2026-09-16	votes 2; referenced by practice-v; referenced by exercise-n; referenced by practical-adj
practice	v	1	defining	done	2026-09-16	votes 2; referenced by exercise-v
praise	v	1	defining	done	2026-09-16	votes 1
pray	v	1	defining	done	2026-09-16	votes 3
prayer	n	1	defining	done	2026-09-16	votes 2; referenced by pray-v
pre-	prefix	3	defining	pending	2026-09-16	votes 2; panel median 3, secondary part of speech
pregnancy	n	1	defining	done	2026-09-16	votes 2
pregnant	adj	1	defining	pending	2026-09-16	votes 2; referenced by pregnancy-n
present	adj	1	defining	pending	2026-09-16	votes 2; referenced by present-n
present	n	1	defining	done	2026-09-16	votes 3; referenced by future-n; referenced by past-n
president	n	1	defining	done	2026-09-16	votes 3; referenced by government-n
press	v	1	defining	done	2026-09-16	votes 2
pretty	adj	1	defining	pending	2026-09-16	votes 3; referenced by attractive-adj
prevent	v	1	defining	done	2026-09-16	votes 3; referenced by encourage-v; referenced by guard-v; referenced by keep-v
previous	adj	1	defining	pending	2026-09-16	votes 2; referenced by old-adj
price	n	1	defining	done	2026-09-16	votes 2; referenced by charge-n; referenced by cost-n; referenced by fee-n
pride	n	1	defining	done	2026-09-16	votes 3
priest	n	1	defining	done	2026-09-16	votes 1; referenced by minister-n
print	n	1	defining	done	2026-09-16	votes 1; referenced by print-v
printer	n	3	defining	pending	2026-09-16	votes 1; panel median 3, secondary part of speech; referenced by print-v; referenced by print-n
prison	n	1	defining	done	2026-09-16	votes 3; referenced by freedom-n; referenced by jail-n
prisoner	n	1	defining	done	2026-09-16	votes 1
private	adj	1	defining	pending	2026-09-16	votes 3
prize	n	1	defining	done	2026-09-16	votes 2
probably	adv	1	defining	pending	2026-09-16	votes 3
problem	n	1	defining	done	2026-09-16	votes 3; referenced by difficulty-n; referenced by issue-n
process	n	1	defining	done	2026-09-16	votes 3; referenced by method-n
produce	v	1	defining	done	2026-09-16	votes 2; referenced by make-v; referenced by create-v
product	n	1	defining	done	2026-09-16	votes 2; referenced by child-n; referenced by produce-v; referenced by goods-n
profession	n	1	defining	done	2026-09-16	votes 1; referenced by career-n
professional	adj	1	defining	pending	2026-09-16	votes 2; referenced by profession-n
profit	n	1	defining	done	2026-09-16	votes 2; referenced by gain-n; referenced by loss-n
program	n	1	defining	done	2026-09-16	votes 1
progress	n	1	defining	done	2026-09-16	votes 1; referenced by development-n; referenced by improvement-n
promise	n	1	defining	done	2026-09-16	votes 1; referenced by promise-v
pronoun	n	3	defining	pending	2026-09-16	votes 1; panel median 3, secondary part of speech
pronounce	v	1	defining	done	2026-09-16	votes 1
pronunciation	n	3	defining	pending	2026-09-16	votes 1; panel median 3, secondary part of speech; referenced by pronounce-v
proof	n	1	defining	done	2026-09-16	votes 3; referenced by prove-v; referenced by evidence-n
proper	adj	1	defining	pending	2026-09-16	votes 1
properly	adv	1	defining	pending	2026-09-16	votes 1
protect	v	1	defining	done	2026-09-16	votes 3; referenced by defend-v; referenced by guard-v
protection	n	1	defining	done	2026-09-16	votes 2; referenced by protect-v; referenced by defense-n
protest	n	1	defining	done	2026-09-16	votes 1
proud	adj	1	defining	pending	2026-09-16	votes 3; referenced by pride-n
prove	v	1	defining	done	2026-09-16	votes 3
provide	v	1	defining	done	2026-09-16	votes 2; referenced by give-v
public	adj	1	defining	pending	2026-09-16	votes 3; referenced by public-n
public	n	1	defining	done	2026-09-16	votes 2; referenced by people-n
pull	v	1	defining	done	2026-09-16	votes 3; referenced by draw-v
pulse	n	3	defining	pending	2026-09-16	votes 1; panel median 3, secondary part of speech
punish	v	1	defining	done	2026-09-16	votes 3
punishment	n	1	defining	done	2026-09-16	votes 2; referenced by punish-v
pure	adj	1	defining	pending	2026-09-16	votes 1
purple	adj	1	defining	pending	2026-09-16	votes 1
purpose	n	1	defining	done	2026-09-16	votes 3; referenced by aim-n; referenced by end-n; referenced by deliberately-adv; referenced by idea-n; referenced by intention-n; referenced by meaning-n; referenced by object-n
purse	n	1	defining	done	2026-09-16	votes 2; referenced by bag-n
push	v	1	defining	done	2026-09-16	votes 3; referenced by press-v; referenced by pull-v
put	v	1	defining	done	2026-09-16	votes 3; referenced by place-v
put away	phrv	1	defining	pending	2026-09-16	votes 2; referenced by put-v
put back	phrv	1	defining	pending	2026-09-16	votes 1; referenced by put-v
put down	phrv	1	defining	pending	2026-09-16	votes 2; referenced by pick-up-phrv; referenced by destroy-v; referenced by put-v
put off	phrv	1	defining	pending	2026-09-16	votes 1; referenced by put-v
put on	phrv	1	defining	pending	2026-09-16	votes 3; referenced by dress-v; referenced by put-v; referenced by wear-v
put together	phrv	1	defining	pending	2026-09-16	votes 1; referenced by put-v
put up	phrv	1	defining	pending	2026-09-16	votes 1; referenced by put-v
quality	n	1	defining	done	2026-09-16	votes 2
quantity	n	3	defining	pending	2026-09-16	votes 2; panel median 3, secondary part of speech; referenced by amount-n
quarter	n	1	defining	done	2026-09-16	votes 3; referenced by half-n
queen	n	1	defining	done	2026-09-16	votes 2; referenced by king-n
question	n	1	defining	done	2026-09-16	votes 3; referenced by ask-v; referenced by question-v; referenced by doubt-n; referenced by issue-n
question	v	1	defining	done	2026-09-16	votes 2; referenced by doubt-v
quick	adj	1	defining	pending	2026-09-16	votes 1; referenced by quickly-adv
quickly	adv	1	defining	done	2026-09-16	votes 3
quiet	adj	1	defining	pending	2026-09-16	votes 3; referenced by noise-n; referenced by silence-n
quit	v	1	defining	done	2026-09-16	votes 1; referenced by give-up-phrv; referenced by kick-v; referenced by leave-v
quite	adv	1	defining	pending	2026-09-16	votes 3; referenced by very-adv
race	n	1	defining	done	2026-09-16	votes 3; referenced by color-n; referenced by race-v
race	v	1	defining	done	2026-09-16	votes 3
radio	n	1	defining	done	2026-09-16	votes 1
rail	n	1	defining	done	2026-09-16	votes 1
rain	n	1	defining	done	2026-09-16	votes 2; referenced by rain-v
rain	v	1	defining	done	2026-09-16	votes 2
raise	v	1	defining	done	2026-09-16	votes 3; referenced by collect-v; referenced by grow-v; referenced by increase-v; referenced by lift-v
range	n	1	defining	done	2026-09-16	votes 1; referenced by choice-n
rare	adj	1	defining	pending	2026-09-16	votes 2
rarely	adv	1	defining	pending	2026-09-16	votes 2
rate	n	1	defining	done	2026-09-16	votes 3
rather	adv	1	defining	pending	2026-09-16	votes 3
raw	adj	1	defining	pending	2026-09-16	votes 2
razor	n	3	defining	pending	2026-09-16	votes 2; panel median 3, secondary part of speech
re-	prefix	1	defining	pending	2026-09-16	votes 2
reach	v	1	defining	done	2026-09-16	votes 2; referenced by get-v; referenced by make-v; referenced by arrive-v; referenced by hit-v
read	v	1	defining	done	2026-09-16	votes 3; referenced by say-v
reader	n	1	defining	done	2026-09-16	votes 1; referenced by read-v; referenced by audience-n
ready	adj	1	defining	pending	2026-09-16	votes 2; referenced by prepare-v
real	adj	1	defining	pending	2026-09-16	votes 2; referenced by actual-adj; referenced by realize-v
realize	v	1	defining	done	2026-09-16	votes 3; referenced by see-v
really	adv	1	defining	pending	2026-09-16	votes 3; referenced by actually-adv; referenced by very-adv
reason	n	1	defining	done	2026-09-16	votes 3; referenced by cause-n; referenced by emotion-n; referenced by explanation-n; referenced by ground-n; referenced by purpose-n
reason	v	3	defining	pending	2026-09-16	votes 3; panel median 3, secondary part of speech; referenced by reason-n
reasonable	adj	1	defining	pending	2026-09-16	votes 1; referenced by reason-n
receipt	n	1	defining	done	2026-09-16	votes 2; referenced by bill-n
recent	adj	1	defining	pending	2026-09-16	votes 1
recently	adv	1	defining	pending	2026-09-16	votes 2
recipe	n	1	defining	done	2026-09-16	votes 1; referenced by cook-v
recognize	v	1	defining	done	2026-09-16	votes 3; referenced by know-v
record	n	1	defining	done	2026-09-16	votes 1
recover	v	1	defining	done	2026-09-16	votes 2
recovery	n	1	defining	done	2026-09-16	votes 1; referenced by recover-v
red	adj	1	defining	pending	2026-09-16	votes 2
reduce	v	1	defining	done	2026-09-16	votes 1; referenced by cut-v; referenced by decrease-v; referenced by increase-v; referenced by raise-v
refer	v	1	defining	done	2026-09-16	votes 1
reflect	v	1	defining	done	2026-09-16	votes 1
refuse	v	1	defining	done	2026-09-16	votes 2; referenced by take-v; referenced by accept-v
regret	v	1	defining	done	2026-09-16	votes 2
regular	adj	1	defining	pending	2026-09-16	votes 2
regularly	adv	1	defining	pending	2026-09-16	votes 1
relate	v	1	defining	done	2026-09-16	votes 2
related	adj	1	defining	pending	2026-09-16	votes 2; referenced by relate-v
relation	n	3	defining	pending	2026-09-16	votes 2; panel median 3, secondary part of speech; referenced by relate-v; referenced by relationship-n
relationship	n	1	defining	done	2026-09-16	votes 3; referenced by relate-v; referenced by connection-n; referenced by friendship-n
relative	n	3	defining	pending	2026-09-16	votes 3; panel median 3, secondary part of speech; referenced by family-n; referenced by relate-v; referenced by cousin-n; referenced by parent-n; referenced by relationship-n
relax	v	1	defining	done	2026-09-16	votes 3
relief	n	1	defining	done	2026-09-16	votes 1
religion	n	1	defining	done	2026-09-16	votes 3; referenced by christian-n; referenced by faith-n; referenced by god-n; referenced by priest-n; referenced by church-n
religious	adj	1	defining	pending	2026-09-16	votes 2; referenced by religion-n
remain	v	1	defining	done	2026-09-16	votes 2; referenced by become-v; referenced by continue-v; referenced by keep-v
remember	v	1	defining	done	2026-09-16	votes 3; referenced by forget-v
remind	v	1	defining	done	2026-09-16	votes 1
remove	v	1	defining	done	2026-09-16	votes 2; referenced by take-v; referenced by add-v; referenced by delete-v; referenced by install-v
rent	n	1	defining	done	2026-09-16	votes 1
repair	n	1	defining	done	2026-09-16	votes 2; referenced by repair-v
repair	v	1	defining	done	2026-09-16	votes 2; referenced by fix-v
repeat	v	1	defining	done	2026-09-16	votes 2
reply	v	1	defining	done	2026-09-16	votes 2; referenced by answer-v
report	n	1	defining	done	2026-09-16	votes 1; referenced by record-n; referenced by account-n; referenced by report-v
represent	v	1	defining	done	2026-09-16	votes 2
representative	n	1	defining	done	2026-09-16	votes 1; referenced by represent-v
reptile	n	3	defining	pending	2026-09-16	votes 2; panel median 3, secondary part of speech
republic	n	3	defining	pending	2026-09-16	votes 1; panel median 3, secondary part of speech
require	v	1	defining	done	2026-09-16	votes 1; referenced by take-v
rescue	n	3	defining	pending	2026-09-16	votes 2; panel median 3, secondary part of speech; referenced by rescue-v
rescue	v	1	defining	done	2026-09-16	votes 2
research	n	1	defining	done	2026-09-16	votes 3; referenced by research-v; referenced by experiment-n
research	v	1	defining	done	2026-09-16	votes 2
respect	n	1	defining	done	2026-09-16	votes 2; referenced by way-n; referenced by respect-v
respect	v	1	defining	done	2026-09-16	votes 3
rest	n	1	defining	done	2026-09-16	votes 3; referenced by rest-v; referenced by break-n; referenced by pause-n; referenced by rest-n
rest	v	1	defining	done	2026-09-16	votes 3
restaurant	n	1	defining	done	2026-09-16	votes 1
result	n	1	defining	done	2026-09-16	votes 3; referenced by result-v; referenced by effect-n; referenced by fruit-n; referenced by product-n
result	v	1	defining	done	2026-09-16	votes 2
result in	phrv	1	defining	pending	2026-09-16	votes 1
retire	v	1	defining	done	2026-09-16	votes 2
retirement	n	3	defining	pending	2026-09-16	votes 1; panel median 3, secondary part of speech; referenced by retire-v
return	v	1	defining	done	2026-09-16	votes 2
rhythm	n	1	defining	done	2026-09-16	votes 2; referenced by time-n; referenced by beat-n
rice	n	1	defining	done	2026-09-16	votes 2; referenced by grain-n
rich	adj	1	defining	pending	2026-09-16	votes 2
ride	n	1	defining	done	2026-09-16	votes 3; referenced by ride-v; referenced by lift-n
ride	v	1	defining	done	2026-09-16	votes 3; referenced by take-v; referenced by drive-v
right	adj	1	defining	pending	2026-09-16	votes 3; referenced by right-n
right	adv	1	defining	pending	2026-09-16	votes 3; referenced by right-n
right	n	1	defining	done	2026-09-16	votes 3; referenced by equality-n; referenced by freedom-n
ring	n	1	defining	done	2026-09-16	votes 3; referenced by ring-v; referenced by circle-n; referenced by ring-n
ring	v	1	defining	done	2026-09-16	votes 2
ripe	adj	3	defining	pending	2026-09-16	votes 3; panel median 3, secondary part of speech
rise	v	1	defining	done	2026-09-16	votes 3; referenced by climb-v; referenced by drop-v; referenced by fall-v; referenced by increase-v; referenced by jump-v; referenced by raise-v
risk	n	1	defining	done	2026-09-16	votes 3; referenced by danger-n
river	n	1	defining	done	2026-09-16	votes 2; referenced by lake-n
road	n	1	defining	done	2026-09-16	votes 3; referenced by way-n; referenced by highway-n; referenced by lane-n; referenced by path-n
roast	v	3	defining	pending	2026-09-16	votes 2; panel median 3, secondary part of speech; referenced by bake-v
rob	v	3	defining	pending	2026-09-16	votes 1; panel median 3, secondary part of speech; referenced by steal-v
rock	n	1	defining	done	2026-09-16	votes 3; referenced by rocky-adj; referenced by rock-n
roll	v	1	defining	done	2026-09-16	votes 2
roof	n	1	defining	done	2026-09-16	votes 2; referenced by ceiling-n
room	n	1	defining	done	2026-09-16	votes 2; referenced by hall-n; referenced by hotel-n; referenced by place-n
root	n	1	defining	done	2026-09-16	votes 3
rope	n	1	defining	done	2026-09-16	votes 2
rot	v	3	defining	pending	2026-09-16	votes 2; panel median 3, secondary part of speech
rough	adj	1	defining	pending	2026-09-16	votes 3
round	adj	1	defining	pending	2026-09-16	votes 3
route	n	1	defining	done	2026-09-16	votes 3; referenced by way-n; referenced by course-n
routine	n	1	defining	done	2026-09-16	votes 3; referenced by habit-n
rub	v	1	defining	done	2026-09-16	votes 2
rubber	n	1	defining	done	2026-09-16	votes 2
rude	adj	1	defining	pending	2026-09-16	votes 3
rug	n	1	defining	done	2026-09-16	votes 1; referenced by carpet-n
ruin	n	1	defining	done	2026-09-16	votes 1; referenced by destruction-n
rule	n	1	defining	done	2026-09-16	votes 3; referenced by rule-v; referenced by enforce-v; referenced by law-n
rule	v	1	defining	done	2026-09-16	votes 3; referenced by govern-v
run	v	1	defining	done	2026-09-16	votes 3
run away	phrv	1	defining	pending	2026-09-16	votes 1; referenced by run-v
run out	phrv	1	defining	pending	2026-09-16	votes 3; referenced by run-v; referenced by out-prep
sad	adj	1	defining	pending	2026-09-16	votes 3; referenced by happy-adj
safe	adj	1	defining	pending	2026-09-16	votes 3; referenced by safety-n
safely	adv	1	defining	pending	2026-09-16	votes 1; referenced by safety-n
safety	n	1	defining	done	2026-09-16	votes 2; referenced by danger-n; referenced by protection-n
sail	n	1	defining	done	2026-09-16	votes 2; referenced by sail-v
sail	v	1	defining	done	2026-09-16	votes 2
salary	n	1	defining	done	2026-09-16	votes 2; referenced by income-n; referenced by pay-n
sale	n	1	defining	done	2026-09-16	votes 2; referenced by sell-v
salt	n	1	defining	done	2026-09-16	votes 3
salty	adj	3	defining	pending	2026-09-16	votes 3; panel median 3, secondary part of speech; referenced by salt-n
same	adj	1	defining	pending	2026-09-16	votes 3; referenced by alike-adj
sand	n	1	defining	done	2026-09-16	votes 3
satisfaction	n	1	defining	done	2026-09-16	votes 2; referenced by satisfy-v
satisfied	adj	1	defining	pending	2026-09-16	votes 1; referenced by happy-adj; referenced by satisfy-v; referenced by satisfaction-n
satisfy	v	1	defining	done	2026-09-16	votes 1
sauce	n	1	defining	done	2026-09-16	votes 1
save	v	1	defining	done	2026-09-16	votes 2; referenced by rescue-v
say	v	1	defining	done	2026-09-16	votes 3
scale	n	1	defining	done	2026-09-16	votes 2
scar	n	3	defining	pending	2026-09-16	votes 1; panel median 3, secondary part of speech
scarcely	adv	3	defining	pending	2026-09-16	votes 2; panel median 3, secondary part of speech
scene	n	1	defining	done	2026-09-16	votes 1
scent	n	3	defining	pending	2026-09-16	votes 2; panel median 3, secondary part of speech; referenced by perfume-n; referenced by smell-n
schedule	n	1	defining	done	2026-09-16	votes 1; referenced by calendar-n
school	n	1	defining	done	2026-09-16	votes 3; referenced by college-n; referenced by education-n
science	n	1	defining	done	2026-09-16	votes 2
scientific	adj	1	defining	pending	2026-09-16	votes 2; referenced by science-n
scissors	n	1	defining	done	2026-09-16	votes 1
score	n	1	defining	done	2026-09-16	votes 3; referenced by score-v
score	v	1	defining	done	2026-09-16	votes 3
scratch	n	3	defining	pending	2026-09-16	votes 1; panel median 3, secondary part of speech; referenced by cut-n
screen	n	1	defining	done	2026-09-16	votes 2; referenced by display-n; referenced by keyboard-n
sea	n	1	defining	done	2026-09-16	votes 3; referenced by island-n; referenced by lake-n; referenced by ocean-n
search	n	1	defining	done	2026-09-16	votes 1
season	n	1	defining	done	2026-09-16	votes 3
seat	n	1	defining	done	2026-09-16	votes 2; referenced by sit-v; referenced by bench-n; referenced by place-n
sec.	abbr	4	defining	pending	2026-09-16	votes 2; panel median 4, secondary part of speech
second	adj	1	defining	pending	2026-09-16	votes 3; referenced by second-n
second	n	1	defining	done	2026-09-16	votes 3; referenced by minute-n; referenced by moment-n
second	num	1	defining	pending	2026-09-16	votes 2
secret	adj	1	defining	pending	2026-09-16	votes 1
secure	adj	1	defining	pending	2026-09-16	votes 2; referenced by security-n
security	n	1	defining	done	2026-09-16	votes 2; referenced by safety-n
see	v	1	defining	done	2026-09-16	votes 2
seed	n	1	defining	done	2026-09-16	votes 2; referenced by plant-v; referenced by fruit-n; referenced by grain-n; referenced by nut-n
seem	v	1	defining	done	2026-09-16	votes 3; referenced by appear-v; referenced by feel-v; referenced by look-v
seldom	adv	3	defining	pending	2026-09-16	votes 1; panel median 3, secondary part of speech
self-	comb	3	defining	pending	2026-09-16	votes 1; panel median 3, secondary part of speech
selfish	adj	3	defining	pending	2026-09-16	votes 3; panel median 3, secondary part of speech
sell	v	1	defining	done	2026-09-16	votes 3; referenced by buy-v
seller	n	1	defining	done	2026-09-16	votes 1; referenced by sell-v; referenced by sale-n
semi-	prefix	3	defining	pending	2026-09-16	votes 1; panel median 3, secondary part of speech
send	v	1	defining	done	2026-09-16	votes 2; referenced by deliver-v; referenced by refer-v
sense	n	1	defining	done	2026-09-16	votes 3; referenced by sense-v; referenced by meaning-n
sense	v	1	defining	done	2026-09-16	votes 2
sensible	adj	1	defining	pending	2026-09-16	votes 1; referenced by practical-adj; referenced by sense-n
sensitive	adj	1	defining	pending	2026-09-16	votes 1; referenced by sense-v; referenced by sense-n
sentence	n	1	defining	done	2026-09-16	votes 3; referenced by sentence-v; referenced by grammar-n; referenced by paragraph-n; referenced by punishment-n
sentence	v	1	defining	done	2026-09-16	votes 2
separate	adj	1	defining	pending	2026-09-16	votes 1
serious	adj	1	defining	pending	2026-09-16	votes 3; referenced by big-adj
seriously	adv	1	defining	pending	2026-09-16	votes 2
serve	v	1	defining	done	2026-09-16	votes 3
server	n	1	defining	done	2026-09-16	votes 1; referenced by serve-v; referenced by client-n
service	n	1	defining	done	2026-09-16	votes 2; referenced by serve-v
set	v	1	defining	done	2026-09-16	votes 3; referenced by fix-v; referenced by lay-v; referenced by put-v; referenced by rise-v
set off	phrv	1	defining	pending	2026-09-16	votes 1; referenced by set-v
set up	phrv	1	defining	pending	2026-09-16	votes 3; referenced by form-v; referenced by set-v; referenced by start-v
seven	num	1	defining	pending	2026-09-16	votes 3
several	det	1	defining	done	2026-09-16	votes 1
sew	v	3	defining	pending	2026-09-16	votes 1; panel median 3, secondary part of speech
sex	n	1	defining	done	2026-09-16	votes 2; referenced by gender-n
shade	n	1	defining	done	2026-09-16	votes 2; referenced by color-n
shadow	n	1	defining	done	2026-09-16	votes 2; referenced by shade-n
shake	n	3	defining	pending	2026-09-16	votes 1; panel median 3, secondary part of speech; referenced by shake-v
shall	modal	1	defining	done	2026-09-16	votes 2
shallow	adj	1	defining	pending	2026-09-16	votes 3
shame	n	1	defining	done	2026-09-16	votes 3; referenced by pity-n; referenced by pride-n
shampoo	n	3	defining	pending	2026-09-16	votes 2; panel median 3, secondary part of speech
shape	n	1	defining	done	2026-09-16	votes 3; referenced by shape-v; referenced by form-n
shape	v	1	defining	done	2026-09-16	votes 2
share	v	1	defining	done	2026-09-16	votes 2; referenced by divide-v
sharp	adj	1	defining	pending	2026-09-16	votes 3; referenced by blade-n
shave	v	1	defining	done	2026-09-16	votes 2
she	pron	1	defining	done	2026-09-16	votes 3; referenced by he-pron
sheep	n	1	defining	done	2026-09-16	votes 2; referenced by goat-n
sheet	n	1	defining	done	2026-09-16	votes 1; referenced by blanket-n; referenced by page-n; referenced by paper-n
shelf	n	1	defining	done	2026-09-16	votes 2
shell	n	1	defining	done	2026-09-16	votes 1
shh	interj	4	defining	pending	2026-09-16	votes 2; panel median 4, secondary part of speech
shine	v	1	defining	done	2026-09-16	votes 3; referenced by flash-v
ship	n	1	defining	done	2026-09-16	votes 3; referenced by boat-n
shirt	n	1	defining	done	2026-09-16	votes 3; referenced by sleeve-n
shock	n	1	defining	done	2026-09-16	votes 2; referenced by shock-v
shock	v	1	defining	done	2026-09-16	votes 2
shoe	n	1	defining	done	2026-09-16	votes 3; referenced by boot-n; referenced by foot-n
shop	n	1	defining	done	2026-09-16	votes 3; referenced by shop-v
shop	v	1	defining	done	2026-09-16	votes 2
shore	n	1	defining	done	2026-09-16	votes 2; referenced by bank-n; referenced by beach-n; referenced by coast-n; referenced by beach-v; referenced by lake-n
short	adj	1	defining	pending	2026-09-16	votes 3
should	modal	1	defining	done	2026-09-16	votes 2; referenced by must-modal
shoulder	n	1	defining	done	2026-09-16	votes 2; referenced by neck-n
shout	v	1	defining	done	2026-09-16	votes 2; referenced by call-v
show	n	1	defining	done	2026-09-16	votes 3; referenced by show-v; referenced by display-n; referenced by performance-n; referenced by program-n
show	v	1	defining	done	2026-09-16	votes 3; referenced by say-v; referenced by tell-v; referenced by express-v; referenced by hide-v; referenced by reflect-v; referenced by represent-v
show up	phrv	1	defining	pending	2026-09-16	votes 3; referenced by show-v
shower	n	1	defining	done	2026-09-16	votes 2; referenced by bath-n; referenced by rain-n
shrink	v	1	defining	done	2026-09-16	votes 2; referenced by expand-v; referenced by grow-v
shut	v	1	defining	done	2026-09-16	votes 1; referenced by close-v; referenced by open-v
shut up	phrv	1	defining	pending	2026-09-16	votes 1; referenced by shut-v
shy	adj	1	defining	pending	2026-09-16	votes 3
sick	adj	1	defining	pending	2026-09-16	votes 3; referenced by illness-n
sickness	n	3	defining	pending	2026-09-16	votes 2; panel median 3, secondary part of speech; referenced by disease-n; referenced by illness-n
side	n	1	defining	done	2026-09-16	votes 3; referenced by face-n
sidewalk	n	3	defining	pending	2026-09-16	votes 1; panel median 3, secondary part of speech
sight	n	1	defining	done	2026-09-16	votes 2; referenced by see-v; referenced by eye-n
sign	n	1	defining	done	2026-09-16	votes 3; referenced by sign-v; referenced by signal-n; referenced by mark-n
silence	n	1	defining	done	2026-09-16	votes 2; referenced by noise-n
silent	adj	1	defining	pending	2026-09-16	votes 1; referenced by silence-n
silk	n	1	defining	done	2026-09-16	votes 1
silly	adj	1	defining	pending	2026-09-16	votes 3; referenced by fool-n
silver	adj	1	defining	pending	2026-09-16	votes 1
similar	adj	1	defining	pending	2026-09-16	votes 3; referenced by alike-adj
similarity	n	3	defining	pending	2026-09-16	votes 1; panel median 3, secondary part of speech; referenced by difference-n
similarly	adv	1	defining	pending	2026-09-16	votes 1
simple	adj	1	defining	pending	2026-09-16	votes 2
simply	adv	1	defining	pending	2026-09-16	votes 3
since	conj	1	defining	done	2026-09-16	votes 3; referenced by because-conj; referenced by since-prep; stale claim, no backing file, see queue-stale-claimed-rows.md
since	prep	1	defining	done	2026-09-16	votes 3; referenced by ago-adv; referenced by for-prep
sing	v	1	defining	done	2026-09-16	votes 3
single	adj	1	defining	pending	2026-09-16	votes 3
singular	n	4	defining	pending	2026-09-16	votes 1; panel median 4, secondary part of speech
sink	n	1	defining	done	2026-09-16	votes 2; referenced by kitchen-n
sister	n	1	defining	done	2026-09-16	votes 3; referenced by brother-n
sit	v	1	defining	done	2026-09-16	votes 3; referenced by set-v
sit down	phrv	1	defining	pending	2026-09-16	votes 3
situation	n	1	defining	done	2026-09-16	votes 2
six	num	1	defining	pending	2026-09-16	votes 3
size	n	1	defining	done	2026-09-16	votes 3; referenced by length-n; referenced by scale-n
skill	n	1	defining	done	2026-09-16	votes 3; referenced by experience-n; referenced by knowledge-n
skilled	adj	1	defining	pending	2026-09-16	votes 1; referenced by good-adj; referenced by able-adj; referenced by skill-n
skin	n	1	defining	done	2026-09-16	votes 3; referenced by bone-n; referenced by fur-n; referenced by leather-n
skirt	n	1	defining	done	2026-09-16	votes 2; referenced by dress-n
sky	n	1	defining	done	2026-09-16	votes 2
sleep	n	1	defining	done	2026-09-16	votes 3; referenced by asleep-adj; referenced by sleep-v; referenced by dream-n
sleep	v	1	defining	done	2026-09-16	votes 3; referenced by asleep-adj
slice	v	3	defining	pending	2026-09-16	votes 1; panel median 3, secondary part of speech; referenced by slice-n
slide	v	1	defining	done	2026-09-16	votes 2; referenced by run-v
slim	adj	1	defining	pending	2026-09-16	votes 1
slippery	adj	3	defining	pending	2026-09-16	votes 1; panel median 3, secondary part of speech
slow	adj	1	defining	pending	2026-09-16	votes 3
slow down	phrv	1	defining	pending	2026-09-16	votes 2
slowly	adv	1	defining	pending	2026-09-16	votes 3; referenced by quickly-adv
small	adj	1	defining	pending	2026-09-16	votes 3; referenced by big-adj
smart	adj	1	defining	pending	2026-09-16	votes 3; referenced by intelligence-n
smash	v	3	defining	pending	2026-09-16	votes 1; panel median 3, secondary part of speech; referenced by break-v
smell	n	1	defining	done	2026-09-16	votes 2; referenced by smell-v; referenced by nose-n; referenced by perfume-n
smell	v	1	defining	done	2026-09-16	votes 2
smile	n	1	defining	done	2026-09-16	votes 1; referenced by smile-v; referenced by laugh-n
smoke	n	1	defining	done	2026-09-16	votes 3; referenced by smoke-v; referenced by fire-n
smooth	adj	1	defining	pending	2026-09-16	votes 3
snack	n	1	defining	done	2026-09-16	votes 1
snake	n	1	defining	done	2026-09-16	votes 1
sneeze	v	3	defining	pending	2026-09-16	votes 2; panel median 3, secondary part of speech; referenced by cough-v
snow	n	1	defining	done	2026-09-16	votes 2; referenced by snow-v; referenced by ice-n
snow	v	1	defining	done	2026-09-16	votes 2; referenced by rain-v
so	adv	1	defining	pending	2026-09-16	votes 3; referenced by such-det; referenced by so-conj
so	conj	1	defining	done	2026-09-16	votes 3; referenced by because-conj; stale claim, no backing file, see queue-stale-claimed-rows.md
soap	n	1	defining	done	2026-09-16	votes 3
social	adj	1	defining	pending	2026-09-16	votes 3; referenced by society-n
society	n	1	defining	done	2026-09-16	votes 3
sock	n	1	defining	done	2026-09-16	votes 3; referenced by shoe-n
socket	n	3	defining	pending	2026-09-16	votes 1; panel median 3, secondary part of speech; referenced by plug-n
sofa	n	1	defining	done	2026-09-16	votes 1; referenced by chair-n
soft	adj	1	defining	pending	2026-09-16	votes 3
software	n	1	defining	done	2026-09-16	votes 1; referenced by program-n
soil	n	1	defining	done	2026-09-16	votes 3; referenced by dirt-n; referenced by earth-n; referenced by ground-n; referenced by land-n; referenced by mud-n; referenced by sand-n
soldier	n	1	defining	done	2026-09-16	votes 2; referenced by army-n; referenced by officer-n
solid	adj	1	defining	pending	2026-09-16	votes 3; referenced by hollow-adj
solid	n	3	defining	pending	2026-09-16	votes 3; panel median 3, secondary part of speech; referenced by gas-n
solution	n	1	defining	done	2026-09-16	votes 3; referenced by solve-v; referenced by answer-n
solve	v	1	defining	done	2026-09-16	votes 3; referenced by cure-v; referenced by fix-v
some	det	1	defining	done	2026-09-16	votes 3
some	pron	1	defining	done	2026-09-16	votes 2; referenced by some-det
somebody	pron	1	defining	done	2026-09-16	votes 1; referenced by some-det
someone	pron	1	defining	done	2026-09-16	votes 3; referenced by some-det
something	pron	1	defining	done	2026-09-16	votes 3; referenced by some-det; referenced by anything-pron
sometimes	adv	1	defining	pending	2026-09-16	votes 3; referenced by some-det; referenced by time-n
somewhere	adv	1	defining	pending	2026-09-16	votes 2; referenced by some-det
son	n	1	defining	done	2026-09-16	votes 3; referenced by child-n; referenced by boy-n; referenced by daughter-n
song	n	1	defining	done	2026-09-16	votes 3; referenced by sing-v; referenced by singer-n; referenced by music-n
soon	adv	1	defining	pending	2026-09-16	votes 3; referenced by quickly-adv
sorrow	n	3	defining	pending	2026-09-16	votes 2; panel median 3, secondary part of speech
sorry	adj	1	defining	done	2026-09-16	votes 2
sorry	interj	1	defining	pending	2026-09-16	votes 3; referenced by sorry-adj
sort	n	1	defining	done	2026-09-16	votes 1; referenced by kind-n
soul	n	1	defining	done	2026-09-16	votes 1; referenced by heart-n
sound	n	1	defining	done	2026-09-16	votes 3; referenced by sound-v; referenced by hearing-n; referenced by music-n; referenced by noise-n
sound	v	1	defining	done	2026-09-16	votes 2
soup	n	1	defining	done	2026-09-16	votes 2
sour	adj	3	defining	pending	2026-09-16	votes 3; panel median 3, secondary part of speech
sow	v	3	defining	pending	2026-09-16	votes 2; panel median 3, secondary part of speech; referenced by plant-v
space	n	1	defining	done	2026-09-16	votes 3; referenced by place-n; referenced by room-n
spark	n	1	defining	done	2026-09-16	votes 1
speak	v	1	defining	done	2026-09-16	votes 3
speaker	n	1	defining	done	2026-09-16	votes 1; referenced by speak-v
special	adj	1	defining	pending	2026-09-16	votes 2
specially	adv	3	defining	pending	2026-09-16	votes 1; panel median 3, secondary part of speech
specific	adj	1	defining	pending	2026-09-16	votes 1
speech	n	1	defining	done	2026-09-16	votes 1; referenced by speak-v; referenced by address-n; referenced by language-n
speed	n	1	defining	done	2026-09-16	votes 3; referenced by rate-n
speed up	phrv	1	defining	pending	2026-09-16	votes 1; referenced by speed-n
spell	v	1	defining	done	2026-09-16	votes 2
spelling	n	1	defining	done	2026-09-16	votes 2; referenced by spell-v
spend	v	1	defining	done	2026-09-16	votes 2; referenced by cost-v; referenced by save-v
spice	n	3	defining	pending	2026-09-16	votes 1; panel median 3, secondary part of speech
spicy	adj	1	defining	pending	2026-09-16	votes 1
spill	v	1	defining	done	2026-09-16	votes 1
spirit	n	1	defining	done	2026-09-16	votes 1
spiritual	adj	1	defining	pending	2026-09-16	votes 1; referenced by spirit-n
split	v	1	defining	done	2026-09-16	votes 2; referenced by divide-v
split up	phrv	1	defining	pending	2026-09-16	votes 1; referenced by split-v
spoken	adj	3	defining	pending	2026-09-16	votes 1; panel median 3, secondary part of speech; referenced by speak-v
spoon	n	1	defining	done	2026-09-16	votes 3; referenced by bowl-n; referenced by fork-n; referenced by knife-n
sport	n	1	defining	done	2026-09-16	votes 3; referenced by exercise-n; referenced by game-n
spread	n	1	defining	done	2026-09-16	votes 1
spring	n	1	defining	done	2026-09-16	votes 3; referenced by autumn-n
square	adj	1	defining	pending	2026-09-16	votes 3; referenced by square-n
square	n	1	defining	done	2026-09-16	votes 3
staff	n	1	defining	done	2026-09-16	votes 2
stage	n	1	defining	done	2026-09-16	votes 3; referenced by level-n; referenced by platform-n
stairs	n	1	defining	done	2026-09-16	votes 2
stand	v	1	defining	done	2026-09-16	votes 3; referenced by run-v; referenced by take-v; referenced by sit-v
stand for	phrv	1	defining	pending	2026-09-16	votes 1; referenced by represent-v; referenced by stand-v
stand up	phrv	1	defining	pending	2026-09-16	votes 3; referenced by stand-v
standard	n	1	defining	done	2026-09-16	votes 1; referenced by quality-n
star	n	1	defining	done	2026-09-16	votes 2; referenced by planet-n; referenced by moon-n
start	v	1	defining	done	2026-09-16	votes 3; referenced by begin-v; referenced by end-v
start over	phrv	3	defining	pending	2026-09-16	votes 1; panel median 3, secondary part of speech; referenced by start-v
state	n	1	defining	done	2026-09-16	votes 3; referenced by country-n; referenced by government-n; referenced by nation-n; referenced by situation-n
statement	n	1	defining	done	2026-09-16	votes 1
station	n	1	defining	done	2026-09-16	votes 3
stay	v	1	defining	done	2026-09-16	votes 3; referenced by go-v; referenced by keep-v; referenced by remain-v
steal	v	1	defining	done	2026-09-16	votes 2; referenced by take-v
steam	n	1	defining	done	2026-09-16	votes 3; referenced by smoke-n
steep	adj	3	defining	pending	2026-09-16	votes 2; panel median 3, secondary part of speech
stem	n	3	defining	pending	2026-09-16	votes 1; panel median 3, secondary part of speech
step	n	1	defining	done	2026-09-16	votes 1; referenced by measure-n; referenced by move-n; referenced by stage-n
stepdaughter	n	4	defining	pending	2026-09-16	votes 2; panel median 4, secondary part of speech; referenced by daughter-n
stepfather	n	4	defining	pending	2026-09-16	votes 2; panel median 4, secondary part of speech
stepmother	n	4	defining	pending	2026-09-16	votes 2; panel median 4, secondary part of speech; referenced by mother-n
stepson	n	4	defining	pending	2026-09-16	votes 2; panel median 4, secondary part of speech; referenced by son-n
stick	v	1	defining	done	2026-09-16	votes 1
sticky	adj	3	defining	pending	2026-09-16	votes 2; panel median 3, secondary part of speech; referenced by stick-v
stiff	adj	1	defining	pending	2026-09-16	votes 3
still	adv	1	defining	pending	2026-09-16	votes 3; referenced by however-adv
stir	v	1	defining	done	2026-09-16	votes 1
stomach	n	1	defining	done	2026-09-16	votes 3
stone	n	1	defining	done	2026-09-16	votes 3; referenced by brick-n; referenced by rocky-adj; referenced by rock-n
stop	n	1	defining	done	2026-09-16	votes 3; referenced by stop-v; referenced by station-n
stop	v	1	defining	done	2026-09-16	votes 3; referenced by continue-v; referenced by end-v; referenced by prevent-v; referenced by quit-v; referenced by break-v; referenced by start-v
store	n	1	defining	done	2026-09-16	votes 2; referenced by bank-n; referenced by market-n; referenced by shop-n
storm	n	1	defining	done	2026-09-16	votes 2
story	n	1	defining	done	2026-09-16	votes 3; referenced by novel-n; referenced by history-n
stove	n	1	defining	done	2026-09-16	votes 3; referenced by kitchen-n; referenced by oven-n; referenced by pan-n; referenced by range-n
straight	adj	1	defining	pending	2026-09-16	votes 3
straight	adv	1	defining	pending	2026-09-16	votes 2
strange	adj	1	defining	pending	2026-09-16	votes 2; referenced by stranger-n
strangely	adv	1	defining	pending	2026-09-16	votes 1
stranger	n	1	defining	done	2026-09-16	votes 3
straw	n	1	defining	done	2026-09-16	votes 1
stream	n	1	defining	done	2026-09-16	votes 2; referenced by river-n
street	n	1	defining	done	2026-09-16	votes 3; referenced by block-n; referenced by highway-n; referenced by lane-n; referenced by road-n
strength	n	1	defining	done	2026-09-16	votes 3; referenced by strengthen-v; referenced by energy-n; referenced by force-n; referenced by muscle-n; referenced by power-n
strengthen	v	1	defining	done	2026-09-16	votes 1
stress	n	1	defining	done	2026-09-16	votes 1
stretch	v	1	defining	done	2026-09-16	votes 3; referenced by run-v; referenced by shrink-v
strict	adj	1	defining	pending	2026-09-16	votes 1
strike	n	1	defining	done	2026-09-16	votes 1; referenced by protest-n
string	n	1	defining	done	2026-09-16	votes 2; referenced by thread-n; referenced by rope-n
strip	v	1	defining	done	2026-09-16	votes 1
stroke	n	1	defining	done	2026-09-16	votes 1
strong	adj	1	defining	pending	2026-09-16	votes 3; referenced by strengthen-v; referenced by strength-n
strongly	adv	1	defining	pending	2026-09-16	votes 2
structure	n	1	defining	done	2026-09-16	votes 1; referenced by building-n
student	n	1	defining	done	2026-09-16	votes 2; referenced by study-v
study	n	1	defining	done	2026-09-16	votes 2; referenced by study-v
study	v	1	defining	done	2026-09-16	votes 3; referenced by examine-v; referenced by learn-v
stuff	n	1	defining	done	2026-09-16	votes 1; referenced by shit-n; referenced by thing-n
stupid	adj	1	defining	pending	2026-09-16	votes 3
style	n	1	defining	done	2026-09-16	votes 3; referenced by fashion-n
sub-	prefix	4	defining	pending	2026-09-16	votes 2; panel median 4, secondary part of speech
subject	n	1	defining	done	2026-09-16	votes 3; referenced by field-n; referenced by object-n
substance	n	1	defining	done	2026-09-16	votes 3; referenced by material-n; referenced by stuff-n
subtract	v	3	defining	pending	2026-09-16	votes 1; panel median 3, secondary part of speech; referenced by add-v
success	n	1	defining	done	2026-09-16	votes 2; referenced by failure-n; referenced by hit-n
such	det	1	defining	done	2026-09-16	votes 2
such as	prep	1	defining	done	2026-09-16	votes 1; referenced by including-prep; stale claim, no backing file, see queue-stale-claimed-rows.md
sudden	adj	1	defining	pending	2026-09-16	votes 2
suddenly	adv	1	defining	pending	2026-09-16	votes 2
suffer	v	1	defining	done	2026-09-16	votes 1
sugar	n	1	defining	done	2026-09-16	votes 3; referenced by honey-n; referenced by salt-n
suggest	v	1	defining	done	2026-09-16	votes 1
suggestion	n	1	defining	done	2026-09-16	votes 1; referenced by advice-n; referenced by suggest-v; referenced by idea-n
suit	n	1	defining	done	2026-09-16	votes 2
suitable	adj	1	defining	pending	2026-09-16	votes 1; referenced by good-adj; referenced by suit-n
summer	n	1	defining	done	2026-09-16	votes 3; referenced by autumn-n; referenced by june-n; referenced by spring-n
sun	n	1	defining	done	2026-09-16	votes 2; referenced by planet-n; referenced by light-n; referenced by moon-n
super-	prefix	3	defining	pending	2026-09-16	votes 2; panel median 3, secondary part of speech
supper	n	1	defining	done	2026-09-16	votes 1; referenced by dinner-n
supply	n	1	defining	done	2026-09-16	votes 2; referenced by bank-n; referenced by supply-v; referenced by demand-n; referenced by store-n
supply	v	1	defining	done	2026-09-16	votes 2; referenced by feed-v; referenced by provide-v
support	n	1	defining	done	2026-09-16	votes 2; referenced by opposition-n; referenced by support-v; referenced by help-n
support	v	1	defining	done	2026-09-16	votes 2; referenced by encourage-v; referenced by provide-v
suppose	v	1	defining	done	2026-09-16	votes 3; referenced by say-v; referenced by assume-v; referenced by expect-v; referenced by guess-v; referenced by imagine-v
sure	adj	1	defining	pending	2026-09-16	votes 3
surely	adv	1	defining	pending	2026-09-16	votes 2
surface	n	1	defining	done	2026-09-16	votes 2; referenced by face-n; referenced by layer-n; referenced by outside-n
surgery	n	1	defining	done	2026-09-16	votes 1; referenced by operation-n
surprise	n	1	defining	done	2026-09-16	votes 3; referenced by surprise-v; referenced by shock-n
surprise	v	1	defining	done	2026-09-16	votes 3; referenced by shock-v
surprised	adj	1	defining	pending	2026-09-16	votes 1; referenced by surprise-v; referenced by surprise-n
survival	n	1	defining	done	2026-09-16	votes 1; referenced by survive-v
survive	v	1	defining	done	2026-09-16	votes 1; referenced by exist-v
suspect	v	1	defining	done	2026-09-16	votes 1; referenced by doubt-v
suspicion	n	1	defining	done	2026-09-16	votes 1; referenced by suspect-v
swallow	v	1	defining	done	2026-09-16	votes 3
sweat	n	1	defining	done	2026-09-16	votes 2
sweep	v	1	defining	done	2026-09-16	votes 2
sweet	adj	1	defining	pending	2026-09-16	votes 3; referenced by honey-n
swell	v	1	defining	done	2026-09-16	votes 1
swim	v	1	defining	done	2026-09-16	votes 3
switch	n	1	defining	done	2026-09-16	votes 1; referenced by button-n; referenced by switch-v
symbol	n	1	defining	done	2026-09-16	votes 2; referenced by sign-n
symptom	n	1	defining	done	2026-09-16	votes 2; referenced by sign-n
system	n	1	defining	done	2026-09-16	votes 3; referenced by method-n; referenced by network-n; referenced by structure-n
table	n	1	defining	done	2026-09-16	votes 3; referenced by desk-n; referenced by furniture-n
tail	n	1	defining	done	2026-09-16	votes 2; referenced by head-n
take	v	1	defining	done	2026-09-16	votes 3
take apart	phrv	3	defining	pending	2026-09-16	votes 1; panel median 3, secondary part of speech
take away	phrv	1	defining	pending	2026-09-16	votes 1; referenced by take-v
take back	phrv	1	defining	pending	2026-09-16	votes 1
take off	phrv	1	defining	pending	2026-09-16	votes 3; referenced by take-v; referenced by land-v
take over	phrv	1	defining	pending	2026-09-16	votes 2; referenced by take-v; referenced by over-prep
take place	phrv	1	defining	pending	2026-09-16	votes 1
take up	phrv	1	defining	pending	2026-09-16	votes 2; referenced by take-v
talent	n	1	defining	pending	2026-09-16	votes 2; referenced by skill-n
talk	n	1	defining	pending	2026-09-16	votes 2; referenced by talk-v; referenced by conversation-n; referenced by speech-n
talk	v	1	defining	done	2026-09-16	votes 3
tall	adj	1	defining	pending	2026-09-16	votes 3; referenced by height-n
tame	adj	3	defining	pending	2026-09-16	votes 2; panel median 3, secondary part of speech
tap	n	1	defining	pending	2026-09-16	votes 1
task	n	1	defining	pending	2026-09-16	votes 1; referenced by duty-n; referenced by job-n
taste	n	1	defining	pending	2026-09-16	votes 3; referenced by taste-v; referenced by flavor-n; referenced by smell-n
taste	v	1	defining	done	2026-09-16	votes 3; referenced by smell-v
tax	n	1	defining	pending	2026-09-16	votes 3; referenced by duty-n; referenced by income-n
tax	v	3	defining	pending	2026-09-16	votes 2; panel median 3, secondary part of speech
taxi	n	1	defining	pending	2026-09-16	votes 2
tea	n	1	defining	pending	2026-09-16	votes 2; referenced by coffee-n; referenced by supper-n
teach	v	1	defining	done	2026-09-16	votes 3; referenced by learn-v; referenced by show-v
teacher	n	1	defining	pending	2026-09-16	votes 2; referenced by teach-v; referenced by student-n
team	n	1	defining	pending	2026-09-16	votes 3; referenced by club-n; referenced by group-n
tear	n	1	defining	pending	2026-09-16	votes 3; referenced by cry-v
tear	v	1	defining	done	2026-09-16	votes 3
technology	n	1	defining	pending	2026-09-16	votes 1; referenced by science-n
teenager	n	1	defining	pending	2026-09-16	votes 1; referenced by child-n
tel.	abbr	4	defining	pending	2026-09-16	votes 2; panel median 4, secondary part of speech
tele-	comb	5	defining	pending	2026-09-16	votes 2; panel median 5, secondary part of speech
telephone	n	1	defining	pending	2026-09-16	votes 1; referenced by phone-n
television	n	1	defining	pending	2026-09-16	votes 2; referenced by tv-abbr; referenced by tube-n; referenced by radio-n
tell	v	1	defining	done	2026-09-16	votes 3
temper	n	3	defining	pending	2026-09-16	votes 2; panel median 3, secondary part of speech
temperature	n	1	defining	pending	2026-09-16	votes 3; referenced by degree-n; referenced by fever-n; referenced by heat-n
temple	n	3	defining	pending	2026-09-16	votes 2; panel median 3, secondary part of speech
temporary	adj	3	defining	pending	2026-09-16	votes 1; panel median 3, secondary part of speech
ten	num	1	defining	pending	2026-09-16	votes 3
tense	n	3	defining	pending	2026-09-16	votes 1; panel median 3, secondary part of speech
term	n	1	defining	pending	2026-09-16	votes 1
terrible	adj	1	defining	pending	2026-09-16	votes 1
terribly	adv	1	defining	pending	2026-09-16	votes 1
test	n	1	defining	pending	2026-09-16	votes 2; referenced by test-v; referenced by experiment-n
test	v	1	defining	done	2026-09-16	votes 2; referenced by examine-v
text	n	1	defining	pending	2026-09-16	votes 2; referenced by message-n
texture	n	3	defining	pending	2026-09-16	votes 1; panel median 3, secondary part of speech
than	conj	1	defining	done	2026-09-16	votes 3; stale claim, no backing file, see queue-stale-claimed-rows.md
thank you	phr	1	defining	pending	2026-09-16	votes 3
thankful	adj	3	defining	pending	2026-09-16	votes 2; panel median 3, secondary part of speech
thanks	interj	1	defining	pending	2026-09-16	votes 1
that	conj	1	defining	done	2026-09-16	votes 3; referenced by that-pron; stale claim, no backing file, see queue-stale-claimed-rows.md
that	det	1	defining	done	2026-09-16	votes 3
that	pron	1	defining	done	2026-09-16	votes 3; referenced by that-det
the	det	1	defining	done	2026-09-16	votes 3
theater	n	1	defining	pending	2026-09-16	votes 1
theft	n	3	defining	pending	2026-09-16	votes 1; panel median 3, secondary part of speech; referenced by steal-v
their	det	1	defining	done	2026-09-16	votes 2
theirs	pron	1	defining	done	2026-09-16	votes 1; referenced by their-det
them	pron	1	defining	done	2026-09-16	votes 2
themselves	pron	1	defining	done	2026-09-16	votes 1; referenced by each-other-pron
then	adv	1	defining	pending	2026-09-16	votes 3; referenced by than-conj
theory	n	1	defining	pending	2026-09-16	votes 2; referenced by practice-n
there	adv	1	defining	pending	2026-09-16	votes 3; referenced by be-v
therefore	adv	1	defining	pending	2026-09-16	votes 2; referenced by so-conj
these	det	1	defining	done	2026-09-16	votes 1
they	pron	1	defining	done	2026-09-16	votes 3
thick	adj	1	defining	pending	2026-09-16	votes 3
thief	n	3	defining	pending	2026-09-16	votes 1; panel median 3, secondary part of speech; referenced by steal-v
thin	adj	1	defining	pending	2026-09-16	votes 3
thing	n	1	defining	done	2026-09-16	votes 3
think	v	1	defining	done	2026-09-16	votes 3; referenced by believe-v; referenced by consider-v; referenced by feel-v; referenced by guess-v; referenced by reflect-v; referenced by suppose-v
think about	phrv	1	defining	pending	2026-09-16	votes 1
think of	phrv	1	defining	pending	2026-09-16	votes 1
third	adj	1	defining	pending	2026-09-16	votes 3
thirsty	adj	1	defining	pending	2026-09-16	votes 2
this	det	1	defining	done	2026-09-16	votes 3
this	pron	1	defining	done	2026-09-16	votes 3; referenced by this-det
those	det	1	defining	done	2026-09-16	votes 1
though	conj	1	defining	done	2026-09-16	votes 3; stale claim, no backing file, see queue-stale-claimed-rows.md
thought	n	1	defining	pending	2026-09-16	votes 3; referenced by think-v; referenced by idea-n; referenced by mind-n
thousand	num	1	defining	pending	2026-09-16	votes 3
threat	n	1	defining	pending	2026-09-16	votes 1; referenced by threaten-v; referenced by danger-n
threaten	v	1	defining	done	2026-09-16	votes 1
three	num	1	defining	pending	2026-09-16	votes 3
throat	n	1	defining	pending	2026-09-16	votes 1; referenced by neck-n
through	adv	1	defining	pending	2026-09-16	votes 2; referenced by through-prep
through	prep	1	defining	done	2026-09-16	votes 3; referenced by across-prep; stale claim, no backing file, see queue-stale-claimed-rows.md
throughout	prep	1	defining	done	2026-09-16	votes 3; referenced by across-prep; stale claim, no backing file, see queue-stale-claimed-rows.md
throw	v	1	defining	done	2026-09-16	votes 3
throw away	phrv	1	defining	pending	2026-09-16	votes 3; referenced by throw-v
thunder	n	3	defining	pending	2026-09-16	votes 1; panel median 3, secondary part of speech; referenced by storm-n
thus	adv	1	defining	pending	2026-09-16	votes 1
ticket	n	1	defining	pending	2026-09-16	votes 2
tidy	adj	3	defining	pending	2026-09-16	votes 2; panel median 3, secondary part of speech
tidy	v	3	defining	pending	2026-09-16	votes 2; panel median 3, secondary part of speech
tie	n	1	defining	pending	2026-09-16	votes 2; referenced by tie-v
tie	v	1	defining	done	2026-09-16	votes 3; referenced by draw-v
tight	adj	1	defining	pending	2026-09-16	votes 3
time	n	1	defining	done	2026-09-16	votes 3
tip	n	1	defining	pending	2026-09-16	votes 2; referenced by advice-n
tire	v	1	defining	done	2026-09-16	votes 1
tired	adj	1	defining	pending	2026-09-16	votes 3; referenced by tire-v
tissue	n	1	defining	pending	2026-09-16	votes 1
title	n	1	defining	pending	2026-09-16	votes 2; referenced by name-n
to	prep	1	defining	done	2026-09-16	votes 3; referenced by past-prep; stale claim, no backing file, see queue-stale-claimed-rows.md; referenced by through-prep
today	adv	1	defining	pending	2026-09-16	votes 3; referenced by day-n
today	n	1	defining	pending	2026-09-16	votes 2
toe	n	1	defining	pending	2026-09-16	votes 2; referenced by finger-n; referenced by foot-n
together	adv	1	defining	pending	2026-09-16	votes 3
toilet	n	1	defining	pending	2026-09-16	votes 2; referenced by bathroom-n
tomorrow	adv	1	defining	pending	2026-09-16	votes 3
tomorrow	n	1	defining	pending	2026-09-16	votes 2; referenced by future-n
tone	n	1	defining	pending	2026-09-16	votes 2; referenced by shade-n
tongue	n	1	defining	pending	2026-09-16	votes 3; referenced by mouth-n
too	adv	1	defining	pending	2026-09-16	votes 3; referenced by very-adv
tool	n	1	defining	pending	2026-09-16	votes 1; referenced by device-n; referenced by equipment-n; referenced by instrument-n
tooth	n	1	defining	pending	2026-09-16	votes 3; referenced by mouth-n
toothbrush	n	1	defining	pending	2026-09-16	votes 2
toothpaste	n	1	defining	pending	2026-09-16	votes 2
top	n	1	defining	pending	2026-09-16	votes 3; referenced by head-n; referenced by bottom-n; referenced by foot-n; referenced by lid-n
topic	n	1	defining	pending	2026-09-16	votes 1; referenced by subject-n
total	adj	1	defining	pending	2026-09-16	votes 3
total	n	1	defining	pending	2026-09-16	votes 3
totally	adv	1	defining	pending	2026-09-16	votes 1
touch	n	1	defining	pending	2026-09-16	votes 2; referenced by touch-v
touch	v	1	defining	done	2026-09-16	votes 3; referenced by feel-v; referenced by handle-v; referenced by move-v
tough	adj	1	defining	pending	2026-09-16	votes 1
tour	n	1	defining	pending	2026-09-16	votes 2; referenced by guide-n
toward	prep	1	defining	done	2026-09-16	votes 3; stale claim, no backing file, see queue-stale-claimed-rows.md
towards	prep	1	defining	duplicate	2026-09-16	votes 2; stale claim, no backing file, see queue-stale-claimed-rows.md; British form of toward; recorded as a variant of toward-prep
towel	n	1	defining	pending	2026-09-16	votes 3
tower	n	1	defining	pending	2026-09-16	votes 1
town	n	1	defining	pending	2026-09-16	votes 2; referenced by city-n
toy	n	1	defining	pending	2026-09-16	votes 3; referenced by game-n
track	n	1	defining	pending	2026-09-16	votes 3; referenced by path-n; referenced by rail-n
trade	n	1	defining	pending	2026-09-16	votes 2; referenced by trade-v; referenced by business-n; referenced by exchange-n; referenced by goods-n; referenced by industry-n; referenced by market-n
trade	v	1	defining	done	2026-09-16	votes 2
traffic	n	1	defining	pending	2026-09-16	votes 3; referenced by highway-n
train	n	1	defining	pending	2026-09-16	votes 3
train	v	1	defining	done	2026-09-16	votes 2; referenced by exercise-v
training	n	1	defining	pending	2026-09-16	votes 1; referenced by train-v; referenced by exercise-n; referenced by education-n
trans-	prefix	4	defining	pending	2026-09-16	votes 2; panel median 4, secondary part of speech
translate	v	1	defining	done	2026-09-16	votes 1
transport	n	1	defining	pending	2026-09-16	votes 3; referenced by transport-v
transport	v	1	defining	done	2026-09-16	votes 3
trap	n	1	defining	pending	2026-09-16	votes 1
travel	n	1	defining	pending	2026-09-16	votes 3; referenced by travel-v; referenced by journey-n
travel	v	1	defining	done	2026-09-16	votes 3; referenced by go-v
treat	v	1	defining	done	2026-09-16	votes 3; referenced by cure-v
treatment	n	1	defining	pending	2026-09-16	votes 3; referenced by treat-v
treaty	n	3	defining	pending	2026-09-16	votes 2; panel median 3, secondary part of speech
tree	n	1	defining	pending	2026-09-16	votes 3; referenced by branch-n; referenced by bush-n; referenced by forest-n; referenced by leaf-n
trial	n	1	defining	pending	2026-09-16	votes 2
trick	n	1	defining	pending	2026-09-16	votes 1
trip	n	1	defining	pending	2026-09-16	votes 3; referenced by travel-v; referenced by journey-n
trouble	n	1	defining	pending	2026-09-16	votes 1; referenced by problem-n
truck	n	1	defining	pending	2026-09-16	votes 1
true	adj	1	defining	pending	2026-09-16	votes 3
truly	adv	1	defining	pending	2026-09-16	votes 1
trust	n	1	defining	pending	2026-09-16	votes 3; referenced by trust-v; referenced by belief-n; referenced by confidence-n; referenced by faith-n; referenced by suspicion-n
trust	v	1	defining	done	2026-09-16	votes 3; referenced by believe-v; referenced by depend-v; referenced by doubt-v; referenced by suspect-v
truth	n	1	defining	pending	2026-09-16	votes 3; referenced by fact-n; referenced by lie-n
try	v	1	defining	done	2026-09-16	votes 3; referenced by taste-v
try on	phrv	1	defining	pending	2026-09-16	votes 2; referenced by try-v
tune	n	1	defining	pending	2026-09-16	votes 2; referenced by song-n
tunnel	n	3	defining	pending	2026-09-16	votes 1; panel median 3, secondary part of speech; referenced by bridge-n
turn	n	1	defining	pending	2026-09-16	votes 2; referenced by turn-v
turn	v	1	defining	done	2026-09-16	votes 3; referenced by get-v; referenced by go-v; referenced by become-v
turn down	phrv	1	defining	pending	2026-09-16	votes 1; referenced by refuse-v; referenced by turn-v
turn into	phrv	1	defining	pending	2026-09-16	votes 1; referenced by turn-v
turn off	phrv	1	defining	pending	2026-09-16	votes 3; referenced by turn-v
turn on	phrv	1	defining	pending	2026-09-16	votes 3; referenced by turn-v; referenced by switch-v
turn over	phrv	1	defining	pending	2026-09-16	votes 1
turn up	phrv	1	defining	pending	2026-09-16	votes 1; referenced by turn-v
tv	abbr	1	defining	done	2026-09-16	votes 2
twice	adv	1	defining	pending	2026-09-16	votes 3; referenced by times-prep; referenced by time-n
twin	n	1	defining	pending	2026-09-16	votes 1
twist	n	3	defining	pending	2026-09-16	votes 1; panel median 3, secondary part of speech
two	num	1	defining	pending	2026-09-16	votes 3
type	n	1	defining	pending	2026-09-16	votes 3; referenced by class-n; referenced by form-n; referenced by kind-n; referenced by sort-n
typical	adj	1	defining	pending	2026-09-16	votes 1
ugly	adj	1	defining	pending	2026-09-16	votes 3
uh	interj	1	defining	pending	2026-09-16	votes 2
um	interj	1	defining	pending	2026-09-16	votes 2
umbrella	n	1	defining	pending	2026-09-16	votes 2
un-	prefix	1	defining	done	2026-09-16	votes 2
unable	adj	1	defining	pending	2026-09-16	votes 2; referenced by able-adj
uncle	n	1	defining	pending	2026-09-16	votes 3; referenced by aunt-n; referenced by cousin-n; referenced by nephew-n
under	adv	1	defining	pending	2026-09-16	votes 3; referenced by under-prep; referenced by underneath-adv
under	prep	1	defining	done	2026-09-16	votes 3; referenced by below-prep; stale claim, no backing file, see queue-stale-claimed-rows.md
under-	prefix	3	defining	pending	2026-09-16	votes 2; panel median 3, secondary part of speech
understand	v	1	defining	done	2026-09-16	votes 3; referenced by get-v; referenced by make-v; referenced by gather-v; referenced by read-v
underwear	n	1	defining	pending	2026-09-16	votes 1
unfair	adj	1	defining	pending	2026-09-16	votes 1
unfortunately	adv	1	defining	pending	2026-09-16	votes 1
unfriendly	adj	3	defining	pending	2026-09-16	votes 2; panel median 3, secondary part of speech; referenced by friend-n
uniform	n	1	defining	pending	2026-09-16	votes 1
unit	n	1	defining	pending	2026-09-16	votes 2; referenced by measure-n
university	n	1	defining	pending	2026-09-16	votes 1; referenced by college-n; referenced by degree-n; referenced by school-n
unless	conj	1	defining	done	2026-09-16	votes 3; stale claim, no backing file, see queue-stale-claimed-rows.md
unlikely	adj	1	defining	pending	2026-09-16	votes 1
unlock	v	3	defining	pending	2026-09-16	votes 1; panel median 3, secondary part of speech; referenced by lock-v; referenced by lock-n
unpack	v	3	defining	pending	2026-09-16	votes 2; panel median 3, secondary part of speech; referenced by pack-v
until	conj	1	defining	done	2026-09-16	votes 3; stale claim, no backing file, see queue-stale-claimed-rows.md
until	prep	1	defining	done	2026-09-16	votes 3; referenced by by-prep; stale claim, no backing file, see queue-stale-claimed-rows.md; referenced by until-conj; referenced by through-prep
up	adv	1	defining	pending	2026-09-16	votes 3; referenced by up-prep; referenced by upward-adv
up	prep	1	defining	done	2026-09-16	votes 3; referenced by down-prep; stale claim, no backing file, see queue-stale-claimed-rows.md
upload	n	3	defining	pending	2026-09-16	votes 1; panel median 3, secondary part of speech; referenced by download-n
upon	prep	1	defining	done	2026-09-16	votes 2; stale claim, no backing file, see queue-stale-claimed-rows.md
upset	adj	1	defining	pending	2026-09-16	votes 3; referenced by upset-v
upset	v	1	defining	done	2026-09-16	votes 2; referenced by calm-v; referenced by hurt-v
upstairs	adv	1	defining	pending	2026-09-16	votes 1; referenced by stairs-n
us	pron	1	defining	done	2026-09-16	votes 2; referenced by ours-pron
use	n	1	defining	pending	2026-09-16	votes 2; referenced by use-v
use	v	1	defining	done	2026-09-16	votes 2; referenced by employ-v; referenced by exercise-v; referenced by operate-v
use up	phrv	1	defining	pending	2026-09-16	votes 2; referenced by use-v
used	adj	1	defining	pending	2026-09-16	votes 1; referenced by used-to-modal; referenced by use-v
used to	modal	1	defining	done	2026-09-16	votes 1
useful	adj	1	defining	pending	2026-09-16	votes 2; referenced by good-adj; referenced by use-v
useless	adj	1	defining	pending	2026-09-16	votes 1; referenced by use-v
user	n	1	defining	pending	2026-09-16	votes 1; referenced by use-v
usual	adj	1	defining	pending	2026-09-16	votes 3
usually	adv	1	defining	pending	2026-09-16	votes 3
valley	n	1	defining	pending	2026-09-16	votes 2; referenced by hollow-n; referenced by hill-n; referenced by mountain-n
value	n	1	defining	pending	2026-09-16	votes 3; referenced by importance-n
vegetable	n	1	defining	pending	2026-09-16	votes 3; referenced by fruit-n; referenced by potato-n
vehicle	n	1	defining	pending	2026-09-16	votes 3; referenced by car-n
vein	n	3	defining	pending	2026-09-16	votes 1; panel median 3, secondary part of speech; referenced by blood-n
verb	n	1	defining	pending	2026-09-16	votes 1; referenced by adjective-n
very	adv	1	defining	done	2026-09-16	votes 3
via	prep	1	defining	done	2026-09-16	votes 2; stale claim, no backing file, see queue-stale-claimed-rows.md
victim	n	1	defining	pending	2026-09-16	votes 1
video	n	1	defining	pending	2026-09-16	votes 1; referenced by camera-n
view	n	1	defining	pending	2026-09-16	votes 2; referenced by opinion-n; referenced by position-n; referenced by scene-n; referenced by sight-n
village	n	1	defining	pending	2026-09-16	votes 1; referenced by city-n
violence	n	1	defining	pending	2026-09-16	votes 3; referenced by force-n
violent	adj	1	defining	pending	2026-09-16	votes 3
virus	n	1	defining	pending	2026-09-16	votes 1; referenced by bacteria-n; referenced by infection-n
visible	adj	1	defining	pending	2026-09-16	votes 1
visit	n	1	defining	pending	2026-09-16	votes 2; referenced by visit-v; referenced by visitor-n
visit	v	1	defining	done	2026-09-16	votes 3; referenced by see-v
voice	n	1	defining	pending	2026-09-16	votes 3; referenced by sound-n
volume	n	1	defining	pending	2026-09-16	votes 2; referenced by sound-n
vote	n	1	defining	pending	2026-09-16	votes 3; referenced by vote-v; referenced by democracy-n; referenced by election-n
vote	v	1	defining	done	2026-09-16	votes 3; referenced by elect-v
vs.	abbr	3	defining	pending	2026-09-16	votes 2; panel median 3, secondary part of speech
wage	n	1	defining	pending	2026-09-16	votes 2; referenced by income-n; referenced by pay-n; referenced by salary-n
wait	v	1	defining	done	2026-09-16	votes 1; referenced by expect-v; referenced by hold-v
wait for	phrv	1	defining	pending	2026-09-16	votes 2
wake	v	1	defining	done	2026-09-16	votes 3; referenced by awaken-v; referenced by sleep-v
wake up	phrv	1	defining	pending	2026-09-16	votes 3; referenced by wake-v
walk	n	1	defining	pending	2026-09-16	votes 3; referenced by walk-v
walk	v	1	defining	done	2026-09-16	votes 3; referenced by run-v
wall	n	1	defining	pending	2026-09-16	votes 3; referenced by brick-n; referenced by fence-n
wallet	n	1	defining	pending	2026-09-16	votes 3; referenced by purse-n
want	v	1	defining	done	2026-09-16	votes 3; referenced by like-v
war	n	1	defining	pending	2026-09-16	votes 3; referenced by battle-n; referenced by conflict-n; referenced by enemy-n; referenced by battle-v; referenced by peace-n
warm	adj	1	defining	pending	2026-09-16	votes 3; referenced by warm-v; referenced by blanket-n; referenced by heat-n
warm	v	1	defining	done	2026-09-16	votes 2; referenced by cool-v; referenced by heat-v
warn	v	1	defining	done	2026-09-16	votes 2; referenced by threaten-v
warning	n	1	defining	pending	2026-09-16	votes 2; referenced by warn-v
wash	n	1	defining	pending	2026-09-16	votes 2; referenced by wash-v
wash	v	1	defining	done	2026-09-16	votes 3; referenced by clean-v
wash up	phrv	1	defining	pending	2026-09-16	votes 1; referenced by wash-v
washing machine	n	1	defining	pending	2026-09-16	votes 1
waste	n	1	defining	pending	2026-09-16	votes 2
watch	n	1	defining	pending	2026-09-16	votes 3; referenced by watch-v; referenced by clock-n
watch	v	1	defining	done	2026-09-16	votes 3; referenced by see-v; referenced by look-v; referenced by observe-v
watch out	phrv	1	defining	pending	2026-09-16	votes 2; referenced by watch-v
water	n	1	defining	done	2026-09-16	votes 3
water	v	1	defining	done	2026-09-16	votes 2; referenced by water-n
waterfall	n	3	defining	pending	2026-09-16	votes 1; panel median 3, secondary part of speech; referenced by water-n; referenced by fall-n
wave	n	1	defining	pending	2026-09-16	votes 2; referenced by wave-v; referenced by ocean-n
wax	n	3	defining	pending	2026-09-16	votes 2; panel median 3, secondary part of speech
way	n	1	defining	done	2026-09-16	votes 3
we	pron	1	defining	done	2026-09-16	votes 3; referenced by ours-pron
weak	adj	1	defining	pending	2026-09-16	votes 3
weaken	v	3	defining	pending	2026-09-16	votes 1; panel median 3, secondary part of speech; referenced by strengthen-v
weakness	n	1	defining	pending	2026-09-16	votes 3; referenced by fault-n; referenced by strength-n
wealth	n	1	defining	pending	2026-09-16	votes 1
wealthy	adj	1	defining	pending	2026-09-16	votes 1
weapon	n	1	defining	pending	2026-09-16	votes 2; referenced by bomb-n; referenced by gun-n
wear	v	1	defining	done	2026-09-16	votes 3; referenced by dress-v
weather	n	1	defining	pending	2026-09-16	votes 2; referenced by climate-n; referenced by rain-n
web	n	1	defining	pending	2026-09-16	votes 1; referenced by internet-n; referenced by network-n
website	n	1	defining	pending	2026-09-16	votes 1; referenced by internet-n
wedding	n	1	defining	pending	2026-09-16	votes 2; referenced by marriage-n
weed	n	3	defining	pending	2026-09-16	votes 2; panel median 3, secondary part of speech
weed	v	3	defining	pending	2026-09-16	votes 2; panel median 3, secondary part of speech
week	n	1	defining	pending	2026-09-16	votes 3; referenced by day-n; referenced by month-n
weekend	n	1	defining	pending	2026-09-16	votes 2; referenced by holiday-n
weekly	adj	1	defining	pending	2026-09-16	votes 2
weigh	v	1	defining	done	2026-09-16	votes 3
weight	n	1	defining	pending	2026-09-16	votes 3; referenced by weigh-v; referenced by mass-n
welcome	interj	1	defining	pending	2026-09-16	votes 3
well	adj	1	defining	pending	2026-09-16	votes 2; referenced by well-interj
well	adv	1	defining	pending	2026-09-16	votes 3; referenced by good-adj; referenced by well-interj
well	interj	1	defining	done	2026-09-16	votes 2
wet	adj	1	defining	pending	2026-09-16	votes 3
what	det	1	defining	done	2026-09-16	votes 3
what	pron	1	defining	done	2026-09-16	votes 3; referenced by what-det; referenced by who-pron
whatever	det	1	defining	done	2026-09-16	votes 1
wheat	n	1	defining	pending	2026-09-16	votes 2; referenced by grain-n
wheel	n	1	defining	pending	2026-09-16	votes 3; referenced by bicycle-n
wheelchair	n	1	defining	pending	2026-09-16	votes 2
when	adv	1	defining	pending	2026-09-16	votes 3; referenced by when-conj
when	conj	1	defining	done	2026-09-16	votes 3
where	adv	1	defining	pending	2026-09-16	votes 3; referenced by where-conj
where	conj	1	defining	done	2026-09-16	votes 3
whereas	conj	3	defining	pending	2026-09-16	votes 3; panel median 3, secondary part of speech; referenced by where-conj
whether	conj	1	defining	done	2026-09-16	votes 3
which	det	1	defining	done	2026-09-16	votes 3
which	pron	1	defining	done	2026-09-16	votes 3; referenced by which-det
while	conj	1	defining	done	2026-09-16	votes 3
whisper	v	1	defining	done	2026-09-16	votes 2; referenced by breathe-v
white	adj	1	defining	pending	2026-09-16	votes 2
who	pron	1	defining	done	2026-09-16	votes 3
whole	adj	1	defining	pending	2026-09-16	votes 3; referenced by all-det
whole	n	1	defining	pending	2026-09-16	votes 2; referenced by part-n
whom	pron	1	defining	done	2026-09-16	votes 3
whose	det	1	defining	done	2026-09-16	votes 3
whose	pron	1	defining	done	2026-09-16	votes 3; referenced by whose-det
why	adv	1	defining	pending	2026-09-16	votes 3
wide	adj	1	defining	pending	2026-09-16	votes 3
widely	adv	3	defining	pending	2026-09-16	votes 1; panel median 3, secondary part of speech
widow	n	1	defining	pending	2026-09-16	votes 1
width	n	1	defining	pending	2026-09-16	votes 3; referenced by height-n; referenced by length-n
wife	n	1	defining	pending	2026-09-16	votes 3; referenced by husband-n; referenced by marriage-n
wild	adj	1	defining	pending	2026-09-16	votes 3
will	modal	1	defining	done	2026-09-16	votes 3; referenced by go-v
win	v	1	defining	done	2026-09-16	votes 3; referenced by take-v; referenced by earn-v; referenced by lose-v; referenced by beat-v
wind	n	1	defining	pending	2026-09-16	votes 2; referenced by storm-n
window	n	1	defining	pending	2026-09-16	votes 2; referenced by door-n
wine	n	1	defining	pending	2026-09-16	votes 2; referenced by beer-n; referenced by alcohol-n
wing	n	1	defining	pending	2026-09-16	votes 2; referenced by bird-n; referenced by feather-n
winner	n	1	defining	pending	2026-09-16	votes 1; referenced by win-v
winter	n	1	defining	pending	2026-09-16	votes 3; referenced by autumn-n; referenced by spring-n; referenced by summer-n
wipe	v	1	defining	done	2026-09-16	votes 2; referenced by clean-v
wire	n	1	defining	pending	2026-09-16	votes 2; referenced by cable-n
wisdom	n	1	defining	pending	2026-09-16	votes 1
wise	adj	1	defining	pending	2026-09-16	votes 3
wish	n	1	defining	pending	2026-09-16	votes 2; referenced by wish-v; referenced by desire-n; referenced by dream-n; referenced by hope-n
wish	v	1	defining	done	2026-09-16	votes 2; referenced by dream-v; referenced by hope-v; referenced by want-v
with	prep	1	defining	done	2026-09-16	votes 3; referenced by along-prep; stale claim, no backing file, see queue-stale-claimed-rows.md; referenced by without-prep
within	prep	1	defining	done	2026-09-16	votes 3; referenced by inside-prep; stale claim, no backing file, see queue-stale-claimed-rows.md
without	prep	1	defining	done	2026-09-16	votes 3; referenced by minus-prep; stale claim, no backing file, see queue-stale-claimed-rows.md
witness	n	1	defining	pending	2026-09-16	votes 1
woman	n	1	defining	pending	2026-09-16	votes 3; referenced by girl-n; referenced by man-n
wonder	v	1	defining	done	2026-09-16	votes 1
wonderful	adj	1	defining	pending	2026-09-16	votes 1; referenced by wonder-v
wood	n	1	defining	pending	2026-09-16	votes 3; referenced by forest-n
wool	n	1	defining	pending	2026-09-16	votes 2; referenced by cotton-n; referenced by fur-n; referenced by sheep-n; referenced by silk-n
word	n	1	defining	pending	2026-09-16	votes 2; referenced by dictionary-n; referenced by language-n
work	n	1	defining	pending	2026-09-16	votes 3; referenced by work-v; referenced by job-n; referenced by office-n
work	v	1	defining	done	2026-09-16	votes 3; referenced by go-v; referenced by operate-v
work out	phrv	1	defining	pending	2026-09-16	votes 3; referenced by solve-v; referenced by work-v
worker	n	1	defining	pending	2026-09-16	votes 2; referenced by hand-n; referenced by work-v; referenced by employee-n
world	n	1	defining	pending	2026-09-16	votes 2; referenced by earth-n; referenced by planet-n; referenced by scene-n
worm	n	3	defining	pending	2026-09-16	votes 2; panel median 3, secondary part of speech
worn	adj	3	defining	pending	2026-09-16	votes 1; panel median 3, secondary part of speech; referenced by wear-v
worried	adj	1	defining	pending	2026-09-16	votes 1; referenced by afraid-adj; referenced by anxious-adj; referenced by concerning-adj; referenced by worry-v
worry	n	1	defining	pending	2026-09-16	votes 3; referenced by worry-v; referenced by fear-n
worry	v	1	defining	done	2026-09-16	votes 3; referenced by fear-v; referenced by alarm-v
worth	adj	1	defining	pending	2026-09-16	votes 2
would	modal	1	defining	done	2026-09-16	votes 2; referenced by used-to-modal
wound	n	1	defining	pending	2026-09-16	votes 3; referenced by blood-n; referenced by cut-n; referenced by injury-n
wound	v	3	defining	pending	2026-09-16	votes 2; panel median 3, secondary part of speech; referenced by injure-v
wow	interj	1	defining	pending	2026-09-16	votes 3
wrap	v	1	defining	done	2026-09-16	votes 2
write	v	1	defining	done	2026-09-16	votes 3
write down	phrv	1	defining	pending	2026-09-16	votes 3; referenced by record-v; referenced by write-v
writer	n	1	defining	pending	2026-09-16	votes 1; referenced by write-v; referenced by author-n
written	adj	1	defining	pending	2026-09-16	votes 1; referenced by write-v
wrong	adj	1	defining	pending	2026-09-16	votes 3; referenced by mistake-n
wrongly	adv	3	defining	pending	2026-09-16	votes 1; panel median 3, secondary part of speech
yard	n	1	defining	pending	2026-09-16	votes 3; referenced by garden-n
year	n	1	defining	pending	2026-09-16	votes 3; referenced by month-n; referenced by january-n
yearly	adj	3	defining	pending	2026-09-16	votes 2; panel median 3, secondary part of speech
yellow	adj	1	defining	pending	2026-09-16	votes 2
yes	adv	1	defining	pending	2026-09-16	votes 2
yes	interj	1	defining	pending	2026-09-16	votes 2
yesterday	adv	1	defining	pending	2026-09-16	votes 3
yesterday	n	1	defining	pending	2026-09-16	votes 2
yet	adv	1	defining	pending	2026-09-16	votes 3; referenced by yet-conj
yet	conj	1	defining	done	2026-09-16	votes 2
you	pron	1	defining	done	2026-09-16	votes 3; referenced by one-num
young	adj	1	defining	pending	2026-09-16	votes 3; referenced by old-adj
your	det	1	defining	done	2026-09-16	votes 2
yours	pron	1	defining	done	2026-09-16	votes 1; referenced by your-det
yourself	pron	1	defining	done	2026-09-16	votes 1
youth	n	1	defining	pending	2026-09-16	votes 2
zero	num	1	defining	pending	2026-09-16	votes 2
zip	n	3	defining	pending	2026-09-16	votes 3; panel median 3, secondary part of speech
zip	v	3	defining	pending	2026-09-16	votes 3; panel median 3, secondary part of speech
-ance	suffix	2	band	pending	2026-09-16	panel median 2 (wordlist-1=2,wordlist-2=2,wordlist-3=2)
-ation	suffix	1	band	pending	2026-09-16	panel median 1 (wordlist-1=1,wordlist-2=1,wordlist-3=1)
-s	suffix	1	band	pending	2026-09-16	panel median 1 (wordlist-1=1,wordlist-2=1,wordlist-3=1)
-sion	suffix	2	band	pending	2026-09-16	panel median 2 (wordlist-1=2,wordlist-2=2,wordlist-3=2)
abstract	adj	2	band	pending	2026-09-16	panel median 2 (wordlist-1=3,wordlist-2=2,wordlist-3=2)
abstract	n	3	band	pending	2026-09-16	panel median 3 (wordlist-1=3,wordlist-2=3,wordlist-3=2)
academic	adj	2	band	pending	2026-09-16	panel median 2 (wordlist-1=2,wordlist-2=2,wordlist-3=2)
accelerate	v	3	band	pending	2026-09-16	panel median 3 (wordlist-1=4,wordlist-2=3,wordlist-3=2)
access	n	1	band	done	2026-09-16	panel median 1 (wordlist-1=2,wordlist-2=1,wordlist-3=1)
access	v	2	band	pending	2026-09-16	panel median 2 (wordlist-1=3,wordlist-2=1,wordlist-3=2); referenced by access-n
accessible	adj	2	band	pending	2026-09-16	panel median 2 (wordlist-1=3,wordlist-2=2,wordlist-3=2); referenced by access-n
accessory	n	2	band	pending	2026-09-16	panel median 2 (wordlist-1=4,wordlist-2=2,wordlist-3=2)
accurate	adj	2	band	pending	2026-09-16	panel median 2 (wordlist-1=2,wordlist-2=2,wordlist-3=2)
acute	adj	3	band	pending	2026-09-16	panel median 3 (wordlist-1=4,wordlist-2=3,wordlist-3=2)
adapt	v	2	band	pending	2026-09-16	panel median 2 (wordlist-1=3,wordlist-2=2,wordlist-3=2); referenced by adopt-v
addiction	n	2	band	pending	2026-09-16	panel median 2 (wordlist-1=3,wordlist-2=2,wordlist-3=2); referenced by habit-n
adequate	adj	2	band	pending	2026-09-16	panel median 2 (wordlist-1=3,wordlist-2=2,wordlist-3=2)
adjacent	adj	3	band	pending	2026-09-16	panel median 3 (wordlist-1=4,wordlist-2=3,wordlist-3=2)
admiration	n	3	band	pending	2026-09-16	panel median 3 (wordlist-1=4,wordlist-2=3,wordlist-3=2); referenced by admire-v; referenced by respect-n
adolescence	n	3	band	pending	2026-09-16	panel median 3 (wordlist-1=4,wordlist-2=3,wordlist-3=2)
adoption	n	2	band	pending	2026-09-16	panel median 2 (wordlist-1=4,wordlist-2=2,wordlist-3=2); referenced by adopt-v
advanced	adj	2	band	pending	2026-09-16	panel median 2 (wordlist-1=3,wordlist-2=1,wordlist-3=2)
affection	n	3	band	pending	2026-09-16	panel median 3 (wordlist-1=4,wordlist-2=3,wordlist-3=2); referenced by love-n
agency	n	2	band	pending	2026-09-16	panel median 2 (wordlist-1=3,wordlist-2=1,wordlist-3=2)
aggressive	adj	2	band	pending	2026-09-16	panel median 2 (wordlist-1=3,wordlist-2=2,wordlist-3=2)
agricultural	adj	2	band	pending	2026-09-16	panel median 2 (wordlist-1=4,wordlist-2=2,wordlist-3=2)
aha	interj	2	band	pending	2026-09-16	panel median 2 (wordlist-1=4,wordlist-2=2,wordlist-3=1)
aisle	n	2	band	pending	2026-09-16	panel median 2 (wordlist-1=4,wordlist-2=2,wordlist-3=2)
allergic	adj	2	band	pending	2026-09-16	panel median 2 (wordlist-1=4,wordlist-2=2,wordlist-3=2)
allergy	n	2	band	pending	2026-09-16	panel median 2 (wordlist-1=4,wordlist-2=2,wordlist-3=2)
alley	n	3	band	pending	2026-09-16	panel median 3 (wordlist-1=4,wordlist-2=3,wordlist-3=2)
alliance	n	2	band	pending	2026-09-16	panel median 2 (wordlist-1=4,wordlist-2=2,wordlist-3=2)
alongside	prep	2	band	pending	2026-09-16	panel median 2 (wordlist-1=3,wordlist-2=2,wordlist-3=2)
alright	adv	2	band	pending	2026-09-16	panel median 2 (wordlist-1=2,wordlist-2=1,wordlist-3=2)
alright	interj	2	band	pending	2026-09-16	panel median 2 (wordlist-1=3,wordlist-2=1,wordlist-3=2)
alter	v	2	band	pending	2026-09-16	panel median 2 (wordlist-1=3,wordlist-2=2,wordlist-3=2); referenced by change-v
alteration	n	3	band	pending	2026-09-16	panel median 3 (wordlist-1=4,wordlist-2=3,wordlist-3=2)
altitude	n	3	band	pending	2026-09-16	panel median 3 (wordlist-1=3,wordlist-2=3,wordlist-3=2)
amateur	adj	2	band	pending	2026-09-16	panel median 2 (wordlist-1=4,wordlist-2=2,wordlist-3=2)
amateur	n	2	band	pending	2026-09-16	panel median 2 (wordlist-1=3,wordlist-2=2,wordlist-3=2)
ambitious	adj	2	band	pending	2026-09-16	panel median 2 (wordlist-1=3,wordlist-2=2,wordlist-3=2)
amid	prep	3	band	pending	2026-09-16	panel median 3 (wordlist-1=4,wordlist-2=3,wordlist-3=2)
amount to	phrv	2	band	pending	2026-09-16	panel median 2 (wordlist-1=2,wordlist-2=3,wordlist-3=1); referenced by amount-n
amphibian	n	3	band	pending	2026-09-16	panel median 3 (wordlist-1=3,wordlist-2=3,wordlist-3=4)
analysis	n	2	band	pending	2026-09-16	panel median 2 (wordlist-1=2,wordlist-2=2,wordlist-3=1)
analyze	v	2	band	pending	2026-09-16	panel median 2 (wordlist-1=3,wordlist-2=2,wordlist-3=1)
anniversary	n	2	band	pending	2026-09-16	panel median 2 (wordlist-1=3,wordlist-2=2,wordlist-3=2); referenced by birthday-n
antibiotic	n	3	band	pending	2026-09-16	panel median 3 (wordlist-1=3,wordlist-2=2,wordlist-3=3)
anxiety	n	2	band	pending	2026-09-16	panel median 2 (wordlist-1=3,wordlist-2=2,wordlist-3=2); referenced by anxious-adj; referenced by nerve-n
apologies	n	3	band	pending	2026-09-16	panel median 3 (wordlist-1=3,wordlist-2=2,wordlist-3=3)
app	n	2	band	pending	2026-09-16	panel median 2 (wordlist-1=2,wordlist-2=1,wordlist-3=3); referenced by program-n
appetite	n	2	band	pending	2026-09-16	panel median 2 (wordlist-1=3,wordlist-2=2,wordlist-3=2)
appetizer	n	3	band	pending	2026-09-16	panel median 3 (wordlist-1=4,wordlist-2=3,wordlist-3=2)
appliance	n	3	band	pending	2026-09-16	panel median 3 (wordlist-1=3,wordlist-2=2,wordlist-3=3)
apply	v	1	band	done	2026-09-16	panel median 1 (wordlist-1=1,wordlist-2=1,wordlist-3=3)
appreciate	v	2	band	pending	2026-09-16	panel median 2 (wordlist-1=2,wordlist-2=1,wordlist-3=2)
approximately	adv	2	band	pending	2026-09-16	panel median 2 (wordlist-1=3,wordlist-2=2,wordlist-3=2)
apt	abbr	3	band	pending	2026-09-16	panel median 3 (wordlist-1=4,wordlist-2=3,wordlist-3=2)
apt.	abbr	3	band	pending	2026-09-16	panel median 3 (wordlist-1=4,wordlist-2=3,wordlist-3=3)
arcade	n	3	band	pending	2026-09-16	panel median 3 (wordlist-1=3,wordlist-2=3,wordlist-3=3)
archive	n	3	band	pending	2026-09-16	panel median 3 (wordlist-1=3,wordlist-2=2,wordlist-3=3)
archive	v	3	band	pending	2026-09-16	panel median 3 (wordlist-1=4,wordlist-2=3,wordlist-3=3)
arena	n	2	band	pending	2026-09-16	panel median 2 (wordlist-1=3,wordlist-2=2,wordlist-3=1)
aroma	n	3	band	pending	2026-09-16	panel median 3 (wordlist-1=4,wordlist-2=3,wordlist-3=1)
arrival	n	2	band	pending	2026-09-16	panel median 2 (wordlist-1=3,wordlist-2=2,wordlist-3=2); referenced by arrive-v
arrogance	n	3	band	pending	2026-09-16	panel median 3 (wordlist-1=4,wordlist-2=3,wordlist-3=2); referenced by pride-n
arrogant	adj	3	band	pending	2026-09-16	panel median 3 (wordlist-1=3,wordlist-2=3,wordlist-3=2)
artery	n	3	band	pending	2026-09-16	panel median 3 (wordlist-1=3,wordlist-2=3,wordlist-3=3)
as well as	prep	1	band	done	2026-09-16	panel median 1 (wordlist-1=2,wordlist-2=1,wordlist-3=1); returned to queue; not drafted this run (kept batch to 13 for quality)
asap	abbr	3	band	done	2026-09-16	panel median 3 (wordlist-1=3,wordlist-2=2,wordlist-3=3)
assemble	v	2	band	pending	2026-09-16	panel median 2 (wordlist-1=3,wordlist-2=2,wordlist-3=2); referenced by gather-v
assess	v	2	band	pending	2026-09-16	panel median 2 (wordlist-1=3,wordlist-2=2,wordlist-3=2)
assessment	n	2	band	pending	2026-09-16	panel median 2 (wordlist-1=3,wordlist-2=2,wordlist-3=2)
asset	n	2	band	pending	2026-09-16	panel median 2 (wordlist-1=3,wordlist-2=2,wordlist-3=2)
assignment	n	2	band	pending	2026-09-16	panel median 2 (wordlist-1=3,wordlist-2=2,wordlist-3=2)
associate	v	2	band	pending	2026-09-16	panel median 2 (wordlist-1=3,wordlist-2=2,wordlist-3=2); referenced by connect-v; referenced by identify-v
assuming	conj	3	band	pending	2026-09-16	panel median 3 (wordlist-1=3,wordlist-2=3,wordlist-3=2)
assumption	n	2	band	pending	2026-09-16	panel median 2 (wordlist-1=3,wordlist-2=2,wordlist-3=2); referenced by assume-v
asthma	n	3	band	pending	2026-09-16	panel median 3 (wordlist-1=3,wordlist-2=3,wordlist-3=2)
athlete	n	2	band	pending	2026-09-16	panel median 2 (wordlist-1=3,wordlist-2=2,wordlist-3=1)
atm	abbr	2	band	pending	2026-09-16	panel median 2 (wordlist-1=3,wordlist-2=2,wordlist-3=2)
atmosphere	n	2	band	pending	2026-09-16	panel median 2 (wordlist-1=2,wordlist-2=2,wordlist-3=3); referenced by climate-n; referenced by mood-n
attic	n	3	band	pending	2026-09-16	panel median 3 (wordlist-1=3,wordlist-2=3,wordlist-3=1)
authentic	adj	2	band	pending	2026-09-16	panel median 2 (wordlist-1=3,wordlist-2=2,wordlist-3=2)
auto-	prefix	2	band	pending	2026-09-16	panel median 2 (wordlist-1=4,wordlist-2=2,wordlist-3=2)
ave	abbr	3	band	pending	2026-09-16	panel median 3 (wordlist-1=4,wordlist-2=3,wordlist-3=2)
avenue	n	3	band	pending	2026-09-16	panel median 3 (wordlist-1=3,wordlist-2=2,wordlist-3=3); referenced by street-n
awareness	n	2	band	pending	2026-09-16	panel median 2 (wordlist-1=3,wordlist-2=2,wordlist-3=2); referenced by aware-adj
awful	adj	2	band	pending	2026-09-16	panel median 2 (wordlist-1=2,wordlist-2=2,wordlist-3=1)
back up	phrv	2	band	pending	2026-09-16	panel median 2 (wordlist-1=2,wordlist-2=2,wordlist-3=2); referenced by support-v
backpack	n	2	band	pending	2026-09-16	panel median 2 (wordlist-1=3,wordlist-2=2,wordlist-3=2); referenced by pack-n
backup	n	2	band	pending	2026-09-16	panel median 2 (wordlist-1=3,wordlist-2=2,wordlist-3=2)
bacon	n	2	band	pending	2026-09-16	panel median 2 (wordlist-1=3,wordlist-2=2,wordlist-3=2)
baggage	n	2	band	pending	2026-09-16	panel median 2 (wordlist-1=3,wordlist-2=2,wordlist-3=1); referenced by bag-n
baggy	adj	3	band	pending	2026-09-16	panel median 3 (wordlist-1=4,wordlist-2=3,wordlist-3=2); referenced by bag-n
bakery	n	2	band	pending	2026-09-16	panel median 2 (wordlist-1=3,wordlist-2=2,wordlist-3=2); referenced by bake-v
balcony	n	2	band	pending	2026-09-16	panel median 2 (wordlist-1=3,wordlist-2=2,wordlist-3=2); referenced by circle-n
bang	v	2	band	pending	2026-09-16	panel median 2 (wordlist-1=3,wordlist-2=2,wordlist-3=2); referenced by knock-v; referenced by crack-v
bankrupt	adj	3	band	pending	2026-09-16	panel median 3 (wordlist-1=4,wordlist-2=3,wordlist-3=2); referenced by bank-n
banquet	n	3	band	pending	2026-09-16	panel median 3 (wordlist-1=4,wordlist-2=3,wordlist-3=3)
barley	n	3	band	pending	2026-09-16	panel median 3 (wordlist-1=4,wordlist-2=3,wordlist-3=3)
barn	n	2	band	pending	2026-09-16	panel median 2 (wordlist-1=3,wordlist-2=2,wordlist-3=2)
basement	n	2	band	pending	2026-09-16	panel median 2 (wordlist-1=3,wordlist-2=2,wordlist-3=2)
bay	n	2	band	pending	2026-09-16	panel median 2 (wordlist-1=3,wordlist-2=2,wordlist-3=2)
beam	n	2	band	pending	2026-09-16	panel median 2 (wordlist-1=3,wordlist-2=2,wordlist-3=2)
bear	n	2	band	pending	2026-09-16	panel median 2 (wordlist-1=3,wordlist-2=2,wordlist-3=2)
bear	v	2	band	pending	2026-09-16	panel median 2 (wordlist-1=2,wordlist-2=2,wordlist-3=2); referenced by take-v; referenced by stand-v; referenced by birth-n
beef	n	2	band	pending	2026-09-16	panel median 2 (wordlist-1=2,wordlist-2=2,wordlist-3=2); referenced by meat-n
belongings	n	3	band	pending	2026-09-16	panel median 3 (wordlist-1=3,wordlist-2=3,wordlist-3=2); referenced by belong-v; referenced by effect-n; referenced by goods-n
beneath	prep	3	band	pending	2026-09-16	panel median 3 (wordlist-1=3,wordlist-2=2,wordlist-3=3); referenced by under-prep; referenced by underneath-prep
besides	adv	2	band	pending	2026-09-16	panel median 2 (wordlist-1=2,wordlist-2=2,wordlist-3=2); referenced by anyway-adv
besides	prep	2	band	pending	2026-09-16	panel median 2 (wordlist-1=2,wordlist-2=2,wordlist-3=2); referenced by except-prep; referenced by beside-prep
beverage	n	3	band	pending	2026-09-16	panel median 3 (wordlist-1=3,wordlist-2=3,wordlist-3=3); referenced by drink-n
bias	n	3	band	pending	2026-09-16	panel median 3 (wordlist-1=3,wordlist-2=3,wordlist-3=2)
billboard	n	3	band	pending	2026-09-16	panel median 3 (wordlist-1=3,wordlist-2=3,wordlist-3=4)
bin	n	2	band	pending	2026-09-16	panel median 2 (wordlist-1=2,wordlist-2=2,wordlist-3=2)
bizarre	adj	3	band	pending	2026-09-16	panel median 3 (wordlist-1=3,wordlist-2=3,wordlist-3=3)
bland	adj	3	band	pending	2026-09-16	panel median 3 (wordlist-1=4,wordlist-2=3,wordlist-3=3)
blazer	n	3	band	pending	2026-09-16	panel median 3 (wordlist-1=4,wordlist-2=3,wordlist-3=3)
bleach	n	3	band	pending	2026-09-16	panel median 3 (wordlist-1=3,wordlist-2=3,wordlist-3=3)
blend	v	2	band	pending	2026-09-16	panel median 2 (wordlist-1=3,wordlist-2=2,wordlist-3=2)
blender	n	3	band	pending	2026-09-16	panel median 3 (wordlist-1=3,wordlist-2=3,wordlist-3=3)
bless you	phr	3	band	pending	2026-09-16	panel median 3 (wordlist-1=3,wordlist-2=3,wordlist-3=2)
blizzard	n	3	band	pending	2026-09-16	panel median 3 (wordlist-1=4,wordlist-2=3,wordlist-3=3)
blonde	adj	2	band	pending	2026-09-16	panel median 2 (wordlist-1=3,wordlist-2=2,wordlist-3=2)
bloom	n	3	band	pending	2026-09-16	panel median 3 (wordlist-1=4,wordlist-2=3,wordlist-3=3); referenced by flower-n
bloom	v	3	band	pending	2026-09-16	panel median 3 (wordlist-1=3,wordlist-2=3,wordlist-3=3)
blossom	n	3	band	pending	2026-09-16	panel median 3 (wordlist-1=3,wordlist-2=3,wordlist-3=3)
board game	n	2	band	pending	2026-09-16	panel median 2 (wordlist-1=3,wordlist-2=2,wordlist-3=2)
bonus	n	2	band	pending	2026-09-16	panel median 2 (wordlist-1=2,wordlist-2=2,wordlist-3=2)
boulevard	n	3	band	pending	2026-09-16	panel median 3 (wordlist-1=3,wordlist-2=3,wordlist-3=3)
bra	n	2	band	pending	2026-09-16	panel median 2 (wordlist-1=3,wordlist-2=2,wordlist-3=2)
bracelet	n	3	band	pending	2026-09-16	panel median 3 (wordlist-1=3,wordlist-2=3,wordlist-3=3)
brake	n	2	band	pending	2026-09-16	panel median 2 (wordlist-1=3,wordlist-2=2,wordlist-3=2); referenced by pedal-n
brake	v	3	band	pending	2026-09-16	panel median 3 (wordlist-1=3,wordlist-2=3,wordlist-3=2)
break in	phrv	3	band	pending	2026-09-16	panel median 3 (wordlist-1=3,wordlist-2=3,wordlist-3=2); referenced by break-v
break out	phrv	2	band	pending	2026-09-16	panel median 2 (wordlist-1=2,wordlist-2=2,wordlist-3=2); referenced by break-v; referenced by escape-v
breeze	n	2	band	pending	2026-09-16	panel median 2 (wordlist-1=3,wordlist-2=2,wordlist-3=2)
briefcase	n	3	band	pending	2026-09-16	panel median 3 (wordlist-1=3,wordlist-2=3,wordlist-3=3)
brighten	v	3	band	pending	2026-09-16	panel median 3 (wordlist-1=3,wordlist-2=3,wordlist-3=3)
bring in	phrv	2	band	pending	2026-09-16	panel median 2 (wordlist-1=2,wordlist-2=2,wordlist-3=2); referenced by introduce-v
broad	adj	2	band	pending	2026-09-16	panel median 2 (wordlist-1=2,wordlist-2=2,wordlist-3=1)
broth	n	3	band	pending	2026-09-16	panel median 3 (wordlist-1=4,wordlist-2=3,wordlist-3=3)
brother-in-law	n	3	band	pending	2026-09-16	panel median 3 (wordlist-1=3,wordlist-2=3,wordlist-3=3)
browse	v	2	band	pending	2026-09-16	panel median 2 (wordlist-1=3,wordlist-2=2,wordlist-3=2)
browser	n	2	band	pending	2026-09-16	panel median 2 (wordlist-1=2,wordlist-2=2,wordlist-3=2)
buffet	n	3	band	pending	2026-09-16	panel median 3 (wordlist-1=3,wordlist-2=3,wordlist-3=3)
bulk	n	2	band	pending	2026-09-16	panel median 2 (wordlist-1=3,wordlist-2=2,wordlist-3=2)
bull	n	2	band	pending	2026-09-16	panel median 2 (wordlist-1=3,wordlist-2=2,wordlist-3=2); referenced by cow-n
burn down	phrv	3	band	pending	2026-09-16	panel median 3 (wordlist-1=3,wordlist-2=2,wordlist-3=3)
bustling	adj	3	band	pending	2026-09-16	panel median 3 (wordlist-1=4,wordlist-2=3,wordlist-3=3)
butcher	n	3	band	pending	2026-09-16	panel median 3 (wordlist-1=3,wordlist-2=3,wordlist-3=2)
buyer	n	2	band	pending	2026-09-16	panel median 2 (wordlist-1=3,wordlist-2=2,wordlist-3=2); referenced by buy-v; referenced by seller-n
buzz	n	3	band	pending	2026-09-16	panel median 3 (wordlist-1=3,wordlist-2=3,wordlist-3=2)
buzz	v	3	band	pending	2026-09-16	panel median 3 (wordlist-1=3,wordlist-2=3,wordlist-3=2)
by the way	phr	2	band	pending	2026-09-16	panel median 2 (wordlist-1=2,wordlist-2=1,wordlist-3=2)
calf	n	3	band	pending	2026-09-16	panel median 3 (wordlist-1=3,wordlist-2=3,wordlist-3=2); referenced by cow-n
call up	phrv	2	band	pending	2026-09-16	panel median 2 (wordlist-1=3,wordlist-2=2,wordlist-3=2)
calorie	n	2	band	pending	2026-09-16	panel median 2 (wordlist-1=3,wordlist-2=2,wordlist-3=2)
campaign	n	2	band	pending	2026-09-16	panel median 2 (wordlist-1=2,wordlist-2=2,wordlist-3=2); referenced by drive-n
campaign	v	3	band	pending	2026-09-16	panel median 3 (wordlist-1=3,wordlist-2=3,wordlist-3=2); referenced by run-v
canal	n	3	band	pending	2026-09-16	panel median 3 (wordlist-1=3,wordlist-2=3,wordlist-3=3)
candidate	n	2	band	pending	2026-09-16	panel median 2 (wordlist-1=2,wordlist-2=2,wordlist-3=2)
canyon	n	3	band	pending	2026-09-16	panel median 3 (wordlist-1=4,wordlist-2=3,wordlist-3=3)
capacity	n	2	band	pending	2026-09-16	panel median 2 (wordlist-1=3,wordlist-2=2,wordlist-3=2)
capsule	n	3	band	pending	2026-09-16	panel median 3 (wordlist-1=3,wordlist-2=3,wordlist-3=3)
car park	n	3	band	pending	2026-09-16	panel median 3 (wordlist-1=3,wordlist-2=2,wordlist-3=3)
carbohydrate	n	3	band	pending	2026-09-16	panel median 3 (wordlist-1=4,wordlist-2=3,wordlist-3=3)
cardigan	n	3	band	pending	2026-09-16	panel median 3 (wordlist-1=4,wordlist-2=3,wordlist-3=3)
care for	v	2	band	pending	2026-09-16	panel median 2 (wordlist-1=2,wordlist-2=2,wordlist-3=2)
carriage	n	3	band	pending	2026-09-16	panel median 3 (wordlist-1=3,wordlist-2=3,wordlist-3=3); referenced by carry-v; referenced by car-n
casserole	n	3	band	pending	2026-09-16	panel median 3 (wordlist-1=4,wordlist-2=3,wordlist-3=3)
cast	n	2	band	pending	2026-09-16	panel median 2 (wordlist-1=3,wordlist-2=2,wordlist-3=2)
casual	adj	2	band	pending	2026-09-16	panel median 2 (wordlist-1=3,wordlist-2=2,wordlist-3=2)
categorize	v	3	band	pending	2026-09-16	panel median 3 (wordlist-1=4,wordlist-2=3,wordlist-3=3)
category	n	2	band	pending	2026-09-16	panel median 2 (wordlist-1=3,wordlist-2=2,wordlist-3=2)
cater	v	3	band	pending	2026-09-16	panel median 3 (wordlist-1=4,wordlist-2=3,wordlist-3=3)
ceasefire	n	3	band	pending	2026-09-16	panel median 3 (wordlist-1=4,wordlist-2=3,wordlist-3=3)
cemetery	n	3	band	pending	2026-09-16	panel median 3 (wordlist-1=3,wordlist-2=3,wordlist-3=3); referenced by grave-n
ceo	abbr	2	band	pending	2026-09-16	panel median 2 (wordlist-1=3,wordlist-2=2,wordlist-3=2)
cereal	n	2	band	pending	2026-09-16	panel median 2 (wordlist-1=2,wordlist-2=2,wordlist-3=2); referenced by grain-n
ceremony	n	2	band	pending	2026-09-16	panel median 2 (wordlist-1=3,wordlist-2=2,wordlist-3=2); used in bury-v senses[0].definition; pos guessed (no morphological signal), check before claiming; used in funeral-n senses[0].definition; pos guessed (no morphological signal), check before claiming; used in bury-v senses[0].definition; also in 1 other entry; pos guessed (no morphological signal), check before claiming
challenging	adj	2	band	pending	2026-09-16	panel median 2 (wordlist-1=2,wordlist-2=2,wordlist-3=2)
championship	n	2	band	pending	2026-09-16	panel median 2 (wordlist-1=3,wordlist-2=2,wordlist-3=2)
charger	n	3	band	pending	2026-09-16	panel median 3 (wordlist-1=3,wordlist-2=2,wordlist-3=3); referenced by charge-v; referenced by charge-n
charity	n	2	band	pending	2026-09-16	panel median 2 (wordlist-1=2,wordlist-2=2,wordlist-3=2)
charm	n	3	band	pending	2026-09-16	panel median 3 (wordlist-1=3,wordlist-2=3,wordlist-3=2)
check in	phrv	2	band	pending	2026-09-16	panel median 2 (wordlist-1=2,wordlist-2=2,wordlist-3=2); referenced by check-v
checked	adj	3	band	pending	2026-09-16	panel median 3 (wordlist-1=3,wordlist-2=3,wordlist-3=2)
checkpoint	n	3	band	pending	2026-09-16	panel median 3 (wordlist-1=3,wordlist-2=3,wordlist-3=3)
checkup	n	3	band	pending	2026-09-16	panel median 3 (wordlist-1=3,wordlist-2=3,wordlist-3=3); referenced by check-v
cheer up	phrv	2	band	pending	2026-09-16	panel median 2 (wordlist-1=2,wordlist-2=2,wordlist-3=2)
cheerful	adj	2	band	pending	2026-09-16	panel median 2 (wordlist-1=2,wordlist-2=2,wordlist-3=2); referenced by happy-adj
cheers	interj	2	band	pending	2026-09-16	panel median 2 (wordlist-1=2,wordlist-2=2,wordlist-3=2)
check	n	3	band	pending	2026-09-16	panel median 3 (wordlist-1=3,wordlist-2=3,wordlist-3=2); referenced by check-v; referenced by bill-n
chimney	n	3	band	pending	2026-09-16	panel median 3 (wordlist-1=3,wordlist-2=3,wordlist-3=2)
chronic	adj	3	band	pending	2026-09-16	panel median 3 (wordlist-1=3,wordlist-2=3,wordlist-3=3)
cinema	n	2	band	pending	2026-09-16	panel median 2 (wordlist-1=2,wordlist-2=2,wordlist-3=2); referenced by film-n; referenced by movie-n
circuit	n	3	band	pending	2026-09-16	panel median 3 (wordlist-1=3,wordlist-2=2,wordlist-3=3)
circumstance	n	2	band	pending	2026-09-16	panel median 2 (wordlist-1=3,wordlist-2=2,wordlist-3=2); referenced by situation-n
cite	v	3	band	pending	2026-09-16	panel median 3 (wordlist-1=4,wordlist-2=2,wordlist-3=3)
civic	adj	3	band	pending	2026-09-16	panel median 3 (wordlist-1=4,wordlist-2=3,wordlist-3=3)
civil	adj	2	band	pending	2026-09-16	panel median 2 (wordlist-1=3,wordlist-2=2,wordlist-3=2)
clarify	v	3	band	pending	2026-09-16	panel median 3 (wordlist-1=3,wordlist-2=2,wordlist-3=3); referenced by explain-v
classification	n	3	band	pending	2026-09-16	panel median 3 (wordlist-1=4,wordlist-2=3,wordlist-3=3)
classify	v	3	band	pending	2026-09-16	panel median 3 (wordlist-1=3,wordlist-2=3,wordlist-3=3); referenced by class-n
classmate	n	3	band	pending	2026-09-16	panel median 3 (wordlist-1=3,wordlist-2=2,wordlist-3=3); referenced by class-n
cliff	n	2	band	pending	2026-09-16	panel median 2 (wordlist-1=3,wordlist-2=2,wordlist-3=2); used in cave-n senses[0].definition; pos guessed (no morphological signal), check before claiming
clutch	n	3	band	pending	2026-09-16	panel median 3 (wordlist-1=3,wordlist-2=3,wordlist-3=3)
clutch	v	3	band	pending	2026-09-16	panel median 3 (wordlist-1=3,wordlist-2=3,wordlist-3=3)
co	abbr	3	band	pending	2026-09-16	panel median 3 (wordlist-1=3,wordlist-2=3,wordlist-3=3)
coach	n	2	band	pending	2026-09-16	panel median 2 (wordlist-1=2,wordlist-2=1,wordlist-3=2); referenced by bus-n; referenced by manager-n
coalition	n	3	band	pending	2026-09-16	panel median 3 (wordlist-1=4,wordlist-2=2,wordlist-3=3)
coastal	adj	3	band	pending	2026-09-16	panel median 3 (wordlist-1=3,wordlist-2=2,wordlist-3=3); referenced by coast-n
cognitive	adj	3	band	pending	2026-09-16	panel median 3 (wordlist-1=4,wordlist-2=3,wordlist-3=3)
collar	n	2	band	pending	2026-09-16	panel median 2 (wordlist-1=3,wordlist-2=2,wordlist-3=2); referenced by shirt-n; used in shirt-n senses[0].definition; pos guessed (no morphological signal), check before claiming
collision	n	3	band	pending	2026-09-16	panel median 3 (wordlist-1=4,wordlist-2=3,wordlist-3=3); referenced by crash-n
color	v	2	band	pending	2026-09-16	panel median 2 (wordlist-1=2,wordlist-2=2,wordlist-3=1); referenced by color-n
come across	phrv	2	band	pending	2026-09-16	panel median 2 (wordlist-1=2,wordlist-2=2,wordlist-3=2); referenced by come-v; referenced by chance-v
come along	phrv	2	band	pending	2026-09-16	panel median 2 (wordlist-1=2,wordlist-2=2,wordlist-3=2)
come over	phrv	2	band	pending	2026-09-16	panel median 2 (wordlist-1=2,wordlist-2=2,wordlist-3=2)
comic	n	2	band	pending	2026-09-16	panel median 2 (wordlist-1=3,wordlist-2=2,wordlist-3=2); referenced by cartoon-n
commerce	n	3	band	pending	2026-09-16	panel median 3 (wordlist-1=4,wordlist-2=3,wordlist-3=3); referenced by business-n
commission	n	2	band	pending	2026-09-16	panel median 2 (wordlist-1=3,wordlist-2=2,wordlist-3=2)
commute	n	3	band	pending	2026-09-16	panel median 3 (wordlist-1=4,wordlist-2=3,wordlist-3=2)
commute	v	3	band	pending	2026-09-16	panel median 3 (wordlist-1=3,wordlist-2=3,wordlist-3=3)
commuter	n	3	band	pending	2026-09-16	panel median 3 (wordlist-1=3,wordlist-2=3,wordlist-3=3)
compact	adj	3	band	pending	2026-09-16	panel median 3 (wordlist-1=3,wordlist-2=3,wordlist-3=3)
companion	n	3	band	pending	2026-09-16	panel median 3 (wordlist-1=3,wordlist-2=3,wordlist-3=3)
compatible	adj	3	band	pending	2026-09-16	panel median 3 (wordlist-1=4,wordlist-2=3,wordlist-3=3)
competence	n	3	band	pending	2026-09-16	panel median 3 (wordlist-1=4,wordlist-2=3,wordlist-3=3)
comprehend	v	3	band	pending	2026-09-16	panel median 3 (wordlist-1=4,wordlist-2=3,wordlist-3=3)
compress	v	3	band	pending	2026-09-16	panel median 3 (wordlist-1=4,wordlist-2=3,wordlist-3=1)
conceive	v	3	band	pending	2026-09-16	panel median 3 (wordlist-1=4,wordlist-2=3,wordlist-3=3)
concept	n	2	band	pending	2026-09-16	panel median 2 (wordlist-1=3,wordlist-2=2,wordlist-3=2)
concern	v	2	band	pending	2026-09-16	panel median 2 (wordlist-1=2,wordlist-2=2,wordlist-3=2); referenced by worry-v
concerning	prep	3	band	done	2026-09-16	panel median 3 (wordlist-1=3,wordlist-2=3,wordlist-3=2)
condense	v	3	band	pending	2026-09-16	panel median 3 (wordlist-1=4,wordlist-2=3,wordlist-3=3)
conditioner	n	3	band	pending	2026-09-16	panel median 3 (wordlist-1=3,wordlist-2=2,wordlist-3=3); referenced by condition-v
conduct	v	2	band	pending	2026-09-16	panel median 2 (wordlist-1=2,wordlist-2=2,wordlist-3=2)
congestion	n	3	band	pending	2026-09-16	panel median 3 (wordlist-1=3,wordlist-2=3,wordlist-3=3)
congress	n	2	band	pending	2026-09-16	panel median 2 (wordlist-1=3,wordlist-2=2,wordlist-3=2); referenced by house-n; used in house-n senses[1].definition; pos guessed (no morphological signal), check before claiming; referenced by parliament-n
conscience	n	2	band	pending	2026-09-16	panel median 2 (wordlist-1=3,wordlist-2=2,wordlist-3=2)
consciousness	n	2	band	pending	2026-09-16	panel median 2 (wordlist-1=4,wordlist-2=2,wordlist-3=2)
consequence	n	2	band	pending	2026-09-16	panel median 2 (wordlist-1=3,wordlist-2=2,wordlist-3=2); referenced by effect-n; referenced by result-n
conservation	n	3	band	pending	2026-09-16	panel median 3 (wordlist-1=3,wordlist-2=2,wordlist-3=3)
conservative	adj	2	band	pending	2026-09-16	panel median 2 (wordlist-1=3,wordlist-2=2,wordlist-3=2)
considerable	adj	2	band	pending	2026-09-16	panel median 2 (wordlist-1=3,wordlist-2=2,wordlist-3=2); referenced by consider-v
considerably	adv	3	band	pending	2026-09-16	panel median 3 (wordlist-1=3,wordlist-2=3,wordlist-3=2)
considering	prep	2	band	pending	2026-09-16	panel median 2 (wordlist-1=2,wordlist-2=2,wordlist-3=2); referenced by consider-v
constant	adj	2	band	pending	2026-09-16	panel median 2 (wordlist-1=2,wordlist-2=2,wordlist-3=2)
constantly	adv	2	band	pending	2026-09-16	panel median 2 (wordlist-1=2,wordlist-2=2,wordlist-3=2)
constitute	v	3	band	pending	2026-09-16	panel median 3 (wordlist-1=4,wordlist-2=3,wordlist-3=3)
constitution	n	2	band	pending	2026-09-16	panel median 2 (wordlist-1=3,wordlist-2=2,wordlist-3=2)
construct	v	2	band	pending	2026-09-16	panel median 2 (wordlist-1=3,wordlist-2=2,wordlist-3=2)
contagious	adj	3	band	pending	2026-09-16	panel median 3 (wordlist-1=3,wordlist-2=3,wordlist-3=3)
contemporary	adj	3	band	pending	2026-09-16	panel median 3 (wordlist-1=3,wordlist-2=2,wordlist-3=3)
context	n	2	band	pending	2026-09-16	panel median 2 (wordlist-1=3,wordlist-2=2,wordlist-3=2); used in he-pron senses[0].definition; also in 1 other entry; used in him-pron senses[0].definition; also in 1 other entry; used in them-pron senses[0].definition; also in 1 other entry; used in he-pron senses[0].definition; also in 5 other entries; used in he-pron senses[0].definition; also in 5 other entries; pos guessed (no morphological signal), check before claiming
contrast	v	3	band	pending	2026-09-16	panel median 3 (wordlist-1=3,wordlist-2=3,wordlist-3=2)
contribute	v	2	band	pending	2026-09-16	panel median 2 (wordlist-1=3,wordlist-2=2,wordlist-3=2)
conventional	adj	3	band	pending	2026-09-16	panel median 3 (wordlist-1=3,wordlist-2=2,wordlist-3=3)
convey	v	3	band	pending	2026-09-16	panel median 3 (wordlist-1=3,wordlist-2=3,wordlist-3=2)
convict	v	3	band	pending	2026-09-16	panel median 3 (wordlist-1=4,wordlist-2=3,wordlist-3=3)
conviction	n	3	band	pending	2026-09-16	panel median 3 (wordlist-1=3,wordlist-2=3,wordlist-3=2)
convince	v	2	band	pending	2026-09-16	panel median 2 (wordlist-1=2,wordlist-2=2,wordlist-3=2)
convincing	adj	3	band	pending	2026-09-16	panel median 3 (wordlist-1=3,wordlist-2=3,wordlist-3=2)
cool down	phrv	2	band	pending	2026-09-16	panel median 2 (wordlist-1=2,wordlist-2=2,wordlist-3=2); referenced by cool-v
corridor	n	3	band	pending	2026-09-16	panel median 3 (wordlist-1=3,wordlist-2=3,wordlist-3=3); referenced by hall-n
corrupt	adj	3	band	pending	2026-09-16	panel median 3 (wordlist-1=3,wordlist-2=3,wordlist-3=3)
corruption	n	3	band	pending	2026-09-16	panel median 3 (wordlist-1=3,wordlist-2=2,wordlist-3=3)
costume	n	3	band	pending	2026-09-16	panel median 3 (wordlist-1=3,wordlist-2=2,wordlist-3=3)
courthouse	n	3	band	pending	2026-09-16	panel median 3 (wordlist-1=4,wordlist-2=3,wordlist-3=3); referenced by house-n; referenced by court-n
courtyard	n	3	band	pending	2026-09-16	panel median 3 (wordlist-1=4,wordlist-2=3,wordlist-3=3); referenced by court-n
cramp	n	3	band	pending	2026-09-16	panel median 3 (wordlist-1=4,wordlist-2=3,wordlist-3=3)
crawl	v	2	band	pending	2026-09-16	panel median 2 (wordlist-1=3,wordlist-2=2,wordlist-3=2)
creamy	adj	3	band	pending	2026-09-16	panel median 3 (wordlist-1=3,wordlist-2=3,wordlist-3=3); referenced by cream-n
crispy	adj	3	band	pending	2026-09-16	panel median 3 (wordlist-1=3,wordlist-2=3,wordlist-3=3)
criterion	n	3	band	pending	2026-09-16	panel median 3 (wordlist-1=4,wordlist-2=3,wordlist-3=3)
critical	adj	2	band	pending	2026-09-16	panel median 2 (wordlist-1=2,wordlist-2=2,wordlist-3=2); referenced by criticism-n
critically	adv	3	band	pending	2026-09-16	panel median 3 (wordlist-1=3,wordlist-2=3,wordlist-3=2)
crossing	n	3	band	pending	2026-09-16	panel median 3 (wordlist-1=3,wordlist-2=2,wordlist-3=3); referenced by cross-v
crucial	adj	2	band	pending	2026-09-16	panel median 2 (wordlist-1=3,wordlist-2=2,wordlist-3=2)
cruise	n	3	band	pending	2026-09-16	panel median 3 (wordlist-1=3,wordlist-2=2,wordlist-3=3)
cruise	v	3	band	pending	2026-09-16	panel median 3 (wordlist-1=3,wordlist-2=3,wordlist-3=3)
crystal	n	3	band	pending	2026-09-16	panel median 3 (wordlist-1=3,wordlist-2=2,wordlist-3=3)
cuisine	n	3	band	pending	2026-09-16	panel median 3 (wordlist-1=4,wordlist-2=3,wordlist-3=3); referenced by food-n
cultivate	v	3	band	pending	2026-09-16	panel median 3 (wordlist-1=4,wordlist-2=3,wordlist-3=3)
curiosity	n	3	band	pending	2026-09-16	panel median 3 (wordlist-1=3,wordlist-2=3,wordlist-3=2)
curiously	adv	3	band	pending	2026-09-16	panel median 3 (wordlist-1=4,wordlist-2=3,wordlist-3=2)
currently	adv	2	band	pending	2026-09-16	panel median 2 (wordlist-1=2,wordlist-2=2,wordlist-3=2); referenced by actually-adv
curriculum	n	3	band	pending	2026-09-16	panel median 3 (wordlist-1=3,wordlist-2=2,wordlist-3=3)
cushion	n	2	band	pending	2026-09-16	panel median 2 (wordlist-1=3,wordlist-2=2,wordlist-3=1)
customary	adj	3	band	pending	2026-09-16	panel median 3 (wordlist-1=4,wordlist-2=3,wordlist-3=2); referenced by custom-n
customs	n	2	band	pending	2026-09-16	panel median 2 (wordlist-1=3,wordlist-2=2,wordlist-3=2); referenced by custom-n
cute	adj	2	band	pending	2026-09-16	panel median 2 (wordlist-1=2,wordlist-2=1,wordlist-3=2)
cutlery	n	3	band	pending	2026-09-16	panel median 3 (wordlist-1=4,wordlist-2=3,wordlist-3=3)
cv	abbr	3	band	pending	2026-09-16	panel median 3 (wordlist-1=3,wordlist-2=2,wordlist-3=4)
cycle	v	2	band	pending	2026-09-16	panel median 2 (wordlist-1=3,wordlist-2=2,wordlist-3=2); referenced by bicycle-v
cyclist	n	3	band	pending	2026-09-16	panel median 3 (wordlist-1=4,wordlist-2=3,wordlist-3=3); referenced by bicycle-n
cyclone	n	3	band	pending	2026-09-16	panel median 3 (wordlist-1=4,wordlist-2=3,wordlist-3=3)
dairy	n	2	band	pending	2026-09-16	panel median 2 (wordlist-1=3,wordlist-2=2,wordlist-3=2)
damn	interj	2	band	pending	2026-09-16	panel median 2 (wordlist-1=3,wordlist-2=1,wordlist-3=2)
damp	adj	3	band	pending	2026-09-16	panel median 3 (wordlist-1=3,wordlist-2=3,wordlist-3=2)
dancer	n	2	band	pending	2026-09-16	panel median 2 (wordlist-1=2,wordlist-2=2,wordlist-3=2); referenced by dance-v; referenced by dance-n
dangerously	adv	3	band	pending	2026-09-16	panel median 3 (wordlist-1=3,wordlist-2=3,wordlist-3=2); referenced by danger-n
darken	v	3	band	pending	2026-09-16	panel median 3 (wordlist-1=3,wordlist-2=3,wordlist-3=3); referenced by dark-n
database	n	2	band	pending	2026-09-16	panel median 2 (wordlist-1=3,wordlist-2=2,wordlist-3=2); referenced by data-n
deadline	n	2	band	pending	2026-09-16	panel median 2 (wordlist-1=2,wordlist-2=2,wordlist-3=2); referenced by line-n
decline	n	2	band	pending	2026-09-16	panel median 2 (wordlist-1=3,wordlist-2=2,wordlist-3=2); referenced by growth-n; referenced by improvement-n
decline	v	2	band	pending	2026-09-16	panel median 2 (wordlist-1=3,wordlist-2=2,wordlist-3=2)
deficit	n	3	band	pending	2026-09-16	panel median 3 (wordlist-1=3,wordlist-2=3,wordlist-3=2)
delayed	adj	3	band	pending	2026-09-16	panel median 3 (wordlist-1=3,wordlist-2=2,wordlist-3=3)
delight	n	3	band	pending	2026-09-16	panel median 3 (wordlist-1=3,wordlist-2=3,wordlist-3=2)
delight	v	3	band	pending	2026-09-16	panel median 3 (wordlist-1=3,wordlist-2=3,wordlist-3=2)
delighted	adj	2	band	pending	2026-09-16	panel median 2 (wordlist-1=2,wordlist-2=2,wordlist-3=2)
demanding	adj	3	band	pending	2026-09-16	panel median 3 (wordlist-1=3,wordlist-2=3,wordlist-3=2); referenced by demand-n
democratic	adj	2	band	pending	2026-09-16	panel median 2 (wordlist-1=3,wordlist-2=2,wordlist-3=2); referenced by democracy-n
demolish	v	3	band	pending	2026-09-16	panel median 3 (wordlist-1=3,wordlist-2=3,wordlist-3=3)
demonstrate	v	2	band	pending	2026-09-16	panel median 2 (wordlist-1=2,wordlist-2=2,wordlist-3=2); referenced by show-v
demonstration	n	2	band	pending	2026-09-16	panel median 2 (wordlist-1=3,wordlist-2=2,wordlist-3=2); referenced by protest-n
denim	n	3	band	pending	2026-09-16	panel median 3 (wordlist-1=3,wordlist-2=3,wordlist-3=3)
dense	adj	3	band	pending	2026-09-16	panel median 3 (wordlist-1=3,wordlist-2=3,wordlist-3=2)
density	n	3	band	pending	2026-09-16	panel median 3 (wordlist-1=4,wordlist-2=3,wordlist-3=3)
depart	v	3	band	pending	2026-09-16	panel median 3 (wordlist-1=3,wordlist-2=3,wordlist-3=3); referenced by go-v
departure	n	2	band	pending	2026-09-16	panel median 2 (wordlist-1=3,wordlist-2=2,wordlist-3=2)
dependent	adj	2	band	pending	2026-09-16	panel median 2 (wordlist-1=3,wordlist-2=2,wordlist-3=2); referenced by depend-v
depressed	adj	2	band	pending	2026-09-16	panel median 2 (wordlist-1=3,wordlist-2=2,wordlist-3=2)
depression	n	2	band	pending	2026-09-16	panel median 2 (wordlist-1=2,wordlist-2=2,wordlist-3=2)
descend	v	3	band	pending	2026-09-16	panel median 3 (wordlist-1=3,wordlist-2=3,wordlist-3=2); referenced by climb-v
descendant	n	3	band	pending	2026-09-16	panel median 3 (wordlist-1=3,wordlist-2=3,wordlist-3=3)
dessert	n	2	band	pending	2026-09-16	panel median 2 (wordlist-1=2,wordlist-2=2,wordlist-3=2); referenced by desert-n
destination	n	2	band	pending	2026-09-16	panel median 2 (wordlist-1=2,wordlist-2=2,wordlist-3=2)
detergent	n	3	band	pending	2026-09-16	panel median 3 (wordlist-1=3,wordlist-2=3,wordlist-3=3)
deteriorate	v	3	band	pending	2026-09-16	panel median 3 (wordlist-1=4,wordlist-2=3,wordlist-3=3)
determined	adj	2	band	pending	2026-09-16	panel median 2 (wordlist-1=2,wordlist-2=2,wordlist-3=2)
diabetes	n	3	band	pending	2026-09-16	panel median 3 (wordlist-1=3,wordlist-2=2,wordlist-3=3)
diagnosis	n	3	band	pending	2026-09-16	panel median 3 (wordlist-1=3,wordlist-2=3,wordlist-3=3)
dialect	n	3	band	pending	2026-09-16	panel median 3 (wordlist-1=3,wordlist-2=3,wordlist-3=3)
diet	n	2	band	pending	2026-09-16	panel median 2 (wordlist-1=2,wordlist-2=1,wordlist-3=2)
differentiate	v	3	band	pending	2026-09-16	panel median 3 (wordlist-1=3,wordlist-2=3,wordlist-3=3)
digest	v	3	band	pending	2026-09-16	panel median 3 (wordlist-1=4,wordlist-2=3,wordlist-3=3)
dim	adj	3	band	pending	2026-09-16	panel median 3 (wordlist-1=3,wordlist-2=3,wordlist-3=2)
dimension	n	2	band	pending	2026-09-16	panel median 2 (wordlist-1=3,wordlist-2=2,wordlist-3=2)
dip	n	3	band	pending	2026-09-16	panel median 3 (wordlist-1=3,wordlist-2=3,wordlist-3=2)
dip	v	2	band	pending	2026-09-16	panel median 2 (wordlist-1=3,wordlist-2=2,wordlist-3=2)
diplomacy	n	3	band	pending	2026-09-16	panel median 3 (wordlist-1=4,wordlist-2=3,wordlist-3=3)
diplomatic	adj	3	band	pending	2026-09-16	panel median 3 (wordlist-1=4,wordlist-2=3,wordlist-3=3)
director	n	1	band	done	2026-09-16	panel median 1 (wordlist-1=2,wordlist-2=1,wordlist-3=1)
discipline	n	2	band	pending	2026-09-16	panel median 2 (wordlist-1=3,wordlist-2=2,wordlist-3=2)
discipline	v	3	band	pending	2026-09-16	panel median 3 (wordlist-1=3,wordlist-2=3,wordlist-3=3)
disconnect	v	3	band	pending	2026-09-16	panel median 3 (wordlist-1=3,wordlist-2=2,wordlist-3=3); referenced by connect-v
discriminate	v	3	band	pending	2026-09-16	panel median 3 (wordlist-1=3,wordlist-2=3,wordlist-3=3)
discrimination	n	2	band	pending	2026-09-16	panel median 2 (wordlist-1=3,wordlist-2=2,wordlist-3=2)
dishwasher	n	2	band	pending	2026-09-16	panel median 2 (wordlist-1=3,wordlist-2=2,wordlist-3=2); referenced by dish-n
dismiss	v	2	band	pending	2026-09-16	panel median 2 (wordlist-1=3,wordlist-2=2,wordlist-3=2); referenced by employ-v; referenced by fire-v; referenced by hire-v
disorder	n	2	band	pending	2026-09-16	panel median 2 (wordlist-1=3,wordlist-2=2,wordlist-3=2); referenced by order-n
dispute	n	3	band	pending	2026-09-16	panel median 3 (wordlist-1=3,wordlist-2=2,wordlist-3=3); referenced by conflict-n
dispute	v	3	band	pending	2026-09-16	panel median 3 (wordlist-1=3,wordlist-2=3,wordlist-3=3)
distinguish	v	2	band	pending	2026-09-16	panel median 2 (wordlist-1=3,wordlist-2=2,wordlist-3=2); referenced by tell-v
district	n	2	band	pending	2026-09-16	panel median 2 (wordlist-1=3,wordlist-2=2,wordlist-3=2); referenced by area-n; referenced by quarter-n
diy	abbr	3	band	pending	2026-09-16	panel median 3 (wordlist-1=3,wordlist-2=2,wordlist-3=4)
dizzy	adj	3	band	pending	2026-09-16	panel median 3 (wordlist-1=3,wordlist-2=3,wordlist-3=3)
dock	n	3	band	pending	2026-09-16	panel median 3 (wordlist-1=3,wordlist-2=3,wordlist-3=3)
document	n	2	band	done	2026-09-16	panel median 2 (wordlist-1=2,wordlist-2=2,wordlist-3=2)
dough	n	3	band	pending	2026-09-16	panel median 3 (wordlist-1=3,wordlist-2=3,wordlist-3=3)
dr	abbr	1	band	pending	2026-09-16	panel median 1 (wordlist-1=1,wordlist-2=1,wordlist-3=2)
drag	v	2	band	pending	2026-09-16	panel median 2 (wordlist-1=2,wordlist-2=2,wordlist-3=2); referenced by pull-v
drain	n	3	band	pending	2026-09-16	panel median 3 (wordlist-1=3,wordlist-2=3,wordlist-3=3)
drain	v	3	band	pending	2026-09-16	panel median 3 (wordlist-1=3,wordlist-2=3,wordlist-3=3)
dreadful	adj	3	band	pending	2026-09-16	panel median 3 (wordlist-1=3,wordlist-2=3,wordlist-3=3)
dreadfully	adv	3	band	pending	2026-09-16	panel median 3 (wordlist-1=4,wordlist-2=3,wordlist-3=3)
dress up	phrv	2	band	pending	2026-09-16	panel median 2 (wordlist-1=3,wordlist-2=2,wordlist-3=2); referenced by dress-v
drift	v	3	band	pending	2026-09-16	panel median 3 (wordlist-1=3,wordlist-2=3,wordlist-3=3); referenced by float-v
drink up	phrv	3	band	pending	2026-09-16	panel median 3 (wordlist-1=3,wordlist-2=3,wordlist-3=2); referenced by drink-v
driveway	n	3	band	pending	2026-09-16	panel median 3 (wordlist-1=3,wordlist-2=3,wordlist-3=3); referenced by way-n; referenced by drive-n
drop off	phrv	2	band	pending	2026-09-16	panel median 2 (wordlist-1=2,wordlist-2=2,wordlist-3=2); referenced by pick-up-phrv; referenced by drop-v
drought	n	3	band	pending	2026-09-16	panel median 3 (wordlist-1=3,wordlist-2=3,wordlist-3=3)
dryer	n	3	band	pending	2026-09-16	panel median 3 (wordlist-1=3,wordlist-2=2,wordlist-3=3); referenced by dry-v
durable	adj	3	band	pending	2026-09-16	panel median 3 (wordlist-1=3,wordlist-2=3,wordlist-3=3)
dusk	n	3	band	pending	2026-09-16	panel median 3 (wordlist-1=3,wordlist-2=3,wordlist-3=3); referenced by evening-n
duvet	n	3	band	pending	2026-09-16	panel median 3 (wordlist-1=4,wordlist-2=3,wordlist-3=3)
earring	n	3	band	pending	2026-09-16	panel median 3 (wordlist-1=3,wordlist-2=3,wordlist-3=3); referenced by ear-n; referenced by ring-n
earthquake	n	2	band	pending	2026-09-16	panel median 2 (wordlist-1=2,wordlist-2=2,wordlist-3=2); referenced by earth-n
eat up	phrv	3	band	pending	2026-09-16	panel median 3 (wordlist-1=3,wordlist-2=3,wordlist-3=2); referenced by eat-v
ecosystem	n	3	band	pending	2026-09-16	panel median 3 (wordlist-1=3,wordlist-2=2,wordlist-3=3)
edible	adj	3	band	pending	2026-09-16	panel median 3 (wordlist-1=3,wordlist-2=3,wordlist-3=3)
edit	v	2	band	pending	2026-09-16	panel median 2 (wordlist-1=3,wordlist-2=2,wordlist-3=2)
edition	n	2	band	pending	2026-09-16	panel median 2 (wordlist-1=3,wordlist-2=2,wordlist-3=2)
elastic	adj	3	band	pending	2026-09-16	panel median 3 (wordlist-1=3,wordlist-2=3,wordlist-3=2)
elsewhere	adv	2	band	pending	2026-09-16	panel median 2 (wordlist-1=3,wordlist-2=2,wordlist-3=2)
embarrass	v	2	band	pending	2026-09-16	panel median 2 (wordlist-1=3,wordlist-2=2,wordlist-3=2)
embassy	n	3	band	pending	2026-09-16	panel median 3 (wordlist-1=4,wordlist-2=3,wordlist-3=2)
emerge	v	2	band	pending	2026-09-16	panel median 2 (wordlist-1=3,wordlist-2=2,wordlist-3=2)
emphasize	v	2	band	pending	2026-09-16	panel median 2 (wordlist-1=3,wordlist-2=2,wordlist-3=2)
empirical	adj	3	band	pending	2026-09-16	panel median 3 (wordlist-1=4,wordlist-2=3,wordlist-3=3)
endangered	adj	3	band	pending	2026-09-16	panel median 3 (wordlist-1=3,wordlist-2=3,wordlist-3=3); referenced by danger-n
enormous	adj	2	band	pending	2026-09-16	panel median 2 (wordlist-1=2,wordlist-2=2,wordlist-3=2)
enthusiasm	n	2	band	pending	2026-09-16	panel median 2 (wordlist-1=3,wordlist-2=2,wordlist-3=2); referenced by passion-n
enthusiastic	adj	2	band	pending	2026-09-16	panel median 2 (wordlist-1=3,wordlist-2=2,wordlist-3=2)
epidemic	n	3	band	pending	2026-09-16	panel median 3 (wordlist-1=3,wordlist-2=3,wordlist-3=3)
equation	n	3	band	pending	2026-09-16	panel median 3 (wordlist-1=3,wordlist-2=3,wordlist-3=3)
er	interj	1	band	pending	2026-09-16	panel median 1 (wordlist-1=1,wordlist-2=1,wordlist-3=4)
era	n	2	band	pending	2026-09-16	panel median 2 (wordlist-1=3,wordlist-2=2,wordlist-3=2)
erosion	n	3	band	pending	2026-09-16	panel median 3 (wordlist-1=4,wordlist-2=3,wordlist-3=3)
errand	n	3	band	pending	2026-09-16	panel median 3 (wordlist-1=3,wordlist-2=3,wordlist-3=3)
erupt	v	3	band	pending	2026-09-16	panel median 3 (wordlist-1=4,wordlist-2=3,wordlist-3=3)
essential	adj	2	band	pending	2026-09-16	panel median 2 (wordlist-1=2,wordlist-2=2,wordlist-3=2)
estate	n	2	band	pending	2026-09-16	panel median 2 (wordlist-1=3,wordlist-2=2,wordlist-3=2)
estimate	n	2	band	pending	2026-09-16	panel median 2 (wordlist-1=3,wordlist-2=2,wordlist-3=2); referenced by guess-n
estimate	v	2	band	pending	2026-09-16	panel median 2 (wordlist-1=3,wordlist-2=2,wordlist-3=2); referenced by guess-v; referenced by judge-v
ethical	adj	3	band	pending	2026-09-16	panel median 3 (wordlist-1=3,wordlist-2=2,wordlist-3=3)
ethics	n	3	band	pending	2026-09-16	panel median 3 (wordlist-1=3,wordlist-2=2,wordlist-3=3)
evaluate	v	2	band	pending	2026-09-16	panel median 2 (wordlist-1=3,wordlist-2=2,wordlist-3=2)
evaluation	n	3	band	pending	2026-09-16	panel median 3 (wordlist-1=3,wordlist-2=3,wordlist-3=2)
evaporate	v	3	band	pending	2026-09-16	panel median 3 (wordlist-1=4,wordlist-2=3,wordlist-3=3)
excellent	adj	2	band	pending	2026-09-16	panel median 2 (wordlist-1=2,wordlist-2=1,wordlist-3=2); referenced by good-adj
exceptional	adj	3	band	pending	2026-09-16	panel median 3 (wordlist-1=3,wordlist-2=3,wordlist-3=3); referenced by exception-n
exceptionally	adv	3	band	pending	2026-09-16	panel median 3 (wordlist-1=3,wordlist-2=3,wordlist-3=3)
excessively	adv	3	band	pending	2026-09-16	panel median 3 (wordlist-1=3,wordlist-2=3,wordlist-3=3)
executive	n	2	band	pending	2026-09-16	panel median 2 (wordlist-1=3,wordlist-2=2,wordlist-3=2)
expansion	n	2	band	pending	2026-09-16	panel median 2 (wordlist-1=3,wordlist-2=2,wordlist-3=2); referenced by expand-v; referenced by growth-n
extent	n	2	band	pending	2026-09-16	panel median 2 (wordlist-1=3,wordlist-2=2,wordlist-3=2); referenced by degree-n; referenced by scale-n
extinct	adj	3	band	pending	2026-09-16	panel median 3 (wordlist-1=3,wordlist-2=3,wordlist-3=3)
extinction	n	3	band	pending	2026-09-16	panel median 3 (wordlist-1=3,wordlist-2=3,wordlist-3=3)
extract	v	3	band	pending	2026-09-16	panel median 3 (wordlist-1=3,wordlist-2=3,wordlist-3=3)
facility	n	2	band	pending	2026-09-16	panel median 2 (wordlist-1=3,wordlist-2=2,wordlist-3=2)
factor	n	2	band	pending	2026-09-16	panel median 2 (wordlist-1=2,wordlist-2=2,wordlist-3=2)
faculty	n	3	band	pending	2026-09-16	panel median 3 (wordlist-1=3,wordlist-2=3,wordlist-3=2)
fade	v	2	band	pending	2026-09-16	panel median 2 (wordlist-1=3,wordlist-2=2,wordlist-3=2); referenced by discolor-v
faint	v	3	band	pending	2026-09-16	panel median 3 (wordlist-1=4,wordlist-2=3,wordlist-3=3)
fall apart	phrv	2	band	pending	2026-09-16	panel median 2 (wordlist-1=2,wordlist-2=2,wordlist-3=2); referenced by fall-v
faq	abbr	3	band	pending	2026-09-16	panel median 3 (wordlist-1=3,wordlist-2=2,wordlist-3=4)
fare	n	2	band	pending	2026-09-16	panel median 2 (wordlist-1=3,wordlist-2=2,wordlist-3=2); referenced by fee-n
farmer	n	1	band	done	2026-09-16	panel median 1 (wordlist-1=2,wordlist-2=1,wordlist-3=1); referenced by farm-v
fatal	adj	2	band	pending	2026-09-16	panel median 2 (wordlist-1=3,wordlist-2=2,wordlist-3=2)
father-in-law	n	3	band	pending	2026-09-16	panel median 3 (wordlist-1=3,wordlist-2=3,wordlist-3=2)
fatigue	n	2	band	pending	2026-09-16	panel median 2 (wordlist-1=3,wordlist-2=2,wordlist-3=2)
feast	n	3	band	pending	2026-09-16	panel median 3 (wordlist-1=3,wordlist-2=3,wordlist-3=2)
ferment	v	3	band	pending	2026-09-16	panel median 3 (wordlist-1=4,wordlist-2=3,wordlist-3=3)
ferry	n	2	band	pending	2026-09-16	panel median 2 (wordlist-1=3,wordlist-2=2,wordlist-3=2)
fertile	adj	3	band	pending	2026-09-16	panel median 3 (wordlist-1=3,wordlist-2=3,wordlist-3=2)
fertilizer	n	3	band	pending	2026-09-16	panel median 3 (wordlist-1=3,wordlist-2=3,wordlist-3=2)
fiancé	n	3	band	pending	2026-09-16	panel median 3 (wordlist-1=3,wordlist-2=2,wordlist-3=3)
fiancée	n	3	band	pending	2026-09-16	panel median 3 (wordlist-1=3,wordlist-2=2,wordlist-3=3)
fiber	n	2	band	done	2026-09-16	panel median 2 (wordlist-1=3,wordlist-2=2,wordlist-3=2)
fiction	n	2	band	pending	2026-09-16	panel median 2 (wordlist-1=3,wordlist-2=2,wordlist-3=2); referenced by fact-n; referenced by novel-n; referenced by invention-n
fill out	phrv	2	band	pending	2026-09-16	panel median 2 (wordlist-1=2,wordlist-2=2,wordlist-3=2); referenced by fill-v
fin	n	3	band	pending	2026-09-16	panel median 3 (wordlist-1=3,wordlist-2=3,wordlist-3=3)
finding	n	2	band	pending	2026-09-16	panel median 2 (wordlist-1=3,wordlist-2=2,wordlist-3=2); referenced by find-v
first aid	n	2	band	pending	2026-09-16	panel median 2 (wordlist-1=3,wordlist-2=2,wordlist-3=2)
flavor	v	3	band	pending	2026-09-16	panel median 3 (wordlist-1=4,wordlist-2=3,wordlist-3=3); referenced by flavor-n
flawed	adj	3	band	pending	2026-09-16	panel median 3 (wordlist-1=3,wordlist-2=3,wordlist-3=2)
fleece	n	3	band	pending	2026-09-16	panel median 3 (wordlist-1=4,wordlist-2=3,wordlist-3=3)
flexibility	n	2	band	pending	2026-09-16	panel median 2 (wordlist-1=3,wordlist-2=2,wordlist-3=2)
flock	n	3	band	pending	2026-09-16	panel median 3 (wordlist-1=3,wordlist-2=3,wordlist-3=2); referenced by pack-n
flock	v	3	band	pending	2026-09-16	panel median 3 (wordlist-1=4,wordlist-2=3,wordlist-3=3)
floral	adj	3	band	pending	2026-09-16	panel median 3 (wordlist-1=4,wordlist-2=3,wordlist-3=3)
florist	n	3	band	pending	2026-09-16	panel median 3 (wordlist-1=4,wordlist-2=3,wordlist-3=3)
flour	n	2	band	pending	2026-09-16	panel median 2 (wordlist-1=3,wordlist-2=2,wordlist-3=2); referenced by bread-n; used in bread-n senses[0].definition; pos guessed (no morphological signal), check before claiming; used in cake-n senses[0].definition; pos guessed (no morphological signal), check before claiming; used in bread-n senses[0].definition; also in 1 other entry; pos guessed (no morphological signal), check before claiming; used in corn-n senses[0].definition; pos guessed (no morphological signal), check before claiming; used in bread-n senses[0].definition; also in 2 other entries; pos guessed (no morphological signal), check before claiming; referenced by grain-n
foggy	adj	3	band	pending	2026-09-16	panel median 3 (wordlist-1=3,wordlist-2=3,wordlist-3=2); referenced by fog-n
follower	n	2	band	pending	2026-09-16	panel median 2 (wordlist-1=2,wordlist-2=2,wordlist-3=2); referenced by follow-v
forecast	n	2	band	pending	2026-09-16	panel median 2 (wordlist-1=2,wordlist-2=2,wordlist-3=2)
forecast	v	3	band	pending	2026-09-16	panel median 3 (wordlist-1=3,wordlist-2=3,wordlist-3=2)
forgiveness	n	3	band	pending	2026-09-16	panel median 3 (wordlist-1=3,wordlist-2=3,wordlist-3=2); referenced by forgive-v
format	n	2	band	pending	2026-09-16	panel median 2 (wordlist-1=2,wordlist-2=2,wordlist-3=2); referenced by form-n
format	v	3	band	pending	2026-09-16	panel median 3 (wordlist-1=3,wordlist-2=3,wordlist-3=2)
formula	n	2	band	pending	2026-09-16	panel median 2 (wordlist-1=3,wordlist-2=2,wordlist-3=2); referenced by recipe-n
fountain	n	2	band	pending	2026-09-16	panel median 2 (wordlist-1=3,wordlist-2=2,wordlist-3=2)
foyer	n	3	band	pending	2026-09-16	panel median 3 (wordlist-1=4,wordlist-2=3,wordlist-3=3)
fraction	n	2	band	pending	2026-09-16	panel median 2 (wordlist-1=3,wordlist-2=2,wordlist-3=2)
fracture	n	3	band	pending	2026-09-16	panel median 3 (wordlist-1=4,wordlist-2=3,wordlist-3=3)
fracture	v	3	band	pending	2026-09-16	panel median 3 (wordlist-1=4,wordlist-2=3,wordlist-3=3)
fragile	adj	2	band	pending	2026-09-16	panel median 2 (wordlist-1=3,wordlist-2=2,wordlist-3=2)
fragrance	n	3	band	pending	2026-09-16	panel median 3 (wordlist-1=4,wordlist-2=3,wordlist-3=2)
fragrant	adj	3	band	pending	2026-09-16	panel median 3 (wordlist-1=4,wordlist-2=3,wordlist-3=3)
framework	n	2	band	pending	2026-09-16	panel median 2 (wordlist-1=3,wordlist-2=2,wordlist-3=2); referenced by frame-n
frankly	adv	2	band	pending	2026-09-16	panel median 2 (wordlist-1=3,wordlist-2=2,wordlist-3=2)
freckle	n	3	band	pending	2026-09-16	panel median 3 (wordlist-1=4,wordlist-2=3,wordlist-3=3)
frequently	adv	2	band	pending	2026-09-16	panel median 2 (wordlist-1=2,wordlist-2=2,wordlist-3=2)
freshly	adv	3	band	pending	2026-09-16	panel median 3 (wordlist-1=3,wordlist-2=3,wordlist-3=3)
friction	n	3	band	pending	2026-09-16	panel median 3 (wordlist-1=3,wordlist-2=3,wordlist-3=2)
frustrated	adj	2	band	pending	2026-09-16	panel median 2 (wordlist-1=3,wordlist-2=2,wordlist-3=2)
function	v	2	band	pending	2026-09-16	panel median 2 (wordlist-1=3,wordlist-2=2,wordlist-3=2); referenced by run-v; referenced by work-v
fundamental	adj	2	band	pending	2026-09-16	panel median 2 (wordlist-1=3,wordlist-2=2,wordlist-3=2)
fundamentally	adv	3	band	pending	2026-09-16	panel median 3 (wordlist-1=3,wordlist-2=3,wordlist-3=2)
fungus	n	3	band	pending	2026-09-16	panel median 3 (wordlist-1=4,wordlist-2=3,wordlist-3=3)
furnish	v	3	band	pending	2026-09-16	panel median 3 (wordlist-1=4,wordlist-2=3,wordlist-3=3); referenced by furniture-n
furnished	adj	3	band	pending	2026-09-16	panel median 3 (wordlist-1=4,wordlist-2=3,wordlist-3=3); referenced by furniture-n
fyi	abbr	3	band	pending	2026-09-16	panel median 3 (wordlist-1=3,wordlist-2=2,wordlist-3=3)
g	abbr	3	band	pending	2026-09-16	panel median 3 (wordlist-1=3,wordlist-2=2,wordlist-3=3)
gallery	n	2	band	pending	2026-09-16	panel median 2 (wordlist-1=3,wordlist-2=2,wordlist-3=2); referenced by museum-n
garlic	n	2	band	pending	2026-09-16	panel median 2 (wordlist-1=3,wordlist-2=2,wordlist-3=2)
garment	n	3	band	pending	2026-09-16	panel median 3 (wordlist-1=4,wordlist-2=3,wordlist-3=3)
gauge	v	3	band	pending	2026-09-16	panel median 3 (wordlist-1=4,wordlist-2=3,wordlist-3=3)
gaze	n	3	band	pending	2026-09-16	panel median 3 (wordlist-1=4,wordlist-2=3,wordlist-3=3)
gaze	v	3	band	pending	2026-09-16	panel median 3 (wordlist-1=3,wordlist-2=3,wordlist-3=3)
gdp	abbr	3	band	pending	2026-09-16	panel median 3 (wordlist-1=3,wordlist-2=3,wordlist-3=3)
genius	n	2	band	pending	2026-09-16	panel median 2 (wordlist-1=3,wordlist-2=2,wordlist-3=2); referenced by fool-n; referenced by mind-n
genuine	adj	2	band	pending	2026-09-16	panel median 2 (wordlist-1=3,wordlist-2=2,wordlist-3=2)
genuinely	adv	2	band	pending	2026-09-16	panel median 2 (wordlist-1=3,wordlist-2=2,wordlist-3=2)
geo-	comb	3	band	pending	2026-09-16	panel median 3 (wordlist-1=5,wordlist-2=3,wordlist-3=3)
given	conj	3	band	pending	2026-09-16	panel median 3 (wordlist-1=3,wordlist-2=3,wordlist-3=3)
given	prep	2	band	pending	2026-09-16	panel median 2 (wordlist-1=2,wordlist-2=2,wordlist-3=3)
glacier	n	3	band	pending	2026-09-16	panel median 3 (wordlist-1=4,wordlist-2=3,wordlist-3=3)
glance	n	2	band	pending	2026-09-16	panel median 2 (wordlist-1=3,wordlist-2=2,wordlist-3=2); referenced by look-n
glance	v	2	band	pending	2026-09-16	panel median 2 (wordlist-1=3,wordlist-2=2,wordlist-3=2)
gland	n	3	band	pending	2026-09-16	panel median 3 (wordlist-1=4,wordlist-2=3,wordlist-3=3)
glare	n	3	band	pending	2026-09-16	panel median 3 (wordlist-1=4,wordlist-2=3,wordlist-3=3)
glare	v	3	band	pending	2026-09-16	panel median 3 (wordlist-1=4,wordlist-2=3,wordlist-3=3)
glimpse	n	3	band	pending	2026-09-16	panel median 3 (wordlist-1=3,wordlist-2=3,wordlist-3=2)
glimpse	v	3	band	pending	2026-09-16	panel median 3 (wordlist-1=3,wordlist-2=3,wordlist-3=2)
gloomy	adj	3	band	pending	2026-09-16	panel median 3 (wordlist-1=3,wordlist-2=3,wordlist-3=3)
gloves	n	2	band	pending	2026-09-16	panel median 2 (wordlist-1=3,wordlist-2=2,wordlist-3=2)
go in	phrv	2	band	pending	2026-09-16	panel median 2 (wordlist-1=2,wordlist-2=1,wordlist-3=2)
go to bed	phr	2	band	pending	2026-09-16	panel median 2 (wordlist-1=2,wordlist-2=1,wordlist-3=2)
gosh	interj	3	band	pending	2026-09-16	panel median 3 (wordlist-1=3,wordlist-2=3,wordlist-3=3)
gps	abbr	2	band	pending	2026-09-16	panel median 2 (wordlist-1=2,wordlist-2=2,wordlist-3=3)
grab	n	3	band	pending	2026-09-16	panel median 3 (wordlist-1=4,wordlist-2=3,wordlist-3=2)
grab	v	2	band	pending	2026-09-16	panel median 2 (wordlist-1=2,wordlist-2=2,wordlist-3=2); referenced by take-v; referenced by bag-v
grace	n	2	band	pending	2026-09-16	panel median 2 (wordlist-1=3,wordlist-2=2,wordlist-3=2)
gradually	adv	2	band	pending	2026-09-16	panel median 2 (wordlist-1=3,wordlist-2=2,wordlist-3=2)
graduate	v	2	band	pending	2026-09-16	panel median 2 (wordlist-1=3,wordlist-2=2,wordlist-3=2)
grasp	n	3	band	pending	2026-09-16	panel median 3 (wordlist-1=3,wordlist-2=3,wordlist-3=2)
grasp	v	2	band	pending	2026-09-16	panel median 2 (wordlist-1=3,wordlist-2=2,wordlist-3=2)
grate	v	3	band	pending	2026-09-16	panel median 3 (wordlist-1=4,wordlist-2=3,wordlist-3=3)
gratitude	n	3	band	pending	2026-09-16	panel median 3 (wordlist-1=3,wordlist-2=3,wordlist-3=2)
graveyard	n	3	band	pending	2026-09-16	panel median 3 (wordlist-1=3,wordlist-2=3,wordlist-3=3); referenced by grave-n
gravy	n	3	band	pending	2026-09-16	panel median 3 (wordlist-1=3,wordlist-2=3,wordlist-3=3); referenced by sauce-n
graze	v	3	band	pending	2026-09-16	panel median 3 (wordlist-1=4,wordlist-2=3,wordlist-3=3)
greasy	adj	3	band	pending	2026-09-16	panel median 3 (wordlist-1=3,wordlist-2=3,wordlist-3=3)
greedy	adj	3	band	pending	2026-09-16	panel median 3 (wordlist-1=3,wordlist-2=3,wordlist-3=3)
greenhouse	n	3	band	pending	2026-09-16	panel median 3 (wordlist-1=3,wordlist-2=3,wordlist-3=3); referenced by house-n
greetings	interj	2	band	pending	2026-09-16	panel median 2 (wordlist-1=4,wordlist-2=2,wordlist-3=1)
greetings	n	3	band	pending	2026-09-16	panel median 3 (wordlist-1=3,wordlist-2=3,wordlist-3=3)
gray	adj	1	band	done	2026-09-16	panel median 1 (wordlist-1=2,wordlist-2=1,wordlist-3=1)
grieve	v	3	band	pending	2026-09-16	panel median 3 (wordlist-1=4,wordlist-2=3,wordlist-3=3)
grill	n	3	band	pending	2026-09-16	panel median 3 (wordlist-1=3,wordlist-2=2,wordlist-3=3)
grill	v	3	band	pending	2026-09-16	panel median 3 (wordlist-1=3,wordlist-2=2,wordlist-3=3)
grip	n	2	band	pending	2026-09-16	panel median 2 (wordlist-1=3,wordlist-2=2,wordlist-3=2)
grip	v	2	band	pending	2026-09-16	panel median 2 (wordlist-1=3,wordlist-2=2,wordlist-3=2)
groom	v	3	band	pending	2026-09-16	panel median 3 (wordlist-1=4,wordlist-2=3,wordlist-3=3)
guitar	n	2	band	pending	2026-09-16	panel median 2 (wordlist-1=2,wordlist-2=2,wordlist-3=2); used in instrument-n senses[0].definition; pos guessed (no morphological signal), check before claiming
gulf	n	3	band	pending	2026-09-16	panel median 3 (wordlist-1=3,wordlist-2=3,wordlist-3=3)
gutter	n	3	band	pending	2026-09-16	panel median 3 (wordlist-1=3,wordlist-2=3,wordlist-3=3)
habitat	n	3	band	pending	2026-09-16	panel median 3 (wordlist-1=3,wordlist-2=3,wordlist-3=3)
hail	n	3	band	pending	2026-09-16	panel median 3 (wordlist-1=4,wordlist-2=3,wordlist-3=3)
hallway	n	3	band	pending	2026-09-16	panel median 3 (wordlist-1=3,wordlist-2=2,wordlist-3=3); referenced by way-n; referenced by hall-n
hammer	n	2	band	pending	2026-09-16	panel median 2 (wordlist-1=2,wordlist-2=2,wordlist-3=2)
handbag	n	3	band	pending	2026-09-16	panel median 3 (wordlist-1=3,wordlist-2=3,wordlist-3=3); referenced by hand-n; referenced by bag-n; referenced by purse-n
hanger	n	3	band	pending	2026-09-16	panel median 3 (wordlist-1=3,wordlist-2=3,wordlist-3=3); referenced by hang-v
happen to	phrv	2	band	pending	2026-09-16	panel median 2 (wordlist-1=2,wordlist-2=2,wordlist-3=2)
harbor	n	3	band	pending	2026-09-16	panel median 3 (wordlist-1=3,wordlist-2=2,wordlist-3=3); referenced by port-n
harden	v	3	band	pending	2026-09-16	panel median 3 (wordlist-1=3,wordlist-2=3,wordlist-3=3)
hardware	n	3	band	pending	2026-09-16	panel median 3 (wordlist-1=3,wordlist-2=2,wordlist-3=3); referenced by software-n
hardware store	n	3	band	pending	2026-09-16	panel median 3 (wordlist-1=4,wordlist-2=3,wordlist-3=3)
harsh	adj	3	band	pending	2026-09-16	panel median 3 (wordlist-1=3,wordlist-2=2,wordlist-3=3)
hatch	v	3	band	pending	2026-09-16	panel median 3 (wordlist-1=4,wordlist-2=3,wordlist-3=3)
haul	v	3	band	pending	2026-09-16	panel median 3 (wordlist-1=3,wordlist-2=3,wordlist-3=3)
headline	n	2	band	pending	2026-09-16	panel median 2 (wordlist-1=2,wordlist-2=2,wordlist-3=3); referenced by head-n; referenced by line-n
headquarters	n	2	band	pending	2026-09-16	panel median 2 (wordlist-1=3,wordlist-2=2,wordlist-3=2); referenced by head-n
heart attack	n	3	band	pending	2026-09-16	panel median 3 (wordlist-1=3,wordlist-2=2,wordlist-3=3); referenced by heart-n
heel	n	2	band	pending	2026-09-16	panel median 2 (wordlist-1=3,wordlist-2=2,wordlist-3=2); referenced by foot-n
hemisphere	n	3	band	pending	2026-09-16	panel median 3 (wordlist-1=4,wordlist-2=3,wordlist-3=3)
herd	n	3	band	pending	2026-09-16	panel median 3 (wordlist-1=3,wordlist-2=3,wordlist-3=3); referenced by pack-n
hesitate	v	2	band	pending	2026-09-16	panel median 2 (wordlist-1=3,wordlist-2=2,wordlist-3=2)
high-rise	adj	3	band	pending	2026-09-16	panel median 3 (wordlist-1=4,wordlist-2=3,wordlist-3=3)
high-rise	n	3	band	pending	2026-09-16	panel median 3 (wordlist-1=3,wordlist-2=4,wordlist-3=3)
historic	adj	2	band	pending	2026-09-16	panel median 2 (wordlist-1=3,wordlist-2=2,wordlist-3=2); referenced by history-n
hold up	phrv	2	band	pending	2026-09-16	panel median 2 (wordlist-1=2,wordlist-2=1,wordlist-3=2); referenced by hold-v
hollow	adj	2	band	done	2026-09-16	panel median 2 (wordlist-1=3,wordlist-2=2,wordlist-3=2)
homesick	adj	3	band	pending	2026-09-16	panel median 3 (wordlist-1=3,wordlist-2=3,wordlist-3=3); referenced by home-n
honeymoon	n	3	band	pending	2026-09-16	panel median 3 (wordlist-1=3,wordlist-2=2,wordlist-3=3); referenced by honey-n
hoodie	n	3	band	pending	2026-09-16	panel median 3 (wordlist-1=3,wordlist-2=2,wordlist-3=3)
hooray	interj	3	band	pending	2026-09-16	panel median 3 (wordlist-1=3,wordlist-2=3,wordlist-3=3)
horizon	n	2	band	pending	2026-09-16	panel median 2 (wordlist-1=3,wordlist-2=2,wordlist-3=2)
horizontal	adj	3	band	pending	2026-09-16	panel median 3 (wordlist-1=3,wordlist-2=2,wordlist-3=3)
hormone	n	3	band	pending	2026-09-16	panel median 3 (wordlist-1=3,wordlist-2=3,wordlist-3=3)
hostage	n	3	band	pending	2026-09-16	panel median 3 (wordlist-1=3,wordlist-2=3,wordlist-3=3); referenced by prisoner-n
hostel	n	3	band	pending	2026-09-16	panel median 3 (wordlist-1=3,wordlist-2=2,wordlist-3=3); referenced by hotel-n
household	n	2	band	pending	2026-09-16	panel median 2 (wordlist-1=2,wordlist-2=2,wordlist-3=2); referenced by family-n; referenced by house-n
hum	n	3	band	pending	2026-09-16	panel median 3 (wordlist-1=4,wordlist-2=3,wordlist-3=3)
hum	v	3	band	pending	2026-09-16	panel median 3 (wordlist-1=3,wordlist-2=3,wordlist-3=3)
humid	adj	3	band	pending	2026-09-16	panel median 3 (wordlist-1=3,wordlist-2=3,wordlist-3=3)
humidity	n	3	band	pending	2026-09-16	panel median 3 (wordlist-1=3,wordlist-2=3,wordlist-3=3)
hurricane	n	3	band	pending	2026-09-16	panel median 3 (wordlist-1=3,wordlist-2=2,wordlist-3=3)
hygiene	n	3	band	pending	2026-09-16	panel median 3 (wordlist-1=3,wordlist-2=3,wordlist-3=4)
hypothesis	n	3	band	pending	2026-09-16	panel median 3 (wordlist-1=3,wordlist-2=3,wordlist-3=3)
iceberg	n	3	band	pending	2026-09-16	panel median 3 (wordlist-1=3,wordlist-2=3,wordlist-3=4); referenced by ice-n
ideology	n	3	band	pending	2026-09-16	panel median 3 (wordlist-1=4,wordlist-2=3,wordlist-3=3)
ignorance	n	3	band	pending	2026-09-16	panel median 3 (wordlist-1=3,wordlist-2=3,wordlist-3=3); referenced by ignore-v
ignorant	adj	3	band	pending	2026-09-16	panel median 3 (wordlist-1=3,wordlist-2=2,wordlist-3=3); referenced by ignore-v
illuminate	v	3	band	pending	2026-09-16	panel median 3 (wordlist-1=4,wordlist-2=3,wordlist-3=3)
illusion	n	3	band	pending	2026-09-16	panel median 3 (wordlist-1=3,wordlist-2=3,wordlist-3=3)
illustrate	v	2	band	pending	2026-09-16	panel median 2 (wordlist-1=3,wordlist-2=2,wordlist-3=2)
imagination	n	2	band	pending	2026-09-16	panel median 2 (wordlist-1=2,wordlist-2=2,wordlist-3=2); used in create-v senses[0].definition; pos guessed (no morphological signal), check before claiming; referenced by imagine-v; referenced by image-n; referenced by invention-n
immature	adj	3	band	pending	2026-09-16	panel median 3 (wordlist-1=3,wordlist-2=3,wordlist-3=3)
immense	adj	3	band	pending	2026-09-16	panel median 3 (wordlist-1=3,wordlist-2=3,wordlist-3=3)
immensely	adv	3	band	pending	2026-09-16	panel median 3 (wordlist-1=4,wordlist-2=3,wordlist-3=3)
immigrant	n	2	band	pending	2026-09-16	panel median 2 (wordlist-1=3,wordlist-2=2,wordlist-3=2)
immigration	n	3	band	pending	2026-09-16	panel median 3 (wordlist-1=3,wordlist-2=2,wordlist-3=3)
immune	adj	3	band	pending	2026-09-16	panel median 3 (wordlist-1=3,wordlist-2=2,wordlist-3=3)
immunity	n	3	band	pending	2026-09-16	panel median 3 (wordlist-1=3,wordlist-2=3,wordlist-3=3)
impact	n	1	band	done	2026-09-16	panel median 1 (wordlist-1=2,wordlist-2=1,wordlist-3=1)
impact	v	2	band	pending	2026-09-16	panel median 2 (wordlist-1=3,wordlist-2=2,wordlist-3=2); referenced by impact-n
imply	v	2	band	pending	2026-09-16	panel median 2 (wordlist-1=3,wordlist-2=2,wordlist-3=2); referenced by suggest-v
impression	n	2	band	pending	2026-09-16	panel median 2 (wordlist-1=2,wordlist-2=2,wordlist-3=2); referenced by feeling-n
impressive	adj	2	band	pending	2026-09-16	panel median 2 (wordlist-1=3,wordlist-2=2,wordlist-3=2)
in-law	n	3	band	pending	2026-09-16	panel median 3 (wordlist-1=3,wordlist-2=3,wordlist-3=3)
inc	abbr	3	band	pending	2026-09-16	panel median 3 (wordlist-1=3,wordlist-2=2,wordlist-3=4)
increasingly	adv	3	band	pending	2026-09-16	panel median 3 (wordlist-1=3,wordlist-2=2,wordlist-3=3); referenced by increase-v; referenced by increase-n
independent	adj	2	band	pending	2026-09-16	panel median 2 (wordlist-1=2,wordlist-2=1,wordlist-3=2); referenced by depend-v
indicate	v	2	band	pending	2026-09-16	panel median 2 (wordlist-1=3,wordlist-2=2,wordlist-3=2); referenced by suggest-v
inequality	n	3	band	pending	2026-09-16	panel median 3 (wordlist-1=3,wordlist-2=3,wordlist-3=3); referenced by equality-n
inevitably	adv	3	band	pending	2026-09-16	panel median 3 (wordlist-1=3,wordlist-2=2,wordlist-3=3)
infant	n	3	band	pending	2026-09-16	panel median 3 (wordlist-1=3,wordlist-2=2,wordlist-3=3); referenced by baby-n
infectious	adj	3	band	pending	2026-09-16	panel median 3 (wordlist-1=3,wordlist-2=3,wordlist-3=3); referenced by infection-n
infer	v	3	band	pending	2026-09-16	panel median 3 (wordlist-1=4,wordlist-2=3,wordlist-3=3)
inflammation	n	3	band	pending	2026-09-16	panel median 3 (wordlist-1=3,wordlist-2=3,wordlist-3=3)
inflation	n	2	band	pending	2026-09-16	panel median 2 (wordlist-1=2,wordlist-2=2,wordlist-3=3)
ingredient	n	2	band	pending	2026-09-16	panel median 2 (wordlist-1=3,wordlist-2=2,wordlist-3=2)
inherit	v	3	band	pending	2026-09-16	panel median 3 (wordlist-1=3,wordlist-2=2,wordlist-3=3)
inheritance	n	3	band	pending	2026-09-16	panel median 3 (wordlist-1=3,wordlist-2=3,wordlist-3=3)
initial	adj	2	band	pending	2026-09-16	panel median 2 (wordlist-1=2,wordlist-2=2,wordlist-3=2)
initially	adv	2	band	pending	2026-09-16	panel median 2 (wordlist-1=3,wordlist-2=2,wordlist-3=2)
inject	v	2	band	pending	2026-09-16	panel median 2 (wordlist-1=3,wordlist-2=2,wordlist-3=2)
inn	n	3	band	pending	2026-09-16	panel median 3 (wordlist-1=3,wordlist-2=3,wordlist-3=3)
innovative	adj	3	band	pending	2026-09-16	panel median 3 (wordlist-1=3,wordlist-2=2,wordlist-3=3)
insane	adj	3	band	pending	2026-09-16	panel median 3 (wordlist-1=3,wordlist-2=2,wordlist-3=3)
insert	v	2	band	pending	2026-09-16	panel median 2 (wordlist-1=3,wordlist-2=2,wordlist-3=2)
insight	n	2	band	pending	2026-09-16	panel median 2 (wordlist-1=3,wordlist-2=2,wordlist-3=2)
insightful	adj	3	band	pending	2026-09-16	panel median 3 (wordlist-1=4,wordlist-2=3,wordlist-3=3)
intellectual	adj	2	band	pending	2026-09-16	panel median 2 (wordlist-1=3,wordlist-2=2,wordlist-3=2)
intellectual	n	3	band	pending	2026-09-16	panel median 3 (wordlist-1=4,wordlist-2=3,wordlist-3=3)
interface	n	3	band	pending	2026-09-16	panel median 3 (wordlist-1=3,wordlist-2=2,wordlist-3=3)
interpret	v	2	band	pending	2026-09-16	panel median 2 (wordlist-1=3,wordlist-2=2,wordlist-3=2); referenced by take-v; referenced by read-v; referenced by translate-v
interpretation	n	3	band	pending	2026-09-16	panel median 3 (wordlist-1=3,wordlist-2=2,wordlist-3=3)
interrupt	v	3	band	pending	2026-09-16	panel median 3 (wordlist-1=3,wordlist-2=2,wordlist-3=3)
intersection	n	3	band	pending	2026-09-16	panel median 3 (wordlist-1=4,wordlist-2=3,wordlist-3=3)
invade	v	3	band	pending	2026-09-16	panel median 3 (wordlist-1=3,wordlist-2=2,wordlist-3=3)
invasion	n	3	band	pending	2026-09-16	panel median 3 (wordlist-1=3,wordlist-2=2,wordlist-3=3)
investigate	v	2	band	pending	2026-09-16	panel median 2 (wordlist-1=3,wordlist-2=2,wordlist-3=2)
investigation	n	2	band	pending	2026-09-16	panel median 2 (wordlist-1=3,wordlist-2=2,wordlist-3=2)
invoice	n	3	band	pending	2026-09-16	panel median 3 (wordlist-1=4,wordlist-2=3,wordlist-3=3); referenced by bill-n
iq	abbr	3	band	pending	2026-09-16	panel median 3 (wordlist-1=3,wordlist-2=3,wordlist-3=5)
irritate	v	3	band	pending	2026-09-16	panel median 3 (wordlist-1=3,wordlist-2=3,wordlist-3=3)
isolate	v	3	band	pending	2026-09-16	panel median 3 (wordlist-1=3,wordlist-2=2,wordlist-3=3)
isolation	n	3	band	pending	2026-09-16	panel median 3 (wordlist-1=3,wordlist-2=2,wordlist-3=3)
itch	n	3	band	pending	2026-09-16	panel median 3 (wordlist-1=3,wordlist-2=3,wordlist-3=3)
itch	v	3	band	pending	2026-09-16	panel median 3 (wordlist-1=3,wordlist-2=3,wordlist-3=3)
jam	n	2	band	pending	2026-09-16	panel median 2 (wordlist-1=2,wordlist-2=2,wordlist-3=2)
jealousy	n	3	band	pending	2026-09-16	panel median 3 (wordlist-1=3,wordlist-2=3,wordlist-3=3)
journal	n	3	band	pending	2026-09-16	panel median 3 (wordlist-1=3,wordlist-2=2,wordlist-3=3)
juicy	adj	3	band	pending	2026-09-16	panel median 3 (wordlist-1=4,wordlist-2=3,wordlist-3=3); referenced by juice-n
junction	n	3	band	pending	2026-09-16	panel median 3 (wordlist-1=4,wordlist-2=3,wordlist-3=3)
justify	v	3	band	pending	2026-09-16	panel median 3 (wordlist-1=3,wordlist-2=2,wordlist-3=3); referenced by explain-v; referenced by justice-n
kettle	n	3	band	pending	2026-09-16	panel median 3 (wordlist-1=3,wordlist-2=2,wordlist-3=3)
knit	v	3	band	pending	2026-09-16	panel median 3 (wordlist-1=3,wordlist-2=3,wordlist-3=3); referenced by weave-v; used in cloth-n senses[0].definition
knock over	phrv	3	band	pending	2026-09-16	panel median 3 (wordlist-1=3,wordlist-2=2,wordlist-3=4); referenced by knock-v
l	abbr	3	band	pending	2026-09-16	panel median 3 (wordlist-1=3,wordlist-2=3,wordlist-3=5)
lab	abbr	3	band	pending	2026-09-16	panel median 3 (wordlist-1=3,wordlist-2=2,wordlist-3=5)
lamb	n	3	band	pending	2026-09-16	panel median 3 (wordlist-1=3,wordlist-2=2,wordlist-3=3); referenced by sheep-n
lame	adj	3	band	pending	2026-09-16	panel median 3 (wordlist-1=3,wordlist-2=3,wordlist-3=4)
landing	n	2	band	pending	2026-09-16	panel median 2 (wordlist-1=2,wordlist-2=2,wordlist-3=3); referenced by land-v; referenced by land-n
landlord	n	3	band	pending	2026-09-16	panel median 3 (wordlist-1=3,wordlist-2=2,wordlist-3=3); referenced by land-n
landmark	n	3	band	pending	2026-09-16	panel median 3 (wordlist-1=3,wordlist-2=3,wordlist-3=3); referenced by mark-n
landscape	n	2	band	pending	2026-09-16	panel median 2 (wordlist-1=3,wordlist-2=2,wordlist-3=2)
laptop	n	2	band	pending	2026-09-16	panel median 2 (wordlist-1=2,wordlist-2=2,wordlist-3=2); referenced by computer-n
lean	v	2	band	done	2026-09-16	panel median 2 (wordlist-1=3,wordlist-2=2,wordlist-3=2); used (as leaned) in against-prep example; correct lemma for declined leaning-v
lease	n	3	band	pending	2026-09-16	panel median 3 (wordlist-1=3,wordlist-2=3,wordlist-3=2)
lease	v	3	band	pending	2026-09-16	panel median 3 (wordlist-1=3,wordlist-2=3,wordlist-3=2)
lecture	n	2	band	pending	2026-09-16	panel median 2 (wordlist-1=2,wordlist-2=2,wordlist-3=2); referenced by speech-n
lecture	v	3	band	pending	2026-09-16	panel median 3 (wordlist-1=3,wordlist-2=3,wordlist-3=2)
led	abbr	3	band	pending	2026-09-16	panel median 3 (wordlist-1=3,wordlist-2=3,wordlist-3=5)
leftovers	n	3	band	pending	2026-09-16	panel median 3 (wordlist-1=3,wordlist-2=3,wordlist-3=3)
legislation	n	2	band	pending	2026-09-16	panel median 2 (wordlist-1=3,wordlist-2=2,wordlist-3=2)
legitimate	adj	3	band	pending	2026-09-16	panel median 3 (wordlist-1=3,wordlist-2=2,wordlist-3=3)
legitimately	adv	3	band	pending	2026-09-16	panel median 3 (wordlist-1=4,wordlist-2=3,wordlist-3=3)
liability	n	3	band	pending	2026-09-16	panel median 3 (wordlist-1=3,wordlist-2=3,wordlist-3=3)
liberal	adj	3	band	pending	2026-09-16	panel median 3 (wordlist-1=3,wordlist-2=2,wordlist-3=3)
lifestyle	n	2	band	pending	2026-09-16	panel median 2 (wordlist-1=3,wordlist-2=2,wordlist-3=2); referenced by life-n
linen	n	3	band	pending	2026-09-16	panel median 3 (wordlist-1=4,wordlist-2=3,wordlist-3=3)
lion	n	2	band	pending	2026-09-16	panel median 2 (wordlist-1=3,wordlist-2=2,wordlist-3=2)
listener	n	2	band	pending	2026-09-16	panel median 2 (wordlist-1=3,wordlist-2=2,wordlist-3=2); referenced by listen-v
literary	adj	3	band	pending	2026-09-16	panel median 3 (wordlist-1=3,wordlist-2=3,wordlist-3=3)
litter	n	3	band	pending	2026-09-16	panel median 3 (wordlist-1=3,wordlist-2=3,wordlist-3=3)
lively	adj	2	band	pending	2026-09-16	panel median 2 (wordlist-1=3,wordlist-2=2,wordlist-3=2); referenced by live-v; referenced by life-n
livestock	n	3	band	pending	2026-09-16	panel median 3 (wordlist-1=4,wordlist-2=3,wordlist-3=3)
living room	n	2	band	pending	2026-09-16	panel median 2 (wordlist-1=2,wordlist-2=1,wordlist-3=2); referenced by bedroom-n
lobby	n	3	band	pending	2026-09-16	panel median 3 (wordlist-1=3,wordlist-2=2,wordlist-3=3); referenced by hall-n
login	n	3	band	pending	2026-09-16	panel median 3 (wordlist-1=3,wordlist-2=2,wordlist-3=3)
loneliness	n	3	band	pending	2026-09-16	panel median 3 (wordlist-1=4,wordlist-2=3,wordlist-3=3); referenced by alone-adj
look back	phrv	2	band	pending	2026-09-16	panel median 2 (wordlist-1=2,wordlist-2=2,wordlist-3=2)
look forward to	phrv	1	band	pending	2026-09-16	panel median 1 (wordlist-1=2,wordlist-2=1,wordlist-3=1); referenced by expect-v; referenced by look-v
lorry	n	3	band	pending	2026-09-16	panel median 3 (wordlist-1=3,wordlist-2=3,wordlist-3=3)
loser	n	2	band	pending	2026-09-16	panel median 2 (wordlist-1=3,wordlist-2=2,wordlist-3=2); referenced by lose-v; referenced by loss-n
lotion	n	3	band	pending	2026-09-16	panel median 3 (wordlist-1=4,wordlist-2=3,wordlist-3=3); referenced by cream-n
loyalty	n	2	band	pending	2026-09-16	panel median 2 (wordlist-1=3,wordlist-2=2,wordlist-3=2)
luggage	n	2	band	pending	2026-09-16	panel median 2 (wordlist-1=3,wordlist-2=2,wordlist-3=2); used in airport-n senses[0].definition; pos guessed (no morphological signal), check before claiming; referenced by bag-n
m	abbr	2	band	pending	2026-09-16	panel median 2 (wordlist-1=2,wordlist-2=2,wordlist-3=4)
magnitude	n	3	band	pending	2026-09-16	panel median 3 (wordlist-1=4,wordlist-2=3,wordlist-3=3)
major	adj	1	band	pending	2026-09-16	panel median 1 (wordlist-1=2,wordlist-2=1,wordlist-3=1); referenced by big-adj; referenced by main-adj
make out	phrv	3	band	pending	2026-09-16	panel median 3 (wordlist-1=3,wordlist-2=2,wordlist-3=3)
mall	n	3	band	pending	2026-09-16	panel median 3 (wordlist-1=3,wordlist-2=2,wordlist-3=3)
manifest	v	3	band	pending	2026-09-16	panel median 3 (wordlist-1=4,wordlist-2=3,wordlist-3=3)
manual	adj	3	band	pending	2026-09-16	panel median 3 (wordlist-1=3,wordlist-2=2,wordlist-3=3)
marine	adj	3	band	pending	2026-09-16	panel median 3 (wordlist-1=3,wordlist-2=2,wordlist-3=3)
marsh	n	3	band	pending	2026-09-16	panel median 3 (wordlist-1=3,wordlist-2=3,wordlist-3=4)
marvelous	adj	3	band	pending	2026-09-16	panel median 3 (wordlist-1=3,wordlist-2=3,wordlist-3=3)
mask	n	2	band	pending	2026-09-16	panel median 2 (wordlist-1=2,wordlist-2=2,wordlist-3=2)
mate	n	2	band	pending	2026-09-16	panel median 2 (wordlist-1=2,wordlist-2=2,wordlist-3=2); used in breed-v senses[0].definition; pos guessed (no morphological signal), check before claiming
mate	v	3	band	pending	2026-09-16	panel median 3 (wordlist-1=4,wordlist-2=3,wordlist-3=3)
mattress	n	3	band	pending	2026-09-16	panel median 3 (wordlist-1=3,wordlist-2=2,wordlist-3=3)
mature	adj	3	band	pending	2026-09-16	panel median 3 (wordlist-1=3,wordlist-2=2,wordlist-3=3)
meadow	n	3	band	pending	2026-09-16	panel median 3 (wordlist-1=3,wordlist-2=3,wordlist-3=4)
meanwhile	adv	2	band	pending	2026-09-16	panel median 2 (wordlist-1=2,wordlist-2=2,wordlist-3=2)
melody	n	3	band	pending	2026-09-16	panel median 3 (wordlist-1=3,wordlist-2=3,wordlist-3=3)
memorize	v	3	band	pending	2026-09-16	panel median 3 (wordlist-1=3,wordlist-2=2,wordlist-3=4); referenced by learn-v; referenced by memory-n
mend	v	3	band	pending	2026-09-16	panel median 3 (wordlist-1=3,wordlist-2=3,wordlist-3=3); referenced by fix-v; referenced by repair-v
metric	n	3	band	pending	2026-09-16	panel median 3 (wordlist-1=3,wordlist-2=3,wordlist-3=4)
metropolitan	adj	3	band	pending	2026-09-16	panel median 3 (wordlist-1=4,wordlist-2=3,wordlist-3=3)
microwave	n	2	band	pending	2026-09-16	panel median 2 (wordlist-1=2,wordlist-2=2,wordlist-3=3); referenced by oven-n
migrate	v	3	band	pending	2026-09-16	panel median 3 (wordlist-1=4,wordlist-2=3,wordlist-3=3)
migration	n	3	band	pending	2026-09-16	panel median 3 (wordlist-1=3,wordlist-2=3,wordlist-3=3)
mild	adj	2	band	pending	2026-09-16	panel median 2 (wordlist-1=2,wordlist-2=2,wordlist-3=3)
milestone	n	3	band	pending	2026-09-16	panel median 3 (wordlist-1=3,wordlist-2=3,wordlist-3=3)
mineral	n	3	band	pending	2026-09-16	panel median 3 (wordlist-1=3,wordlist-2=2,wordlist-3=3)
minor	adj	2	band	pending	2026-09-16	panel median 2 (wordlist-1=2,wordlist-2=2,wordlist-3=3); referenced by big-adj
miserable	adj	3	band	pending	2026-09-16	panel median 3 (wordlist-1=3,wordlist-2=2,wordlist-3=3)
mist	n	3	band	pending	2026-09-16	panel median 3 (wordlist-1=3,wordlist-2=3,wordlist-3=3); referenced by fog-n
misunderstand	v	3	band	pending	2026-09-16	panel median 3 (wordlist-1=3,wordlist-2=2,wordlist-3=3); referenced by understand-v
ml	abbr	3	band	pending	2026-09-16	panel median 3 (wordlist-1=3,wordlist-2=2,wordlist-3=4)
mobile	adj	2	band	pending	2026-09-16	panel median 2 (wordlist-1=3,wordlist-2=2,wordlist-3=2)
moderate	adj	3	band	pending	2026-09-16	panel median 3 (wordlist-1=3,wordlist-2=2,wordlist-3=3)
moderately	adv	3	band	pending	2026-09-16	panel median 3 (wordlist-1=4,wordlist-2=3,wordlist-3=3)
moist	adj	3	band	pending	2026-09-16	panel median 3 (wordlist-1=3,wordlist-2=3,wordlist-3=3)
moisture	n	3	band	pending	2026-09-16	panel median 3 (wordlist-1=3,wordlist-2=2,wordlist-3=3)
mole	n	3	band	pending	2026-09-16	panel median 3 (wordlist-1=3,wordlist-2=3,wordlist-3=4)
monitor	v	2	band	pending	2026-09-16	panel median 2 (wordlist-1=3,wordlist-2=2,wordlist-3=2); referenced by watch-v
monument	n	3	band	pending	2026-09-16	panel median 3 (wordlist-1=3,wordlist-2=3,wordlist-3=3)
mop	n	3	band	pending	2026-09-16	panel median 3 (wordlist-1=3,wordlist-2=3,wordlist-3=3)
mop	v	3	band	pending	2026-09-16	panel median 3 (wordlist-1=3,wordlist-2=3,wordlist-3=3)
moral	adj	2	band	pending	2026-09-16	panel median 2 (wordlist-1=3,wordlist-2=2,wordlist-3=2)
moreover	adv	2	band	pending	2026-09-16	panel median 2 (wordlist-1=3,wordlist-2=2,wordlist-3=2)
mortgage	n	2	band	pending	2026-09-16	panel median 2 (wordlist-1=2,wordlist-2=2,wordlist-3=3)
motel	n	3	band	pending	2026-09-16	panel median 3 (wordlist-1=3,wordlist-2=3,wordlist-3=3); referenced by hotel-n
mother-in-law	n	3	band	pending	2026-09-16	panel median 3 (wordlist-1=3,wordlist-2=2,wordlist-3=4)
motive	n	3	band	pending	2026-09-16	panel median 3 (wordlist-1=3,wordlist-2=2,wordlist-3=3)
motorway	n	3	band	pending	2026-09-16	panel median 3 (wordlist-1=3,wordlist-2=3,wordlist-3=3); referenced by way-n; referenced by highway-n; referenced by motor-n
mr	abbr	2	band	pending	2026-09-16	panel median 2 (wordlist-1=2,wordlist-2=1,wordlist-3=2)
mrs	abbr	3	band	pending	2026-09-16	panel median 3 (wordlist-1=3,wordlist-2=1,wordlist-3=3)
mug	n	2	band	pending	2026-09-16	panel median 2 (wordlist-1=2,wordlist-2=2,wordlist-3=3); referenced by cup-n
municipal	adj	3	band	pending	2026-09-16	panel median 3 (wordlist-1=4,wordlist-2=3,wordlist-3=3)
murmur	n	3	band	pending	2026-09-16	panel median 3 (wordlist-1=4,wordlist-2=3,wordlist-3=3)
murmur	v	3	band	pending	2026-09-16	panel median 3 (wordlist-1=4,wordlist-2=3,wordlist-3=3); referenced by whisper-v
muscular	adj	3	band	pending	2026-09-16	panel median 3 (wordlist-1=3,wordlist-2=3,wordlist-3=3); referenced by muscle-n
my pleasure	phr	3	band	pending	2026-09-16	panel median 3 (wordlist-1=3,wordlist-2=2,wordlist-3=5)
naive	adj	3	band	pending	2026-09-16	panel median 3 (wordlist-1=3,wordlist-2=3,wordlist-3=4)
nap	n	3	band	pending	2026-09-16	panel median 3 (wordlist-1=3,wordlist-2=2,wordlist-3=3); referenced by sleep-n
nap	v	3	band	pending	2026-09-16	panel median 3 (wordlist-1=3,wordlist-2=3,wordlist-3=4)
napkin	n	3	band	pending	2026-09-16	panel median 3 (wordlist-1=3,wordlist-2=2,wordlist-3=3)
native	adj	2	band	pending	2026-09-16	panel median 2 (wordlist-1=2,wordlist-2=2,wordlist-3=2)
navigate	v	3	band	pending	2026-09-16	panel median 3 (wordlist-1=3,wordlist-2=2,wordlist-3=3)
necklace	n	3	band	pending	2026-09-16	panel median 3 (wordlist-1=3,wordlist-2=2,wordlist-3=3); referenced by neck-n
neglect	n	3	band	pending	2026-09-16	panel median 3 (wordlist-1=4,wordlist-2=3,wordlist-3=3)
neglect	v	3	band	pending	2026-09-16	panel median 3 (wordlist-1=4,wordlist-2=3,wordlist-3=3)
negotiate	v	3	band	pending	2026-09-16	panel median 3 (wordlist-1=3,wordlist-2=2,wordlist-3=3)
negotiation	n	3	band	pending	2026-09-16	panel median 3 (wordlist-1=3,wordlist-2=2,wordlist-3=3)
neighborhood	n	3	band	pending	2026-09-16	panel median 3 (wordlist-1=3,wordlist-2=2,wordlist-3=3); referenced by area-n; referenced by neighbor-n
never mind	phr	2	band	pending	2026-09-16	panel median 2 (wordlist-1=2,wordlist-2=2,wordlist-3=3)
nevertheless	adv	2	band	pending	2026-09-16	panel median 2 (wordlist-1=3,wordlist-2=2,wordlist-3=2); referenced by however-adv
newborn	adj	3	band	pending	2026-09-16	panel median 3 (wordlist-1=3,wordlist-2=3,wordlist-3=4)
noodle	n	2	band	pending	2026-09-16	panel median 2 (wordlist-1=3,wordlist-2=2,wordlist-3=2)
notification	n	3	band	pending	2026-09-16	panel median 3 (wordlist-1=3,wordlist-2=2,wordlist-3=3)
notion	n	3	band	pending	2026-09-16	panel median 3 (wordlist-1=3,wordlist-2=2,wordlist-3=3); referenced by idea-n
novel	adj	3	band	pending	2026-09-16	panel median 3 (wordlist-1=4,wordlist-2=3,wordlist-3=2); referenced by novel-n
novel	n	1	band	done	2026-09-16	panel median 1 (wordlist-1=2,wordlist-2=1,wordlist-3=1); referenced by book-n
numb	adj	3	band	pending	2026-09-16	panel median 3 (wordlist-1=3,wordlist-2=3,wordlist-3=3); referenced by asleep-adj
nutrition	n	3	band	pending	2026-09-16	panel median 3 (wordlist-1=3,wordlist-2=2,wordlist-3=3)
nutritious	adj	3	band	pending	2026-09-16	panel median 3 (wordlist-1=3,wordlist-2=3,wordlist-3=3)
obesity	n	3	band	pending	2026-09-16	panel median 3 (wordlist-1=4,wordlist-2=3,wordlist-3=3)
objective	adj	2	band	pending	2026-09-16	panel median 2 (wordlist-1=3,wordlist-2=2,wordlist-3=2); referenced by object-n
objective	n	2	band	pending	2026-09-16	panel median 2 (wordlist-1=3,wordlist-2=2,wordlist-3=2); referenced by object-n
occasionally	adv	2	band	pending	2026-09-16	panel median 2 (wordlist-1=2,wordlist-2=2,wordlist-3=2)
occupation	n	2	band	pending	2026-09-16	panel median 2 (wordlist-1=3,wordlist-2=2,wordlist-3=2); referenced by profession-n
occupy	v	2	band	pending	2026-09-16	panel median 2 (wordlist-1=3,wordlist-2=2,wordlist-3=2); referenced by amuse-v
ointment	n	3	band	pending	2026-09-16	panel median 3 (wordlist-1=3,wordlist-2=3,wordlist-3=3)
onion	n	2	band	pending	2026-09-16	panel median 2 (wordlist-1=2,wordlist-2=2,wordlist-3=2)
opaque	adj	3	band	pending	2026-09-16	panel median 3 (wordlist-1=4,wordlist-2=3,wordlist-3=3)
optimistic	adj	2	band	pending	2026-09-16	panel median 2 (wordlist-1=3,wordlist-2=2,wordlist-3=2)
orchard	n	3	band	pending	2026-09-16	panel median 3 (wordlist-1=3,wordlist-2=3,wordlist-3=3)
orchestra	n	2	band	pending	2026-09-16	panel median 2 (wordlist-1=3,wordlist-2=2,wordlist-3=2); referenced by band-n
ordinary	adj	2	band	pending	2026-09-16	panel median 2 (wordlist-1=2,wordlist-2=2,wordlist-3=2)
organic	adj	2	band	pending	2026-09-16	panel median 2 (wordlist-1=3,wordlist-2=2,wordlist-3=2)
original	adj	2	band	pending	2026-09-16	panel median 2 (wordlist-1=2,wordlist-2=1,wordlist-3=2); referenced by origin-n
originally	adv	2	band	pending	2026-09-16	panel median 2 (wordlist-1=2,wordlist-2=2,wordlist-3=2); referenced by origin-n
outbreak	n	3	band	pending	2026-09-16	panel median 3 (wordlist-1=3,wordlist-2=3,wordlist-3=2)
outcome	n	2	band	pending	2026-09-16	panel median 2 (wordlist-1=2,wordlist-2=2,wordlist-3=2)
outfit	n	2	band	pending	2026-09-16	panel median 2 (wordlist-1=3,wordlist-2=2,wordlist-3=2); referenced by clothes-n
outgoing	adj	2	band	pending	2026-09-16	panel median 2 (wordlist-1=3,wordlist-2=2,wordlist-3=2); referenced by go-v
outlet	n	2	band	pending	2026-09-16	panel median 2 (wordlist-1=3,wordlist-2=2,wordlist-3=2); referenced by plug-n
outskirts	n	3	band	pending	2026-09-16	panel median 3 (wordlist-1=3,wordlist-2=3,wordlist-3=2)
outstanding	adj	2	band	pending	2026-09-16	panel median 2 (wordlist-1=2,wordlist-2=2,wordlist-3=2)
overcast	adj	3	band	pending	2026-09-16	panel median 3 (wordlist-1=4,wordlist-2=3,wordlist-3=3)
overflow	v	3	band	pending	2026-09-16	panel median 3 (wordlist-1=3,wordlist-2=3,wordlist-3=3)
overpass	n	3	band	pending	2026-09-16	panel median 3 (wordlist-1=4,wordlist-2=3,wordlist-3=3)
overseas	adj	2	band	pending	2026-09-16	panel median 2 (wordlist-1=3,wordlist-2=2,wordlist-3=2)
overtake	v	3	band	pending	2026-09-16	panel median 3 (wordlist-1=3,wordlist-2=3,wordlist-3=2); referenced by take-v
overtime	n	2	band	pending	2026-09-16	panel median 2 (wordlist-1=3,wordlist-2=2,wordlist-3=2); referenced by time-n
ow	interj	3	band	pending	2026-09-16	panel median 3 (wordlist-1=3,wordlist-2=3,wordlist-3=2)
owing to	prep	3	band	pending	2026-09-16	panel median 3 (wordlist-1=3,wordlist-2=3,wordlist-3=2)
painkiller	n	3	band	pending	2026-09-16	panel median 3 (wordlist-1=3,wordlist-2=3,wordlist-3=2); referenced by pain-n
pajamas	n	2	band	pending	2026-09-16	panel median 2 (wordlist-1=3,wordlist-2=2,wordlist-3=1)
parallel	adj	2	band	pending	2026-09-16	panel median 2 (wordlist-1=3,wordlist-2=2,wordlist-3=2)
paralysis	n	3	band	pending	2026-09-16	panel median 3 (wordlist-1=4,wordlist-2=3,wordlist-3=3)
paralyze	v	3	band	pending	2026-09-16	panel median 3 (wordlist-1=4,wordlist-2=3,wordlist-3=3)
paramount	adj	3	band	pending	2026-09-16	panel median 3 (wordlist-1=4,wordlist-2=3,wordlist-3=3)
paraphrase	v	3	band	pending	2026-09-16	panel median 3 (wordlist-1=4,wordlist-2=3,wordlist-3=3)
parasite	n	3	band	pending	2026-09-16	panel median 3 (wordlist-1=4,wordlist-2=3,wordlist-3=3)
particle	n	3	band	pending	2026-09-16	panel median 3 (wordlist-1=3,wordlist-2=3,wordlist-3=2)
pass out	phrv	2	band	pending	2026-09-16	panel median 2 (wordlist-1=2,wordlist-2=2,wordlist-3=2); referenced by pass-v
passport	n	2	band	pending	2026-09-16	panel median 2 (wordlist-1=3,wordlist-2=2,wordlist-3=2)
pasta	n	2	band	pending	2026-09-16	panel median 2 (wordlist-1=3,wordlist-2=2,wordlist-3=1)
paste	v	2	band	pending	2026-09-16	panel median 2 (wordlist-1=3,wordlist-2=2,wordlist-3=2)
pastry	n	2	band	pending	2026-09-16	panel median 2 (wordlist-1=3,wordlist-2=2,wordlist-3=2)
patio	n	2	band	pending	2026-09-16	panel median 2 (wordlist-1=3,wordlist-2=2,wordlist-3=2)
patterned	adj	3	band	pending	2026-09-16	panel median 3 (wordlist-1=4,wordlist-2=3,wordlist-3=2); referenced by pattern-n
pavement	n	2	band	pending	2026-09-16	panel median 2 (wordlist-1=3,wordlist-2=2,wordlist-3=2)
paw	n	2	band	pending	2026-09-16	panel median 2 (wordlist-1=3,wordlist-2=2,wordlist-3=2)
pay back	phrv	2	band	pending	2026-09-16	panel median 2 (wordlist-1=2,wordlist-2=2,wordlist-3=2); referenced by pay-v
pc	abbr	3	band	pending	2026-09-16	panel median 3 (wordlist-1=4,wordlist-2=2,wordlist-3=3)
peak	n	2	band	pending	2026-09-16	panel median 2 (wordlist-1=3,wordlist-2=2,wordlist-3=2); referenced by height-n; referenced by mountain-n
peculiar	adj	3	band	pending	2026-09-16	panel median 3 (wordlist-1=3,wordlist-2=3,wordlist-3=3)
pedestrian	n	3	band	pending	2026-09-16	panel median 3 (wordlist-1=3,wordlist-2=3,wordlist-3=3)
peer	n	2	band	pending	2026-09-16	panel median 2 (wordlist-1=3,wordlist-2=2,wordlist-3=2)
peer	v	3	band	pending	2026-09-16	panel median 3 (wordlist-1=4,wordlist-2=3,wordlist-3=3)
pending	prep	3	band	pending	2026-09-16	panel median 3 (wordlist-1=3,wordlist-2=3,wordlist-3=3)
peninsula	n	3	band	pending	2026-09-16	panel median 3 (wordlist-1=4,wordlist-2=3,wordlist-3=3)
pension	n	2	band	pending	2026-09-16	panel median 2 (wordlist-1=3,wordlist-2=2,wordlist-3=2)
pepper	n	2	band	pending	2026-09-16	panel median 2 (wordlist-1=2,wordlist-2=2,wordlist-3=2); referenced by salt-n
percentage	n	2	band	pending	2026-09-16	panel median 2 (wordlist-1=2,wordlist-2=2,wordlist-3=2); referenced by rate-n
perception	n	2	band	pending	2026-09-16	panel median 2 (wordlist-1=3,wordlist-2=2,wordlist-3=2)
permanently	adv	3	band	pending	2026-09-16	panel median 3 (wordlist-1=3,wordlist-2=2,wordlist-3=3)
perspective	n	2	band	pending	2026-09-16	panel median 2 (wordlist-1=3,wordlist-2=2,wordlist-3=2)
persuade	v	2	band	pending	2026-09-16	panel median 2 (wordlist-1=3,wordlist-2=2,wordlist-3=2); referenced by get-v; referenced by influence-n
persuasive	adj	3	band	pending	2026-09-16	panel median 3 (wordlist-1=4,wordlist-2=3,wordlist-3=3)
pessimistic	adj	3	band	pending	2026-09-16	panel median 3 (wordlist-1=4,wordlist-2=3,wordlist-3=3)
pesticide	n	3	band	pending	2026-09-16	panel median 3 (wordlist-1=4,wordlist-2=3,wordlist-3=3)
phone	abbr	1	band	duplicate	2026-09-16	panel median 1 (wordlist-1=2,wordlist-2=1,wordlist-3=1); phone is an ordinary noun, not an abbreviation; queued as phone|n 2026-10-02
photo	abbr	2	band	pending	2026-09-16	panel median 2 (wordlist-1=2,wordlist-2=1,wordlist-3=2)
photo	n	2	band	pending	2026-09-16	panel median 2 (wordlist-1=2,wordlist-2=1,wordlist-3=2); referenced by image-n; referenced by photograph-n
phrase	n	2	band	pending	2026-09-16	panel median 2 (wordlist-1=2,wordlist-2=2,wordlist-3=2); referenced by sentence-n
physician	n	3	band	pending	2026-09-16	panel median 3 (wordlist-1=3,wordlist-2=3,wordlist-3=3); referenced by doctor-n
piano	n	2	band	pending	2026-09-16	panel median 2 (wordlist-1=2,wordlist-2=2,wordlist-3=2); used in instrument-n senses[0].definition; pos guessed (no morphological signal), check before claiming; referenced by keyboard-n; referenced by organ-n
picturesque	adj	3	band	pending	2026-09-16	panel median 3 (wordlist-1=4,wordlist-2=3,wordlist-3=3)
pie	n	2	band	pending	2026-09-16	panel median 2 (wordlist-1=2,wordlist-2=2,wordlist-3=2)
pier	n	3	band	pending	2026-09-16	panel median 3 (wordlist-1=3,wordlist-2=3,wordlist-3=4)
pin	abbr	3	band	pending	2026-09-16	panel median 3 (wordlist-1=3,wordlist-2=2,wordlist-3=4)
pitch	n	2	band	pending	2026-09-16	panel median 2 (wordlist-1=2,wordlist-2=2,wordlist-3=2); referenced by field-n
plainly	adv	3	band	pending	2026-09-16	panel median 3 (wordlist-1=3,wordlist-2=3,wordlist-3=3)
plantation	n	3	band	pending	2026-09-16	panel median 3 (wordlist-1=4,wordlist-2=3,wordlist-3=3); referenced by plant-v; referenced by plant-n
plateau	n	3	band	pending	2026-09-16	panel median 3 (wordlist-1=4,wordlist-2=3,wordlist-3=3)
playground	n	2	band	pending	2026-09-16	panel median 2 (wordlist-1=2,wordlist-2=2,wordlist-3=2); referenced by ground-n; referenced by park-n
plaza	n	3	band	pending	2026-09-16	panel median 3 (wordlist-1=3,wordlist-2=3,wordlist-3=3); referenced by square-n
plot	n	2	band	pending	2026-09-16	panel median 2 (wordlist-1=2,wordlist-2=2,wordlist-3=2)
plug in	phrv	2	band	pending	2026-09-16	panel median 2 (wordlist-1=2,wordlist-2=2,wordlist-3=2); referenced by plug-n
plumber	n	3	band	pending	2026-09-16	panel median 3 (wordlist-1=3,wordlist-2=3,wordlist-3=3)
plump	adj	3	band	pending	2026-09-16	panel median 3 (wordlist-1=3,wordlist-2=3,wordlist-3=3)
poach	v	3	band	pending	2026-09-16	panel median 3 (wordlist-1=4,wordlist-2=3,wordlist-3=3)
poem	n	2	band	pending	2026-09-16	panel median 2 (wordlist-1=2,wordlist-2=2,wordlist-3=2)
poet	n	2	band	pending	2026-09-16	panel median 2 (wordlist-1=3,wordlist-2=2,wordlist-3=2)
poetry	n	2	band	pending	2026-09-16	panel median 2 (wordlist-1=3,wordlist-2=2,wordlist-3=2)
poisonous	adj	3	band	pending	2026-09-16	panel median 3 (wordlist-1=3,wordlist-2=3,wordlist-3=3); referenced by poison-n
polar	adj	3	band	pending	2026-09-16	panel median 3 (wordlist-1=3,wordlist-2=3,wordlist-3=3)
polish	v	3	band	pending	2026-09-16	panel median 3 (wordlist-1=3,wordlist-2=3,wordlist-3=2); referenced by shine-v; referenced by shiny-adj
politician	n	2	band	pending	2026-09-16	panel median 2 (wordlist-1=3,wordlist-2=2,wordlist-3=2); referenced by politics-n
pollute	v	3	band	pending	2026-09-16	panel median 3 (wordlist-1=3,wordlist-2=3,wordlist-3=2)
pond	n	2	band	pending	2026-09-16	panel median 2 (wordlist-1=3,wordlist-2=2,wordlist-3=2); referenced by lake-n; referenced by pool-n
poorly	adv	3	band	pending	2026-09-16	panel median 3 (wordlist-1=3,wordlist-2=3,wordlist-3=3)
porch	n	3	band	pending	2026-09-16	panel median 3 (wordlist-1=3,wordlist-2=2,wordlist-3=3)
pork	n	2	band	pending	2026-09-16	panel median 2 (wordlist-1=3,wordlist-2=2,wordlist-3=2); referenced by meat-n; referenced by pig-n
portable	adj	3	band	pending	2026-09-16	panel median 3 (wordlist-1=3,wordlist-2=3,wordlist-3=3)
portion	n	2	band	pending	2026-09-16	panel median 2 (wordlist-1=3,wordlist-2=2,wordlist-3=2)
post	n	1	band	done	2026-09-16	panel median 1 (wordlist-1=1,wordlist-2=1,wordlist-3=2); referenced by mail-n; referenced by position-n
post	v	2	band	pending	2026-09-16	panel median 2 (wordlist-1=2,wordlist-2=1,wordlist-3=3); referenced by mail-v; referenced by post-n
poultry	n	3	band	pending	2026-09-16	panel median 3 (wordlist-1=4,wordlist-2=3,wordlist-3=2)
poverty	n	2	band	pending	2026-09-16	panel median 2 (wordlist-1=3,wordlist-2=2,wordlist-3=2); referenced by need-n
pr	abbr	3	band	pending	2026-09-16	panel median 3 (wordlist-1=4,wordlist-2=2,wordlist-3=3)
precise	adj	2	band	pending	2026-09-16	panel median 2 (wordlist-1=3,wordlist-2=2,wordlist-3=2)
precisely	adv	2	band	pending	2026-09-16	panel median 2 (wordlist-1=3,wordlist-2=2,wordlist-3=2)
predator	n	3	band	pending	2026-09-16	panel median 3 (wordlist-1=3,wordlist-2=2,wordlist-3=3)
prejudice	n	3	band	pending	2026-09-16	panel median 3 (wordlist-1=3,wordlist-2=3,wordlist-3=2)
preliminary	adj	3	band	pending	2026-09-16	panel median 3 (wordlist-1=4,wordlist-2=3,wordlist-3=3)
prescribe	v	3	band	pending	2026-09-16	panel median 3 (wordlist-1=3,wordlist-2=2,wordlist-3=3)
prescription	n	3	band	pending	2026-09-16	panel median 3 (wordlist-1=3,wordlist-2=2,wordlist-3=3)
presently	adv	3	band	pending	2026-09-16	panel median 3 (wordlist-1=3,wordlist-2=3,wordlist-3=3)
preserve	v	2	band	pending	2026-09-16	panel median 2 (wordlist-1=3,wordlist-2=2,wordlist-3=2)
previously	adv	2	band	pending	2026-09-16	panel median 2 (wordlist-1=3,wordlist-2=2,wordlist-3=2)
prey	n	3	band	pending	2026-09-16	panel median 3 (wordlist-1=3,wordlist-2=3,wordlist-3=3)
primarily	adv	2	band	pending	2026-09-16	panel median 2 (wordlist-1=3,wordlist-2=2,wordlist-3=2)
priority	n	2	band	pending	2026-09-16	panel median 2 (wordlist-1=3,wordlist-2=2,wordlist-3=2)
privacy	n	2	band	pending	2026-09-16	panel median 2 (wordlist-1=3,wordlist-2=2,wordlist-3=2)
pro-	prefix	3	band	pending	2026-09-16	panel median 3 (wordlist-1=4,wordlist-2=2,wordlist-3=3)
producer	n	2	band	pending	2026-09-16	panel median 2 (wordlist-1=3,wordlist-2=2,wordlist-3=2); referenced by produce-v; referenced by director-n; referenced by product-n
profile	n	2	band	pending	2026-09-16	panel median 2 (wordlist-1=3,wordlist-2=2,wordlist-3=2)
profitable	adj	3	band	pending	2026-09-16	panel median 3 (wordlist-1=4,wordlist-2=3,wordlist-3=3); referenced by profit-n
proofread	v	3	band	pending	2026-09-16	panel median 3 (wordlist-1=5,wordlist-2=3,wordlist-3=3); referenced by proof-n
proportion	n	2	band	pending	2026-09-16	panel median 2 (wordlist-1=3,wordlist-2=2,wordlist-3=2)
protein	n	2	band	pending	2026-09-16	panel median 2 (wordlist-1=3,wordlist-2=2,wordlist-3=2)
provided	conj	3	band	pending	2026-09-16	panel median 3 (wordlist-1=3,wordlist-2=3,wordlist-3=2); referenced by provide-v
prune	v	3	band	pending	2026-09-16	panel median 3 (wordlist-1=4,wordlist-2=3,wordlist-3=3)
publication	n	2	band	pending	2026-09-16	panel median 2 (wordlist-1=3,wordlist-2=2,wordlist-3=2)
publish	v	2	band	pending	2026-09-16	panel median 2 (wordlist-1=3,wordlist-2=2,wordlist-3=2); referenced by run-v; referenced by print-v; referenced by public-n
publisher	n	2	band	pending	2026-09-16	panel median 2 (wordlist-1=3,wordlist-2=2,wordlist-3=2)
pull over	phrv	2	band	pending	2026-09-16	panel median 2 (wordlist-1=3,wordlist-2=2,wordlist-3=2); referenced by pull-v
punctual	adj	3	band	pending	2026-09-16	panel median 3 (wordlist-1=4,wordlist-2=3,wordlist-3=3)
punctuation	n	3	band	pending	2026-09-16	panel median 3 (wordlist-1=3,wordlist-2=3,wordlist-3=3)
put out	phrv	2	band	pending	2026-09-16	panel median 2 (wordlist-1=2,wordlist-2=2,wordlist-3=2); referenced by light-v; referenced by put-v
qualify	v	2	band	pending	2026-09-16	panel median 2 (wordlist-1=3,wordlist-2=2,wordlist-3=2)
qualitative	adj	3	band	pending	2026-09-16	panel median 3 (wordlist-1=5,wordlist-2=3,wordlist-3=3); referenced by quality-n
quantitative	adj	3	band	pending	2026-09-16	panel median 3 (wordlist-1=5,wordlist-2=3,wordlist-3=2)
quarantine	n	3	band	pending	2026-09-16	panel median 3 (wordlist-1=3,wordlist-2=3,wordlist-3=2)
questionnaire	n	3	band	pending	2026-09-16	panel median 3 (wordlist-1=4,wordlist-2=3,wordlist-3=2); referenced by question-n
quote	n	2	band	pending	2026-09-16	panel median 2 (wordlist-1=3,wordlist-2=2,wordlist-3=2)
quote	v	2	band	pending	2026-09-16	panel median 2 (wordlist-1=3,wordlist-2=2,wordlist-3=2)
radiator	n	3	band	pending	2026-09-16	panel median 3 (wordlist-1=4,wordlist-2=3,wordlist-3=3)
rainbow	n	3	band	pending	2026-09-16	panel median 3 (wordlist-1=3,wordlist-2=2,wordlist-3=3); referenced by rain-n
rash	n	3	band	pending	2026-09-16	panel median 3 (wordlist-1=4,wordlist-2=3,wordlist-3=3)
ratio	n	3	band	pending	2026-09-16	panel median 3 (wordlist-1=3,wordlist-2=2,wordlist-3=3); referenced by rate-n
rattle	n	3	band	pending	2026-09-16	panel median 3 (wordlist-1=3,wordlist-2=3,wordlist-3=3)
rattle	v	3	band	pending	2026-09-16	panel median 3 (wordlist-1=3,wordlist-2=3,wordlist-3=2)
readily	adv	3	band	pending	2026-09-16	panel median 3 (wordlist-1=3,wordlist-2=3,wordlist-3=2)
realization	n	3	band	pending	2026-09-16	panel median 3 (wordlist-1=3,wordlist-2=3,wordlist-3=3); referenced by realize-v
reap	v	3	band	pending	2026-09-16	panel median 3 (wordlist-1=4,wordlist-2=3,wordlist-3=3)
reasoning	n	3	band	pending	2026-09-16	panel median 3 (wordlist-1=3,wordlist-2=3,wordlist-3=3); referenced by reason-n
rebel	v	3	band	pending	2026-09-16	panel median 3 (wordlist-1=4,wordlist-2=3,wordlist-3=3)
recall	v	2	band	pending	2026-09-16	panel median 2 (wordlist-1=2,wordlist-2=2,wordlist-3=2)
recession	n	3	band	pending	2026-09-16	panel median 3 (wordlist-1=3,wordlist-2=3,wordlist-3=3)
recognition	n	3	band	pending	2026-09-16	panel median 3 (wordlist-1=3,wordlist-2=2,wordlist-3=3); referenced by recognize-v
recycling	n	3	band	pending	2026-09-16	panel median 3 (wordlist-1=3,wordlist-2=2,wordlist-3=3)
reduction	n	3	band	pending	2026-09-16	panel median 3 (wordlist-1=3,wordlist-2=2,wordlist-3=3); referenced by reduce-v; referenced by cut-n; referenced by decrease-n; referenced by discount-n
referee	n	3	band	pending	2026-09-16	panel median 3 (wordlist-1=3,wordlist-2=3,wordlist-3=3); referenced by judge-n; referenced by official-n
reform	n	3	band	pending	2026-09-16	panel median 3 (wordlist-1=3,wordlist-2=2,wordlist-3=3)
reform	v	3	band	pending	2026-09-16	panel median 3 (wordlist-1=3,wordlist-2=3,wordlist-3=3)
refugee	n	3	band	pending	2026-09-16	panel median 3 (wordlist-1=3,wordlist-2=2,wordlist-3=3)
refund	n	3	band	pending	2026-09-16	panel median 3 (wordlist-1=3,wordlist-2=2,wordlist-3=4)
refund	v	3	band	pending	2026-09-16	panel median 3 (wordlist-1=3,wordlist-2=3,wordlist-3=3)
regarding	prep	2	band	pending	2026-09-16	panel median 2 (wordlist-1=2,wordlist-2=2,wordlist-3=2); referenced by about-prep
regards	n	3	band	pending	2026-09-16	panel median 3 (wordlist-1=3,wordlist-2=2,wordlist-3=3)
register	v	2	band	pending	2026-09-16	panel median 2 (wordlist-1=3,wordlist-2=2,wordlist-3=2); referenced by record-v
relatively	adv	2	band	pending	2026-09-16	panel median 2 (wordlist-1=2,wordlist-2=2,wordlist-3=2)
reliability	n	3	band	pending	2026-09-16	panel median 3 (wordlist-1=3,wordlist-2=3,wordlist-3=3)
reliable	adj	2	band	pending	2026-09-16	panel median 2 (wordlist-1=2,wordlist-2=2,wordlist-3=3)
relieved	adj	3	band	pending	2026-09-16	panel median 3 (wordlist-1=3,wordlist-2=2,wordlist-3=3); referenced by relief-n
relocate	v	3	band	pending	2026-09-16	panel median 3 (wordlist-1=3,wordlist-2=3,wordlist-3=3)
remarkable	adj	3	band	pending	2026-09-16	panel median 3 (wordlist-1=2,wordlist-2=3,wordlist-3=3)
remarkably	adv	3	band	pending	2026-09-16	panel median 3 (wordlist-1=3,wordlist-2=3,wordlist-3=3)
remote	adj	2	band	pending	2026-09-16	panel median 2 (wordlist-1=2,wordlist-2=2,wordlist-3=2)
renewable	adj	3	band	pending	2026-09-16	panel median 3 (wordlist-1=3,wordlist-2=3,wordlist-3=3)
renovate	v	3	band	pending	2026-09-16	panel median 3 (wordlist-1=3,wordlist-2=3,wordlist-3=4)
renovation	n	3	band	pending	2026-09-16	panel median 3 (wordlist-1=3,wordlist-2=3,wordlist-3=4)
residence	n	3	band	pending	2026-09-16	panel median 3 (wordlist-1=3,wordlist-2=3,wordlist-3=3); referenced by house-n
residential	adj	3	band	pending	2026-09-16	panel median 3 (wordlist-1=3,wordlist-2=3,wordlist-3=3)
respectful	adj	3	band	pending	2026-09-16	panel median 3 (wordlist-1=3,wordlist-2=3,wordlist-3=3); referenced by respect-v; referenced by respect-n
restart	v	3	band	pending	2026-09-16	panel median 3 (wordlist-1=3,wordlist-2=2,wordlist-3=3)
restless	adj	3	band	pending	2026-09-16	panel median 3 (wordlist-1=3,wordlist-2=3,wordlist-3=3); referenced by rest-n
restore	v	3	band	pending	2026-09-16	panel median 3 (wordlist-1=3,wordlist-2=2,wordlist-3=3)
retail	adj	3	band	pending	2026-09-16	panel median 3 (wordlist-1=3,wordlist-2=3,wordlist-3=2)
retailer	n	3	band	pending	2026-09-16	panel median 3 (wordlist-1=3,wordlist-2=3,wordlist-3=3)
reverse	v	3	band	pending	2026-09-16	panel median 3 (wordlist-1=3,wordlist-2=2,wordlist-3=3)
revise	v	3	band	pending	2026-09-16	panel median 3 (wordlist-1=3,wordlist-2=2,wordlist-3=3)
revision	n	3	band	pending	2026-09-16	panel median 3 (wordlist-1=3,wordlist-2=3,wordlist-3=3)
revolution	n	2	band	pending	2026-09-16	panel median 2 (wordlist-1=2,wordlist-2=2,wordlist-3=2)
revolve	v	3	band	pending	2026-09-16	panel median 3 (wordlist-1=4,wordlist-2=3,wordlist-3=3)
rib	n	3	band	pending	2026-09-16	panel median 3 (wordlist-1=3,wordlist-2=3,wordlist-3=2)
ridge	n	3	band	pending	2026-09-16	panel median 3 (wordlist-1=3,wordlist-2=3,wordlist-3=3)
rinse	v	3	band	pending	2026-09-16	panel median 3 (wordlist-1=3,wordlist-2=3,wordlist-3=3); referenced by wash-v
rip	v	3	band	pending	2026-09-16	panel median 3 (wordlist-1=3,wordlist-2=3,wordlist-3=4)
ritual	n	3	band	pending	2026-09-16	panel median 3 (wordlist-1=3,wordlist-2=3,wordlist-3=3)
roar	n	3	band	pending	2026-09-16	panel median 3 (wordlist-1=4,wordlist-2=3,wordlist-3=3)
roar	v	3	band	pending	2026-09-16	panel median 3 (wordlist-1=3,wordlist-2=3,wordlist-3=3)
rocky	adj	2	band	done	2026-09-16	panel median 2 (wordlist-1=3,wordlist-2=2,wordlist-3=2)
roommate	n	2	band	pending	2026-09-16	panel median 2 (wordlist-1=3,wordlist-2=2,wordlist-3=2); referenced by room-n
rotate	v	3	band	pending	2026-09-16	panel median 3 (wordlist-1=3,wordlist-2=2,wordlist-3=3); referenced by turn-v
rotten	adj	2	band	pending	2026-09-16	panel median 2 (wordlist-1=3,wordlist-2=2,wordlist-3=2)
roughly	adv	2	band	pending	2026-09-16	panel median 2 (wordlist-1=2,wordlist-2=2,wordlist-3=2)
roundabout	n	3	band	pending	2026-09-16	panel median 3 (wordlist-1=4,wordlist-2=3,wordlist-3=3)
routinely	adv	3	band	pending	2026-09-16	panel median 3 (wordlist-1=3,wordlist-2=3,wordlist-3=3); referenced by routine-n
run over	phrv	3	band	pending	2026-09-16	panel median 3 (wordlist-1=3,wordlist-2=2,wordlist-3=3); referenced by run-v
run-down	adj	3	band	pending	2026-09-16	panel median 3 (wordlist-1=4,wordlist-2=3,wordlist-3=3)
runway	n	3	band	pending	2026-09-16	panel median 3 (wordlist-1=3,wordlist-2=3,wordlist-3=3); referenced by run-v; referenced by way-n
rural	adj	2	band	pending	2026-09-16	panel median 2 (wordlist-1=3,wordlist-2=2,wordlist-3=2)
rust	n	3	band	pending	2026-09-16	panel median 3 (wordlist-1=3,wordlist-2=3,wordlist-3=3)
rust	v	3	band	pending	2026-09-16	panel median 3 (wordlist-1=4,wordlist-2=3,wordlist-3=3)
sacred	adj	3	band	pending	2026-09-16	panel median 3 (wordlist-1=3,wordlist-2=3,wordlist-3=3)
salad	n	2	band	pending	2026-09-16	panel median 2 (wordlist-1=2,wordlist-2=1,wordlist-3=2)
salon	n	3	band	pending	2026-09-16	panel median 3 (wordlist-1=3,wordlist-2=2,wordlist-3=3)
sample	n	2	band	pending	2026-09-16	panel median 2 (wordlist-1=2,wordlist-2=2,wordlist-3=2); referenced by example-n
sanction	n	3	band	pending	2026-09-16	panel median 3 (wordlist-1=3,wordlist-2=3,wordlist-3=3)
sanction	v	3	band	pending	2026-09-16	panel median 3 (wordlist-1=3,wordlist-2=3,wordlist-3=3)
sandal	n	3	band	pending	2026-09-16	panel median 3 (wordlist-1=4,wordlist-2=2,wordlist-3=3)
sandy	adj	3	band	pending	2026-09-16	panel median 3 (wordlist-1=3,wordlist-2=3,wordlist-3=3); referenced by sand-n
saucepan	n	3	band	pending	2026-09-16	panel median 3 (wordlist-1=4,wordlist-2=3,wordlist-3=3); referenced by pan-n; referenced by sauce-n
sausage	n	2	band	pending	2026-09-16	panel median 2 (wordlist-1=3,wordlist-2=2,wordlist-3=2)
scan	n	3	band	pending	2026-09-16	panel median 3 (wordlist-1=3,wordlist-2=2,wordlist-3=3); referenced by x-ray-n
scan	v	3	band	pending	2026-09-16	panel median 3 (wordlist-1=3,wordlist-2=2,wordlist-3=3)
scandal	n	3	band	pending	2026-09-16	panel median 3 (wordlist-1=3,wordlist-2=2,wordlist-3=3)
scarf	n	3	band	pending	2026-09-16	panel median 3 (wordlist-1=3,wordlist-2=2,wordlist-3=3)
scatter	v	3	band	pending	2026-09-16	panel median 3 (wordlist-1=3,wordlist-2=2,wordlist-3=3)
scenic	adj	3	band	pending	2026-09-16	panel median 3 (wordlist-1=3,wordlist-2=3,wordlist-3=4); referenced by scene-n
scholarship	n	3	band	pending	2026-09-16	panel median 3 (wordlist-1=3,wordlist-2=2,wordlist-3=3)
scooter	n	3	band	pending	2026-09-16	panel median 3 (wordlist-1=3,wordlist-2=2,wordlist-3=3)
scope	n	3	band	pending	2026-09-16	panel median 3 (wordlist-1=3,wordlist-2=2,wordlist-3=3)
scrape	n	3	band	pending	2026-09-16	panel median 3 (wordlist-1=4,wordlist-2=3,wordlist-3=3)
scrape	v	3	band	pending	2026-09-16	panel median 3 (wordlist-1=3,wordlist-2=2,wordlist-3=3)
screwdriver	n	3	band	pending	2026-09-16	panel median 3 (wordlist-1=4,wordlist-2=3,wordlist-3=3)
scrub	v	3	band	pending	2026-09-16	panel median 3 (wordlist-1=3,wordlist-2=3,wordlist-3=3)
sculpture	n	3	band	pending	2026-09-16	panel median 3 (wordlist-1=3,wordlist-2=2,wordlist-3=3)
seafood	n	3	band	pending	2026-09-16	panel median 3 (wordlist-1=3,wordlist-2=2,wordlist-3=3); referenced by fish-n; referenced by sea-n
seam	n	3	band	pending	2026-09-16	panel median 3 (wordlist-1=3,wordlist-2=3,wordlist-3=4)
seasoning	n	3	band	pending	2026-09-16	panel median 3 (wordlist-1=3,wordlist-2=3,wordlist-3=3); referenced by season-n
secondary	adj	2	band	pending	2026-09-16	panel median 2 (wordlist-1=3,wordlist-2=2,wordlist-3=2); referenced by main-adj
see you	phr	1	band	pending	2026-09-16	panel median 1 (wordlist-1=1,wordlist-2=1,wordlist-3=1)
seemingly	adv	3	band	pending	2026-09-16	panel median 3 (wordlist-1=4,wordlist-2=3,wordlist-3=3); referenced by seem-v
segment	n	3	band	pending	2026-09-16	panel median 3 (wordlist-1=3,wordlist-2=2,wordlist-3=3)
seizure	n	3	band	pending	2026-09-16	panel median 3 (wordlist-1=3,wordlist-2=3,wordlist-3=4)
seminar	n	3	band	pending	2026-09-16	panel median 3 (wordlist-1=3,wordlist-2=2,wordlist-3=3)
senate	n	3	band	pending	2026-09-16	panel median 3 (wordlist-1=3,wordlist-2=2,wordlist-3=3)
serving	n	3	band	pending	2026-09-16	panel median 3 (wordlist-1=3,wordlist-2=2,wordlist-3=3); referenced by serve-v
severe	adj	2	band	pending	2026-09-16	panel median 2 (wordlist-1=3,wordlist-2=2,wordlist-3=2); referenced by bad-adj
shabby	adj	3	band	pending	2026-09-16	panel median 3 (wordlist-1=4,wordlist-2=3,wordlist-3=3)
shed	n	3	band	pending	2026-09-16	panel median 3 (wordlist-1=3,wordlist-2=2,wordlist-3=3)
shift	n	2	band	pending	2026-09-16	panel median 2 (wordlist-1=2,wordlist-2=2,wordlist-3=2)
shift	v	2	band	pending	2026-09-16	panel median 2 (wordlist-1=2,wordlist-2=2,wordlist-3=2)
shortly	adv	2	band	pending	2026-09-16	panel median 2 (wordlist-1=3,wordlist-2=2,wordlist-3=2)
shrewd	adj	3	band	pending	2026-09-16	panel median 3 (wordlist-1=4,wordlist-2=3,wordlist-3=3)
sideways	adv	3	band	pending	2026-09-16	panel median 3 (wordlist-1=4,wordlist-2=3,wordlist-3=3); referenced by way-n; referenced by side-n
significant	adj	2	band	pending	2026-09-16	panel median 2 (wordlist-1=3,wordlist-2=1,wordlist-3=2)
significantly	adv	2	band	pending	2026-09-16	panel median 2 (wordlist-1=4,wordlist-2=2,wordlist-3=2)
simmer	v	3	band	pending	2026-09-16	panel median 3 (wordlist-1=4,wordlist-2=3,wordlist-3=3); referenced by boil-v
sincere	adj	3	band	pending	2026-09-16	panel median 3 (wordlist-1=3,wordlist-2=3,wordlist-3=3)
singer	n	2	band	done	2026-09-16	panel median 2 (wordlist-1=3,wordlist-2=1,wordlist-3=2); referenced by sing-v
sip	v	3	band	pending	2026-09-16	panel median 3 (wordlist-1=4,wordlist-2=3,wordlist-3=3)
skeptical	adj	3	band	pending	2026-09-16	panel median 3 (wordlist-1=3,wordlist-2=3,wordlist-3=3)
skull	n	3	band	pending	2026-09-16	panel median 3 (wordlist-1=3,wordlist-2=3,wordlist-3=3)
skyscraper	n	3	band	pending	2026-09-16	panel median 3 (wordlist-1=4,wordlist-2=3,wordlist-3=3); referenced by sky-n
slaughter	v	3	band	pending	2026-09-16	panel median 3 (wordlist-1=4,wordlist-2=3,wordlist-3=3)
sleeve	n	2	band	done	2026-09-16	panel median 2 (wordlist-1=3,wordlist-2=2,wordlist-3=2)
slight	adj	2	band	pending	2026-09-16	panel median 2 (wordlist-1=3,wordlist-2=2,wordlist-3=2); referenced by slightly-adv
slightly	adv	2	band	done	2026-09-16	panel median 2 (wordlist-1=3,wordlist-2=2,wordlist-3=2); referenced by bit-n
slope	n	2	band	pending	2026-09-16	panel median 2 (wordlist-1=3,wordlist-2=2,wordlist-3=2); referenced by hill-n
smartphone	n	2	band	pending	2026-09-16	panel median 2 (wordlist-1=3,wordlist-2=2,wordlist-3=2)
sneaker	n	3	band	pending	2026-09-16	panel median 3 (wordlist-1=4,wordlist-2=3,wordlist-3=3)
soak	v	2	band	pending	2026-09-16	panel median 2 (wordlist-1=2,wordlist-2=2,wordlist-3=2)
sociable	adj	3	band	pending	2026-09-16	panel median 3 (wordlist-1=3,wordlist-2=3,wordlist-3=3)
soften	v	3	band	pending	2026-09-16	panel median 3 (wordlist-1=3,wordlist-2=3,wordlist-3=3)
sole	n	3	band	pending	2026-09-16	panel median 3 (wordlist-1=3,wordlist-2=3,wordlist-3=3)
somewhat	adv	2	band	pending	2026-09-16	panel median 2 (wordlist-1=2,wordlist-2=2,wordlist-3=2); referenced by slightly-adv
sore	adj	2	band	pending	2026-09-16	panel median 2 (wordlist-1=2,wordlist-2=2,wordlist-3=2)
spacious	adj	3	band	pending	2026-09-16	panel median 3 (wordlist-1=3,wordlist-2=3,wordlist-3=4); referenced by space-n
spam	n	2	band	pending	2026-09-16	panel median 2 (wordlist-1=2,wordlist-2=2,wordlist-3=2)
span	n	3	band	pending	2026-09-16	panel median 3 (wordlist-1=3,wordlist-2=3,wordlist-3=3)
sparkle	n	3	band	pending	2026-09-16	panel median 3 (wordlist-1=3,wordlist-2=3,wordlist-3=4); referenced by spark-n
sparkle	v	3	band	pending	2026-09-16	panel median 3 (wordlist-1=3,wordlist-2=3,wordlist-3=4); referenced by spark-n
speak up	phrv	2	band	pending	2026-09-16	panel median 2 (wordlist-1=2,wordlist-2=2,wordlist-3=3); referenced by speak-v
specialize	v	3	band	pending	2026-09-16	panel median 3 (wordlist-1=3,wordlist-2=2,wordlist-3=3)
species	n	2	band	pending	2026-09-16	panel median 2 (wordlist-1=2,wordlist-2=2,wordlist-3=2); referenced by family-n
specimen	n	3	band	pending	2026-09-16	panel median 3 (wordlist-1=4,wordlist-2=3,wordlist-3=3)
spectator	n	3	band	pending	2026-09-16	panel median 3 (wordlist-1=3,wordlist-2=3,wordlist-3=3)
speculate	v	3	band	pending	2026-09-16	panel median 3 (wordlist-1=3,wordlist-2=3,wordlist-3=3)
speculation	n	3	band	pending	2026-09-16	panel median 3 (wordlist-1=3,wordlist-2=3,wordlist-3=3)
spine	n	3	band	pending	2026-09-16	panel median 3 (wordlist-1=3,wordlist-2=3,wordlist-3=3)
splendid	adj	3	band	pending	2026-09-16	panel median 3 (wordlist-1=3,wordlist-2=3,wordlist-3=3)
sponge	n	3	band	pending	2026-09-16	panel median 3 (wordlist-1=3,wordlist-2=3,wordlist-3=3)
spouse	n	3	band	pending	2026-09-16	panel median 3 (wordlist-1=3,wordlist-2=3,wordlist-3=2); referenced by husband-n; referenced by partner-n
spray	n	2	band	pending	2026-09-16	panel median 2 (wordlist-1=2,wordlist-2=2,wordlist-3=3)
spray	v	2	band	pending	2026-09-16	panel median 2 (wordlist-1=2,wordlist-2=2,wordlist-3=3)
squeeze	v	2	band	pending	2026-09-16	panel median 2 (wordlist-1=2,wordlist-2=2,wordlist-3=2)
st	abbr	3	band	pending	2026-09-16	panel median 3 (wordlist-1=3,wordlist-2=2,wordlist-3=4)
stable	n	3	band	pending	2026-09-16	panel median 3 (wordlist-1=3,wordlist-2=3,wordlist-3=3)
stack	v	3	band	pending	2026-09-16	panel median 3 (wordlist-1=3,wordlist-2=3,wordlist-3=3)
stadium	n	2	band	pending	2026-09-16	panel median 2 (wordlist-1=2,wordlist-2=2,wordlist-3=2); referenced by park-n
stain	n	3	band	pending	2026-09-16	panel median 3 (wordlist-1=3,wordlist-2=3,wordlist-3=3); referenced by mark-n
stain	v	3	band	pending	2026-09-16	panel median 3 (wordlist-1=3,wordlist-2=3,wordlist-3=3); referenced by discolor-v
stall	n	3	band	pending	2026-09-16	panel median 3 (wordlist-1=3,wordlist-2=3,wordlist-3=3)
stance	n	3	band	pending	2026-09-16	panel median 3 (wordlist-1=3,wordlist-2=3,wordlist-3=3)
stare	v	2	band	pending	2026-09-16	panel median 2 (wordlist-1=2,wordlist-2=2,wordlist-3=2)
start out	phrv	3	band	pending	2026-09-16	panel median 3 (wordlist-1=2,wordlist-2=3,wordlist-3=3); referenced by start-v
starter	n	3	band	pending	2026-09-16	panel median 3 (wordlist-1=3,wordlist-2=3,wordlist-3=3); referenced by start-v
statistical	adj	3	band	pending	2026-09-16	panel median 3 (wordlist-1=4,wordlist-2=3,wordlist-3=3)
statue	n	3	band	pending	2026-09-16	panel median 3 (wordlist-1=3,wordlist-2=2,wordlist-3=3)
stay away	phrv	3	band	pending	2026-09-16	panel median 3 (wordlist-1=3,wordlist-2=2,wordlist-3=3)
steering	n	3	band	pending	2026-09-16	panel median 3 (wordlist-1=3,wordlist-2=3,wordlist-3=4)
stew	n	3	band	pending	2026-09-16	panel median 3 (wordlist-1=3,wordlist-2=3,wordlist-3=3); referenced by soup-n
stew	v	3	band	pending	2026-09-16	panel median 3 (wordlist-1=3,wordlist-2=4,wordlist-3=3)
stink	v	2	band	pending	2026-09-16	panel median 2 (wordlist-1=3,wordlist-2=2,wordlist-3=2)
stitch	n	2	band	pending	2026-09-16	panel median 2 (wordlist-1=4,wordlist-2=2,wordlist-3=2)
stop by	phrv	2	band	pending	2026-09-16	panel median 2 (wordlist-1=3,wordlist-2=2,wordlist-3=2); referenced by stop-v
storage	n	2	band	pending	2026-09-16	panel median 2 (wordlist-1=3,wordlist-2=2,wordlist-3=2); referenced by store-n
storefront	n	3	band	pending	2026-09-16	panel median 3 (wordlist-1=4,wordlist-2=3,wordlist-3=3)
straightforward	adj	2	band	pending	2026-09-16	panel median 2 (wordlist-1=2,wordlist-2=2,wordlist-3=2)
straightforwardly	adv	3	band	pending	2026-09-16	panel median 3 (wordlist-1=3,wordlist-2=3,wordlist-3=3)
strap	n	2	band	pending	2026-09-16	panel median 2 (wordlist-1=3,wordlist-2=2,wordlist-3=2); used in purse-n senses[0].definition; pos guessed (no morphological signal), check before claiming
strategy	n	1	band	done	2026-09-16	panel median 1 (wordlist-1=2,wordlist-2=1,wordlist-3=1)
stretcher	n	3	band	pending	2026-09-16	panel median 3 (wordlist-1=4,wordlist-2=3,wordlist-3=3)
striped	adj	3	band	pending	2026-09-16	panel median 3 (wordlist-1=3,wordlist-2=2,wordlist-3=3)
stubborn	adj	2	band	pending	2026-09-16	panel median 2 (wordlist-1=3,wordlist-2=2,wordlist-3=2)
stumble	v	2	band	pending	2026-09-16	panel median 2 (wordlist-1=3,wordlist-2=2,wordlist-3=2)
stylish	adj	3	band	pending	2026-09-16	panel median 3 (wordlist-1=3,wordlist-2=3,wordlist-3=2); referenced by style-n
subjective	adj	3	band	pending	2026-09-16	panel median 3 (wordlist-1=3,wordlist-2=3,wordlist-3=3); referenced by subject-n
substantial	adj	2	band	pending	2026-09-16	panel median 2 (wordlist-1=2,wordlist-2=2,wordlist-3=2); referenced by substance-n
suburb	n	2	band	pending	2026-09-16	panel median 2 (wordlist-1=3,wordlist-2=2,wordlist-3=2)
suburban	adj	3	band	pending	2026-09-16	panel median 3 (wordlist-1=3,wordlist-2=2,wordlist-3=3)
suitably	adv	3	band	pending	2026-09-16	panel median 3 (wordlist-1=4,wordlist-2=3,wordlist-3=3)
suitcase	n	2	band	pending	2026-09-16	panel median 2 (wordlist-1=3,wordlist-2=2,wordlist-3=2); used in pack-v senses[0].definition; pos guessed (no morphological signal), check before claiming; referenced by bag-n
summarize	v	2	band	pending	2026-09-16	panel median 2 (wordlist-1=3,wordlist-2=2,wordlist-3=2)
summary	n	2	band	pending	2026-09-16	panel median 2 (wordlist-1=2,wordlist-2=2,wordlist-3=2)
sunrise	n	3	band	pending	2026-09-16	panel median 3 (wordlist-1=3,wordlist-2=2,wordlist-3=3)
sunscreen	n	3	band	pending	2026-09-16	panel median 3 (wordlist-1=3,wordlist-2=2,wordlist-3=3)
sunset	n	3	band	pending	2026-09-16	panel median 3 (wordlist-1=3,wordlist-2=2,wordlist-3=3)
superb	adj	3	band	pending	2026-09-16	panel median 3 (wordlist-1=3,wordlist-2=3,wordlist-3=3)
supervisor	n	3	band	pending	2026-09-16	panel median 3 (wordlist-1=3,wordlist-2=2,wordlist-3=3)
supplier	n	2	band	pending	2026-09-16	panel median 2 (wordlist-1=3,wordlist-2=2,wordlist-3=2); referenced by supply-v; referenced by supply-n
supportive	adj	2	band	pending	2026-09-16	panel median 2 (wordlist-1=3,wordlist-2=2,wordlist-3=2); referenced by support-v; referenced by support-n
supposedly	adv	2	band	pending	2026-09-16	panel median 2 (wordlist-1=3,wordlist-2=2,wordlist-3=2); referenced by suppose-v
surgeon	n	2	band	pending	2026-09-16	panel median 2 (wordlist-1=3,wordlist-2=2,wordlist-3=2); referenced by doctor-n; referenced by surgery-n
surplus	n	3	band	pending	2026-09-16	panel median 3 (wordlist-1=4,wordlist-2=3,wordlist-3=3)
surrender	n	3	band	pending	2026-09-16	panel median 3 (wordlist-1=4,wordlist-2=3,wordlist-3=3)
surrender	v	3	band	pending	2026-09-16	panel median 3 (wordlist-1=3,wordlist-2=2,wordlist-3=3); referenced by give-up-phrv
survey	n	2	band	pending	2026-09-16	panel median 2 (wordlist-1=2,wordlist-2=1,wordlist-3=2)
survey	v	2	band	pending	2026-09-16	panel median 2 (wordlist-1=2,wordlist-2=2,wordlist-3=2)
suspicious	adj	2	band	pending	2026-09-16	panel median 2 (wordlist-1=3,wordlist-2=2,wordlist-3=2); referenced by suspect-v; referenced by suspicion-n
sustainable	adj	3	band	pending	2026-09-16	panel median 3 (wordlist-1=3,wordlist-2=2,wordlist-3=3)
swamp	n	3	band	pending	2026-09-16	panel median 3 (wordlist-1=3,wordlist-2=3,wordlist-3=3)
swelling	n	3	band	pending	2026-09-16	panel median 3 (wordlist-1=3,wordlist-2=3,wordlist-3=3); referenced by swell-v
swimsuit	n	3	band	pending	2026-09-16	panel median 3 (wordlist-1=3,wordlist-2=2,wordlist-3=3)
sympathy	n	2	band	pending	2026-09-16	panel median 2 (wordlist-1=3,wordlist-2=2,wordlist-3=2); referenced by pity-n
synthetic	adj	3	band	pending	2026-09-16	panel median 3 (wordlist-1=3,wordlist-2=3,wordlist-3=3)
syringe	n	3	band	pending	2026-09-16	panel median 3 (wordlist-1=4,wordlist-2=3,wordlist-3=3)
syrup	n	2	band	pending	2026-09-16	panel median 2 (wordlist-1=3,wordlist-2=2,wordlist-3=2)
tablecloth	n	3	band	pending	2026-09-16	panel median 3 (wordlist-1=4,wordlist-2=3,wordlist-3=3); referenced by cloth-n; referenced by table-n
tablet	n	2	band	pending	2026-09-16	panel median 2 (wordlist-1=2,wordlist-2=2,wordlist-3=2); referenced by pill-n
tailor	n	3	band	pending	2026-09-16	panel median 3 (wordlist-1=4,wordlist-2=3,wordlist-3=2)
tailor	v	3	band	pending	2026-09-16	panel median 3 (wordlist-1=4,wordlist-2=2,wordlist-3=3)
take care	phr	1	band	pending	2026-09-16	panel median 1 (wordlist-1=1,wordlist-2=1,wordlist-3=3)
take out	phrv	1	band	pending	2026-09-16	panel median 1 (wordlist-1=1,wordlist-2=1,wordlist-3=2); referenced by take-v
takeaway	n	3	band	pending	2026-09-16	panel median 3 (wordlist-1=3,wordlist-2=2,wordlist-3=3)
talented	adj	2	band	pending	2026-09-16	panel median 2 (wordlist-1=3,wordlist-2=2,wordlist-3=2)
talk to	phrv	1	band	pending	2026-09-16	panel median 1 (wordlist-1=1,wordlist-2=1,wordlist-3=2)
tanned	adj	3	band	pending	2026-09-16	panel median 3 (wordlist-1=4,wordlist-2=3,wordlist-3=3)
tasty	adj	2	band	pending	2026-09-16	panel median 2 (wordlist-1=3,wordlist-2=2,wordlist-3=2); referenced by taste-v
tear down	phrv	3	band	pending	2026-09-16	panel median 3 (wordlist-1=3,wordlist-2=3,wordlist-3=3); referenced by tear-v
tear up	phrv	3	band	pending	2026-09-16	panel median 3 (wordlist-1=3,wordlist-2=3,wordlist-3=3); referenced by tear-v
temporarily	adv	3	band	pending	2026-09-16	panel median 3 (wordlist-1=3,wordlist-2=3,wordlist-3=3)
tenant	n	3	band	pending	2026-09-16	panel median 3 (wordlist-1=3,wordlist-2=3,wordlist-3=3)
tender	adj	3	band	pending	2026-09-16	panel median 3 (wordlist-1=3,wordlist-2=3,wordlist-3=3)
terminal	adj	3	band	pending	2026-09-16	panel median 3 (wordlist-1=3,wordlist-2=3,wordlist-3=3)
terminal	n	3	band	pending	2026-09-16	panel median 3 (wordlist-1=3,wordlist-2=2,wordlist-3=3)
terrace	n	3	band	pending	2026-09-16	panel median 3 (wordlist-1=4,wordlist-2=3,wordlist-3=3)
terrain	n	3	band	pending	2026-09-16	panel median 3 (wordlist-1=4,wordlist-2=3,wordlist-3=3)
terrorism	n	3	band	pending	2026-09-16	panel median 3 (wordlist-1=3,wordlist-2=2,wordlist-3=3)
terrorist	n	3	band	pending	2026-09-16	panel median 3 (wordlist-1=3,wordlist-2=2,wordlist-3=3)
theoretical	adj	3	band	pending	2026-09-16	panel median 3 (wordlist-1=4,wordlist-2=3,wordlist-3=3); referenced by practical-adj
therapist	n	3	band	pending	2026-09-16	panel median 3 (wordlist-1=3,wordlist-2=2,wordlist-3=3)
therapy	n	3	band	pending	2026-09-16	panel median 3 (wordlist-1=3,wordlist-2=2,wordlist-3=3)
thickness	n	3	band	pending	2026-09-16	panel median 3 (wordlist-1=4,wordlist-2=3,wordlist-3=3)
thoughtful	adj	2	band	pending	2026-09-16	panel median 2 (wordlist-1=3,wordlist-2=2,wordlist-3=2)
throw up	phrv	3	band	pending	2026-09-16	panel median 3 (wordlist-1=2,wordlist-2=3,wordlist-3=3); referenced by throw-v
tide	n	3	band	pending	2026-09-16	panel median 3 (wordlist-1=3,wordlist-2=3,wordlist-3=3)
tidy up	phrv	3	band	pending	2026-09-16	panel median 3 (wordlist-1=3,wordlist-2=3,wordlist-3=3)
times	n	2	band	pending	2026-09-16	panel median 2 (wordlist-1=1,wordlist-2=2,wordlist-3=2)
timetable	n	3	band	pending	2026-09-16	panel median 3 (wordlist-1=3,wordlist-2=3,wordlist-3=3); referenced by time-n; referenced by schedule-n
tiny	adj	2	band	pending	2026-09-16	panel median 2 (wordlist-1=3,wordlist-2=1,wordlist-3=2)
toaster	n	3	band	pending	2026-09-16	panel median 3 (wordlist-1=3,wordlist-2=3,wordlist-3=3)
toddler	n	2	band	pending	2026-09-16	panel median 2 (wordlist-1=3,wordlist-2=2,wordlist-3=2); referenced by child-n
tolerance	n	3	band	pending	2026-09-16	panel median 3 (wordlist-1=3,wordlist-2=3,wordlist-3=2)
tolerant	adj	3	band	pending	2026-09-16	panel median 3 (wordlist-1=4,wordlist-2=3,wordlist-3=2)
tornado	n	3	band	pending	2026-09-16	panel median 3 (wordlist-1=3,wordlist-2=3,wordlist-3=3)
tournament	n	3	band	pending	2026-09-16	panel median 3 (wordlist-1=3,wordlist-2=2,wordlist-3=3)
toxic	adj	3	band	pending	2026-09-16	panel median 3 (wordlist-1=3,wordlist-2=2,wordlist-3=3)
tractor	n	3	band	pending	2026-09-16	panel median 3 (wordlist-1=3,wordlist-2=2,wordlist-3=3)
translation	n	2	band	pending	2026-09-16	panel median 2 (wordlist-1=3,wordlist-2=2,wordlist-3=2); referenced by translate-v
transparent	adj	3	band	pending	2026-09-16	panel median 3 (wordlist-1=3,wordlist-2=3,wordlist-3=3)
tray	n	3	band	pending	2026-09-16	panel median 3 (wordlist-1=3,wordlist-2=2,wordlist-3=3)
trend	n	2	band	pending	2026-09-16	panel median 2 (wordlist-1=2,wordlist-2=2,wordlist-3=2); referenced by fashion-n
tricky	adj	2	band	pending	2026-09-16	panel median 2 (wordlist-1=3,wordlist-2=2,wordlist-3=2)
tropical	adj	3	band	pending	2026-09-16	panel median 3 (wordlist-1=3,wordlist-2=2,wordlist-3=3)
trousers	n	2	band	pending	2026-09-16	panel median 2 (wordlist-1=2,wordlist-2=2,wordlist-3=2); referenced by pants-n
trunk	n	3	band	pending	2026-09-16	panel median 3 (wordlist-1=3,wordlist-2=2,wordlist-3=3); referenced by body-n; referenced by boot-n
tumor	n	3	band	pending	2026-09-16	panel median 3 (wordlist-1=3,wordlist-2=2,wordlist-3=3); referenced by cancer-n; referenced by growth-n
turn around	phrv	2	band	pending	2026-09-16	panel median 2 (wordlist-1=2,wordlist-2=2,wordlist-3=1)
twilight	n	3	band	pending	2026-09-16	panel median 3 (wordlist-1=4,wordlist-2=3,wordlist-3=2)
typically	adv	2	band	pending	2026-09-16	panel median 2 (wordlist-1=3,wordlist-2=2,wordlist-3=2)
tire	n	3	band	pending	2026-09-16	panel median 3 (wordlist-1=3,wordlist-2=2,wordlist-3=3)
ugh	interj	3	band	pending	2026-09-16	panel median 3 (wordlist-1=3,wordlist-2=2,wordlist-3=4)
ultimately	adv	2	band	pending	2026-09-16	panel median 2 (wordlist-1=3,wordlist-2=2,wordlist-3=2)
uncertain	adj	2	band	pending	2026-09-16	panel median 2 (wordlist-1=3,wordlist-2=2,wordlist-3=2)
unconscious	adj	3	band	pending	2026-09-16	panel median 3 (wordlist-1=3,wordlist-2=3,wordlist-3=3)
underneath	prep	3	band	done	2026-09-16	panel median 3 (wordlist-1=3,wordlist-2=2,wordlist-3=3)
uneven	adj	3	band	pending	2026-09-16	panel median 3 (wordlist-1=3,wordlist-2=3,wordlist-3=3)
unfold	v	3	band	pending	2026-09-16	panel median 3 (wordlist-1=3,wordlist-2=3,wordlist-3=3); referenced by fold-v
unique	adj	2	band	pending	2026-09-16	panel median 2 (wordlist-1=2,wordlist-2=2,wordlist-3=2)
unlike	prep	2	band	pending	2026-09-16	panel median 2 (wordlist-1=3,wordlist-2=2,wordlist-3=2); referenced by like-prep
unpaid	adj	3	band	pending	2026-09-16	panel median 3 (wordlist-1=3,wordlist-2=3,wordlist-3=3)
unplug	v	3	band	pending	2026-09-16	panel median 3 (wordlist-1=4,wordlist-2=3,wordlist-3=3); referenced by plug-n
untie	v	3	band	pending	2026-09-16	panel median 3 (wordlist-1=4,wordlist-2=3,wordlist-3=3); referenced by tie-v
unusual	adj	2	band	pending	2026-09-16	panel median 2 (wordlist-1=2,wordlist-2=2,wordlist-3=2)
unusually	adv	3	band	pending	2026-09-16	panel median 3 (wordlist-1=3,wordlist-2=3,wordlist-3=2)
unwrap	v	3	band	pending	2026-09-16	panel median 3 (wordlist-1=4,wordlist-2=3,wordlist-3=3); referenced by wrap-v
upbringing	n	3	band	pending	2026-09-16	panel median 3 (wordlist-1=3,wordlist-2=3,wordlist-3=2)
update	n	2	band	pending	2026-09-16	panel median 2 (wordlist-1=2,wordlist-2=2,wordlist-3=2)
update	v	2	band	pending	2026-09-16	panel median 2 (wordlist-1=2,wordlist-2=2,wordlist-3=2)
urban	adj	2	band	pending	2026-09-16	panel median 2 (wordlist-1=3,wordlist-2=2,wordlist-3=2)
urine	n	3	band	pending	2026-09-16	panel median 3 (wordlist-1=4,wordlist-2=3,wordlist-3=3)
url	abbr	3	band	pending	2026-09-16	panel median 3 (wordlist-1=3,wordlist-2=3,wordlist-3=3)
username	n	3	band	pending	2026-09-16	panel median 3 (wordlist-1=3,wordlist-2=2,wordlist-3=3); referenced by handle-n; referenced by password-n
utensil	n	3	band	pending	2026-09-16	panel median 3 (wordlist-1=4,wordlist-2=3,wordlist-3=3)
utterly	adv	3	band	pending	2026-09-16	panel median 3 (wordlist-1=3,wordlist-2=3,wordlist-3=3)
vaccinate	v	3	band	pending	2026-09-16	panel median 3 (wordlist-1=4,wordlist-2=3,wordlist-3=3)
vaccine	n	3	band	pending	2026-09-16	panel median 3 (wordlist-1=3,wordlist-2=2,wordlist-3=3)
vacuum	v	3	band	pending	2026-09-16	panel median 3 (wordlist-1=3,wordlist-2=3,wordlist-3=3)
vague	adj	3	band	pending	2026-09-16	panel median 3 (wordlist-1=3,wordlist-2=3,wordlist-3=2)
valid	adj	2	band	pending	2026-09-16	panel median 2 (wordlist-1=3,wordlist-2=2,wordlist-3=2); referenced by good-adj
validate	v	3	band	pending	2026-09-16	panel median 3 (wordlist-1=4,wordlist-2=3,wordlist-3=3)
valuable	adj	2	band	pending	2026-09-16	panel median 2 (wordlist-1=2,wordlist-2=2,wordlist-3=2)
van	n	2	band	pending	2026-09-16	panel median 2 (wordlist-1=2,wordlist-2=2,wordlist-3=2)
variable	n	3	band	pending	2026-09-16	panel median 3 (wordlist-1=3,wordlist-2=2,wordlist-3=3)
vast	adj	2	band	pending	2026-09-16	panel median 2 (wordlist-1=3,wordlist-2=2,wordlist-3=2)
vegan	adj	3	band	pending	2026-09-16	panel median 3 (wordlist-1=3,wordlist-2=2,wordlist-3=3)
vegan	n	3	band	pending	2026-09-16	panel median 3 (wordlist-1=3,wordlist-2=3,wordlist-3=3)
vegetarian	adj	3	band	pending	2026-09-16	panel median 3 (wordlist-1=3,wordlist-2=2,wordlist-3=3)
vegetarian	n	3	band	pending	2026-09-16	panel median 3 (wordlist-1=3,wordlist-2=2,wordlist-3=3)
vegetation	n	3	band	pending	2026-09-16	panel median 3 (wordlist-1=4,wordlist-2=3,wordlist-3=3)
velvet	n	3	band	pending	2026-09-16	panel median 3 (wordlist-1=4,wordlist-2=3,wordlist-3=3)
venue	n	3	band	pending	2026-09-16	panel median 3 (wordlist-1=3,wordlist-2=2,wordlist-3=3)
versus	prep	2	band	pending	2026-09-16	panel median 2 (wordlist-1=3,wordlist-2=2,wordlist-3=2)
vertical	adj	3	band	pending	2026-09-16	panel median 3 (wordlist-1=3,wordlist-2=3,wordlist-3=3)
vest	n	3	band	pending	2026-09-16	panel median 3 (wordlist-1=3,wordlist-2=3,wordlist-3=3)
vine	n	3	band	pending	2026-09-16	panel median 3 (wordlist-1=3,wordlist-2=3,wordlist-3=3)
vinegar	n	3	band	pending	2026-09-16	panel median 3 (wordlist-1=3,wordlist-2=3,wordlist-3=3)
violate	v	3	band	pending	2026-09-16	panel median 3 (wordlist-1=4,wordlist-2=3,wordlist-3=3)
violation	n	3	band	pending	2026-09-16	panel median 3 (wordlist-1=3,wordlist-2=3,wordlist-3=3)
vip	abbr	3	band	pending	2026-09-16	panel median 3 (wordlist-1=3,wordlist-2=2,wordlist-3=3)
virtual	adj	2	band	pending	2026-09-16	panel median 2 (wordlist-1=3,wordlist-2=2,wordlist-3=2)
virtually	adv	2	band	pending	2026-09-16	panel median 2 (wordlist-1=3,wordlist-2=2,wordlist-3=2)
visa	n	3	band	pending	2026-09-16	panel median 3 (wordlist-1=3,wordlist-2=2,wordlist-3=3)
visual	adj	2	band	pending	2026-09-16	panel median 2 (wordlist-1=3,wordlist-2=2,wordlist-3=2)
vital	adj	2	band	pending	2026-09-16	panel median 2 (wordlist-1=3,wordlist-2=2,wordlist-3=2)
vitamin	n	2	band	pending	2026-09-16	panel median 2 (wordlist-1=3,wordlist-2=2,wordlist-3=2)
vivid	adj	3	band	pending	2026-09-16	panel median 3 (wordlist-1=3,wordlist-2=3,wordlist-3=3)
vocabulary	n	3	band	pending	2026-09-16	panel median 3 (wordlist-1=3,wordlist-2=2,wordlist-3=3); referenced by grammar-n
volcano	n	3	band	pending	2026-09-16	panel median 3 (wordlist-1=3,wordlist-2=3,wordlist-3=3)
volunteer	n	2	band	pending	2026-09-16	panel median 2 (wordlist-1=2,wordlist-2=2,wordlist-3=2)
volunteer	v	2	band	pending	2026-09-16	panel median 2 (wordlist-1=3,wordlist-2=2,wordlist-3=2)
vomit	v	3	band	pending	2026-09-16	panel median 3 (wordlist-1=3,wordlist-2=3,wordlist-3=3)
voyage	n	3	band	pending	2026-09-16	panel median 3 (wordlist-1=4,wordlist-2=3,wordlist-3=3); referenced by journey-n
vs	abbr	3	band	pending	2026-09-16	panel median 3 (wordlist-1=3,wordlist-2=2,wordlist-3=4)
wallpaper	n	3	band	pending	2026-09-16	panel median 3 (wordlist-1=3,wordlist-2=3,wordlist-3=3)
wander	v	3	band	pending	2026-09-16	panel median 3 (wordlist-1=3,wordlist-2=3,wordlist-3=2); referenced by walk-v
ward	n	3	band	pending	2026-09-16	panel median 3 (wordlist-1=3,wordlist-2=3,wordlist-3=3)
wardrobe	n	3	band	pending	2026-09-16	panel median 3 (wordlist-1=3,wordlist-2=2,wordlist-3=3); referenced by closet-n
warehouse	n	3	band	pending	2026-09-16	panel median 3 (wordlist-1=3,wordlist-2=3,wordlist-3=3); referenced by house-n
warm up	phrv	2	band	pending	2026-09-16	panel median 2 (wordlist-1=2,wordlist-2=2,wordlist-3=2); referenced by warm-v
warmth	n	3	band	pending	2026-09-16	panel median 3 (wordlist-1=3,wordlist-2=3,wordlist-3=3); referenced by warm-v; referenced by heat-n; used in heat-n senses[0].definition; pos guessed (no morphological signal), check before claiming
waterproof	adj	3	band	pending	2026-09-16	panel median 3 (wordlist-1=3,wordlist-2=3,wordlist-3=3); referenced by water-n; referenced by proof-n
weird	adj	2	band	pending	2026-09-16	panel median 2 (wordlist-1=2,wordlist-2=1,wordlist-3=2)
weirdly	adv	3	band	pending	2026-09-16	panel median 3 (wordlist-1=3,wordlist-2=3,wordlist-3=3)
welfare	n	2	band	pending	2026-09-16	panel median 2 (wordlist-1=3,wordlist-2=2,wordlist-3=2)
whichever	det	3	band	pending	2026-09-16	panel median 3 (wordlist-1=3,wordlist-2=3,wordlist-3=3)
whichever	pron	3	band	pending	2026-09-16	panel median 3 (wordlist-1=3,wordlist-2=3,wordlist-3=3)
whisk	n	3	band	pending	2026-09-16	panel median 3 (wordlist-1=4,wordlist-2=3,wordlist-3=3)
whisk	v	3	band	pending	2026-09-16	panel median 3 (wordlist-1=3,wordlist-2=3,wordlist-3=3)
whoever	pron	3	band	pending	2026-09-16	panel median 3 (wordlist-1=3,wordlist-2=2,wordlist-3=3)
wholesale	adj	3	band	pending	2026-09-16	panel median 3 (wordlist-1=3,wordlist-2=3,wordlist-3=3)
whoops	interj	3	band	pending	2026-09-16	panel median 3 (wordlist-1=3,wordlist-2=3,wordlist-3=4)
wilderness	n	3	band	pending	2026-09-16	panel median 3 (wordlist-1=3,wordlist-2=3,wordlist-3=3)
wildlife	n	3	band	pending	2026-09-16	panel median 3 (wordlist-1=3,wordlist-2=2,wordlist-3=3); referenced by animal-n; referenced by life-n; referenced by nature-n
wireless	adj	3	band	pending	2026-09-16	panel median 3 (wordlist-1=3,wordlist-2=2,wordlist-3=4)
wonderfully	adv	3	band	pending	2026-09-16	panel median 3 (wordlist-1=3,wordlist-2=3,wordlist-3=2)
woolen	adj	3	band	pending	2026-09-16	panel median 3 (wordlist-1=4,wordlist-2=3,wordlist-3=3)
workforce	n	2	band	pending	2026-09-16	panel median 2 (wordlist-1=3,wordlist-2=2,wordlist-3=2)
workplace	n	2	band	pending	2026-09-16	panel median 2 (wordlist-1=3,wordlist-2=2,wordlist-3=2)
worship	n	3	band	pending	2026-09-16	panel median 3 (wordlist-1=3,wordlist-2=3,wordlist-3=2)
worship	v	3	band	pending	2026-09-16	panel median 3 (wordlist-1=3,wordlist-2=3,wordlist-3=2); referenced by god-n
worthwhile	adj	2	band	pending	2026-09-16	panel median 2 (wordlist-1=3,wordlist-2=2,wordlist-3=2)
wrestling	n	3	band	pending	2026-09-16	panel median 3 (wordlist-1=3,wordlist-2=3,wordlist-3=2)
wrinkle	n	3	band	pending	2026-09-16	panel median 3 (wordlist-1=3,wordlist-2=3,wordlist-3=4)
x-ray	n	2	band	done	2026-09-16	panel median 2 (wordlist-1=3,wordlist-2=2,wordlist-3=2)
yay	interj	2	band	pending	2026-09-16	panel median 2 (wordlist-1=3,wordlist-2=2,wordlist-3=2)
yield	n	3	band	pending	2026-09-16	panel median 3 (wordlist-1=3,wordlist-2=3,wordlist-3=2)
yield	v	2	band	pending	2026-09-16	panel median 2 (wordlist-1=3,wordlist-2=2,wordlist-3=2)
yogurt	n	2	band	pending	2026-09-16	panel median 2 (wordlist-1=3,wordlist-2=2,wordlist-3=2)
you are welcome	phr	2	band	pending	2026-09-16	panel median 2 (wordlist-1=2,wordlist-2=1,wordlist-3=2)
yuck	interj	3	band	pending	2026-09-16	panel median 3 (wordlist-1=3,wordlist-2=3,wordlist-3=2)
zipper	n	3	band	pending	2026-09-16	panel median 3 (wordlist-1=3,wordlist-2=3,wordlist-3=2)
advice	n	2	owner	done	2026-09-16	seed set (founding session)
each other	pron	1	owner	done	2026-09-16	seed set (founding session)
favorite	adj	2	owner	done	2026-09-16	seed set (founding session)
in spite of	prep	2	owner	done	2026-09-16	seed set (founding session)
o'clock	adv	2	owner	done	2026-09-16	seed set (founding session)
record	v	1	owner	done	2026-09-16	seed set (founding session)
shit	n	3	owner	done	2026-09-16	seed set (founding session)
accompany	v	3	crossref	pending	2026-09-16	referenced by see-v
account for	phrv	3	crossref	pending	2026-09-16	referenced by explain-v
address	v	3	crossref	pending	2026-09-16	referenced by speak-v; referenced by address-n
advisable	adj	3	family	pending	2026-09-16	referenced by advice-n
advise	v	3	crossref	pending	2026-09-16	referenced by advice-n; referenced by warn-v
adviser	n	3	family	pending	2026-09-16	referenced by advice-n
advisory	adj	3	family	pending	2026-09-16	referenced by advice-n
ancient	adj	3	crossref	pending	2026-09-16	referenced by old-adj
antique	adj	3	crossref	pending	2026-09-16	referenced by old-adj
anyhow	adv	3	crossref	pending	2026-09-16	referenced by anyway-adv; referenced by any-det
anytime	adv	3	family	pending	2026-09-16	referenced by time-n
applause	n	3	crossref	pending	2026-09-16	referenced by hand-n
array	n	3	crossref	pending	2026-09-16	referenced by bank-n
aspect	n	3	crossref	pending	2026-09-16	referenced by way-n; referenced by side-n
bank holiday	n	3	family	pending	2026-09-16	referenced by bank-n
bank on	phrv	3	family	pending	2026-09-16	referenced by bank-n; referenced by bank-v
bank	v	3	family	done	2026-09-16	referenced by bank-n
bankable	adj	3	family	pending	2026-09-16	referenced by bank-n
banker	n	3	family	pending	2026-09-16	referenced by bank-n; referenced by bank-v
banking	n	3	family	pending	2026-09-16	referenced by bank-n; referenced by bank-v
banknote	n	3	family	pending	2026-09-16	referenced by bank-n; referenced by note-n
bankruptcy	n	3	family	pending	2026-09-16	referenced by bank-n
because of	prep	3	crossref	pending	2026-09-16	referenced by because-conj
bedtime	n	3	family	pending	2026-09-16	referenced by time-n; referenced by bed-n
beforehand	adv	3	family	pending	2026-09-16	referenced by hand-n
being	n	3	family	pending	2026-09-16	referenced by be-v
best	adj	3	family	pending	2026-09-16	referenced by good-adj
better	adj	3	family	pending	2026-09-16	referenced by good-adj; referenced by improvement-n
borrower	n	3	family	pending	2026-09-16	referenced by borrow-v
borrowing	n	3	family	pending	2026-09-16	referenced by borrow-v
broadcast	v	3	crossref	pending	2026-09-16	referenced by run-v
bullshit	n	3	crossref	pending	2026-09-16	referenced by shit-n
capture	v	3	crossref	pending	2026-09-16	referenced by take-v
care for	phrv	3	crossref	pending	2026-09-16	referenced by look-after-phrv
cd	n	3	crossref	pending	2026-09-16	referenced by record-n
chairperson	n	3	family	pending	2026-09-16	referenced by person-n; referenced by chair-n; referenced by chair-v
chamber	n	3	crossref	pending	2026-09-16	referenced by house-n
chat	v	3	crossref	pending	2026-09-16	referenced by talk-v
chief	adj	3	crossref	pending	2026-09-16	referenced by main-adj
chief	n	3	crossref	pending	2026-09-16	referenced by head-n; referenced by leader-n
childhood	n	3	family	pending	2026-09-16	referenced by child-n
childish	adj	3	family	pending	2026-09-16	referenced by child-n
childless	adj	3	family	pending	2026-09-16	referenced by child-n
childlike	adj	3	family	pending	2026-09-16	referenced by child-n
claim	v	3	crossref	pending	2026-09-16	referenced by say-v; referenced by claim-n
colored	adj	3	family	pending	2026-09-16	referenced by color-n
colorful	adj	3	family	pending	2026-09-16	referenced by color-n
coloring	n	3	family	pending	2026-09-16	referenced by color-n
colorless	adj	3	family	pending	2026-09-16	referenced by color-n
content	adj	3	crossref	pending	2026-09-16	referenced by happy-adj
converse	v	3	crossref	pending	2026-09-16	referenced by talk-v; referenced by conversation-n
cop	n	3	crossref	pending	2026-09-16	referenced by police-n
crap	n	3	crossref	pending	2026-09-16	referenced by shit-n
currency	n	3	crossref	pending	2026-09-16	referenced by money-n
dash	v	3	crossref	pending	2026-09-16	referenced by run-v
daytime	n	3	family	pending	2026-09-16	referenced by time-n; referenced by day-n
detect	v	3	crossref	pending	2026-09-16	referenced by pick-up-phrv
dis	prefix	3	crossref	pending	2026-09-16	referenced by un-prefix
discolor	v	3	family	done	2026-09-16	referenced by color-n
doer	n	3	family	pending	2026-09-16	referenced by do-v
doghouse	n	3	family	pending	2026-09-16	referenced by house-n
doorway	n	3	family	pending	2026-09-16	referenced by way-n; referenced by door-n
dynasty	n	3	crossref	pending	2026-09-16	referenced by house-n
elder	adj	3	family	pending	2026-09-16	referenced by old-adj
embankment	n	3	family	pending	2026-09-16	referenced by bank-n
empty handed	adj	3	family	pending	2026-09-16	referenced by hand-n
enjoyable	adj	3	crossref	pending	2026-09-16	referenced by good-adj; referenced by enjoy-v
ensure	v	3	crossref	pending	2026-09-16	referenced by see-v
equal	v	3	crossref	pending	2026-09-16	referenced by make-v
even though	conj	3	crossref	pending	2026-09-16	referenced by in-spite-of-prep; referenced by despite-prep; referenced by although-conj
evil	adj	3	crossref	pending	2026-09-16	referenced by good-adj
excrement	n	3	crossref	pending	2026-09-16	referenced by shit-n
experience	v	3	crossref	pending	2026-09-16	referenced by see-v; referenced by experience-n
explain away	phrv	3	family	pending	2026-09-16	referenced by explain-v
explanatory	adj	3	family	pending	2026-09-16	referenced by explain-v; referenced by explanation-n
extend	v	3	crossref	pending	2026-09-16	referenced by run-v; referenced by expand-v; referenced by reach-v; referenced by stretch-v
familial	adj	3	family	pending	2026-09-16	referenced by family-n
farmhouse	n	3	family	pending	2026-09-16	referenced by house-n; referenced by farm-n
favor	n	3	family	pending	2026-09-16	referenced by favorite-adj
favorite	n	3	family	pending	2026-09-16	referenced by favorite-adj
favoritism	n	3	family	pending	2026-09-16	referenced by favorite-adj
fetch	v	3	crossref	pending	2026-09-16	referenced by take-v; referenced by collect-v
film	v	3	crossref	pending	2026-09-16	referenced by record-v; referenced by film-n
firsthand	adj	3	family	pending	2026-09-16	referenced by hand-n
fist	n	3	crossref	pending	2026-09-16	referenced by hand-n
flat	n	3	crossref	pending	2026-09-16	referenced by house-n; referenced by apartment-n
flee	v	3	crossref	pending	2026-09-16	referenced by run-v; referenced by escape-v; referenced by flight-n
forehead	n	3	family	pending	2026-09-16	referenced by head-n
foresee	v	3	family	done	2026-09-16	referenced by see-v
foretell	v	3	family	done	2026-09-16	referenced by tell-v
freeway	n	3	family	pending	2026-09-16	referenced by way-n; referenced by highway-n
frightened	adj	3	crossref	pending	2026-09-16	referenced by afraid-adj
full time	adj	3	family	pending	2026-09-16	referenced by time-n
fund	n	3	crossref	pending	2026-09-16	referenced by money-n
gateway	n	3	family	pending	2026-09-16	referenced by way-n; referenced by gate-n
get together	n	3	family	pending	2026-09-16	referenced by get-v
getaway	n	3	family	pending	2026-09-16	referenced by get-v
give in	phrv	3	crossref	pending	2026-09-16	referenced by give-up-phrv; referenced by give-v
glad	adj	3	crossref	pending	2026-09-16	referenced by happy-adj
go ahead	n	3	family	pending	2026-09-16	referenced by go-v
go getter	n	3	family	pending	2026-09-16	referenced by go-v
go	n	3	family	pending	2026-09-16	referenced by go-v
going	adj	3	family	pending	2026-09-16	referenced by go-v
going	n	3	family	pending	2026-09-16	referenced by go-v
gone	adj	3	family	pending	2026-09-16	referenced by go-v
good	n	3	family	pending	2026-09-16	referenced by good-adj
goodness	n	3	family	pending	2026-09-16	referenced by good-adj
gossip	v	3	crossref	pending	2026-09-16	referenced by talk-v
guesthouse	n	3	family	pending	2026-09-16	referenced by house-n; referenced by guest-n
guidance	n	3	crossref	pending	2026-09-16	referenced by advice-n; referenced by guide-n
halfway	adv	3	family	pending	2026-09-16	referenced by way-n; referenced by half-det; referenced by half-n
hand	v	3	family	done	2026-09-16	referenced by hand-n; referenced by give-v
handbook	n	3	family	pending	2026-09-16	referenced by hand-n
handcuffs	n	3	family	pending	2026-09-16	referenced by hand-n
handful	n	3	family	pending	2026-09-16	referenced by hand-n
handheld	adj	3	family	pending	2026-09-16	referenced by hand-n
handmade	adj	3	family	pending	2026-09-16	referenced by hand-n; referenced by make-v
handout	n	3	family	pending	2026-09-16	referenced by hand-n
hands off	adj	3	family	pending	2026-09-16	referenced by hand-n
hands on	adj	3	family	pending	2026-09-16	referenced by hand-n
handshake	n	3	family	pending	2026-09-16	referenced by hand-n
handwriting	n	3	crossref	pending	2026-09-16	referenced by hand-n
handy	adj	3	family	pending	2026-09-16	referenced by hand-n
happily	adv	3	family	pending	2026-09-16	referenced by happy-adj
happiness	n	3	family	pending	2026-09-16	referenced by happy-adj; referenced by joy-n
head start	n	3	family	pending	2026-09-16	referenced by head-n
head teacher	n	3	family	pending	2026-09-16	referenced by head-n
head	v	3	family	done	2026-09-16	referenced by head-n
headache	n	3	family	pending	2026-09-16	referenced by head-n; referenced by pain-n
headband	n	3	family	pending	2026-09-16	referenced by head-n
headcount	n	3	family	pending	2026-09-16	referenced by head-n
header	n	3	family	pending	2026-09-16	referenced by head-n
headfirst	adv	3	family	pending	2026-09-16	referenced by head-n
heading	n	3	family	pending	2026-09-16	referenced by head-n; referenced by head-v
headlight	n	3	family	pending	2026-09-16	referenced by head-n
headphones	n	3	family	pending	2026-09-16	referenced by head-n
heads up	n	3	family	pending	2026-09-16	referenced by head-n
headscarf	n	3	family	pending	2026-09-16	referenced by head-n
headset	n	3	family	pending	2026-09-16	referenced by head-n
headstrong	adj	3	family	pending	2026-09-16	referenced by head-n
headway	n	3	family	pending	2026-09-16	referenced by head-n
house	v	3	family	done	2026-09-16	referenced by house-n
houseboat	n	3	family	pending	2026-09-16	referenced by house-n
housebound	adj	3	family	pending	2026-09-16	referenced by house-n
householder	n	3	family	pending	2026-09-16	referenced by house-n
housekeeper	n	3	family	pending	2026-09-16	referenced by house-n
housekeeping	n	3	family	pending	2026-09-16	referenced by house-n
housemate	n	3	family	pending	2026-09-16	referenced by house-n
houseplant	n	3	family	pending	2026-09-16	referenced by house-n
housewarming	n	3	family	pending	2026-09-16	referenced by house-n
housewife	n	3	family	pending	2026-09-16	referenced by house-n
housework	n	3	family	pending	2026-09-16	referenced by house-n
housing	n	3	family	pending	2026-09-16	referenced by house-n; referenced by house-v
huge	adj	3	crossref	pending	2026-09-16	referenced by big-adj
human	n	3	crossref	pending	2026-09-16	referenced by person-n
hurry	v	3	crossref	pending	2026-09-16	referenced by run-v; referenced by race-v
impersonal	adj	3	family	pending	2026-09-16	referenced by person-n
in house	adj	3	family	pending	2026-09-16	referenced by house-n
in	prefix	3	crossref	pending	2026-09-16	referenced by un-prefix
individual	n	3	crossref	pending	2026-09-16	referenced by person-n
inexplicable	adj	3	family	pending	2026-09-16	referenced by explain-v
informative	adj	3	family	pending	2026-09-16	referenced by information-n; referenced by inform-v
informed	adj	3	family	pending	2026-09-16	referenced by information-n; referenced by inform-v
instruct	v	3	crossref	pending	2026-09-16	referenced by tell-v; referenced by instruction-n
intake	n	3	family	pending	2026-09-16	referenced by take-v
ity	suffix	3	crossref	pending	2026-09-16	referenced by ness-suffix
jog	v	3	crossref	pending	2026-09-16	referenced by run-v
kid	n	3	crossref	pending	2026-09-16	referenced by child-n; referenced by goat-n
laborer	n	3	crossref	pending	2026-09-16	referenced by hand-n
last	v	3	crossref	pending	2026-09-16	referenced by run-v; referenced by hold-v
left handed	adj	3	family	pending	2026-09-16	referenced by hand-n
lender	n	3	family	pending	2026-09-16	referenced by lend-v
lending	n	3	family	pending	2026-09-16	referenced by lend-v
lifetime	n	3	family	pending	2026-09-16	referenced by time-n; referenced by life-n
lighthouse	n	3	family	pending	2026-09-16	referenced by house-n
loan	v	3	crossref	pending	2026-09-16	referenced by lend-v; referenced by loan-n
lone	adj	3	family	pending	2026-09-16	referenced by alone-adj
longtime	adj	3	family	pending	2026-09-16	referenced by time-n
lunchtime	n	3	family	pending	2026-09-16	referenced by time-n; referenced by lunch-n
main	n	3	family	pending	2026-09-16	referenced by main-adj
mainland	n	3	family	pending	2026-09-16	referenced by main-adj
maintain	v	3	crossref	pending	2026-09-16	referenced by look-after-phrv
make	n	3	family	pending	2026-09-16	referenced by make-v
makeover	n	3	family	pending	2026-09-16	referenced by make-v
maker	n	3	family	pending	2026-09-16	referenced by make-v
making	n	3	family	pending	2026-09-16	referenced by make-v
manufacture	v	3	crossref	pending	2026-09-16	referenced by make-v; referenced by industry-n
means	n	3	crossref	pending	2026-09-16	referenced by way-n
meantime	n	3	family	pending	2026-09-16	referenced by time-n
midway	adv	3	family	pending	2026-09-16	referenced by way-n
mind	v	3	crossref	pending	2026-09-16	referenced by look-after-phrv; referenced by care-v; referenced by watch-v; referenced by mind-n
misinformation	n	3	family	pending	2026-09-16	referenced by information-n
miss	v	3	crossref	pending	2026-09-16	referenced by make-v; referenced by catch-v
monetary	adj	3	family	pending	2026-09-16	referenced by money-n
monetize	v	3	family	done	2026-09-16	referenced by money-n
must	n	3	family	pending	2026-09-16	referenced by must-modal
newsletter	n	3	family	pending	2026-09-16	referenced by news-n; referenced by letter-n
newspaper	n	3	family	pending	2026-09-16	referenced by news-n; referenced by paper-n
newsworthy	adj	3	family	pending	2026-09-16	referenced by news-n
nighttime	n	3	family	pending	2026-09-16	referenced by time-n; referenced by night-n
non	prefix	3	crossref	pending	2026-09-16	referenced by un-prefix
nonsense	n	3	crossref	pending	2026-09-16	referenced by shit-n; referenced by sense-n
note	v	3	crossref	pending	2026-09-16	referenced by record-v; referenced by note-n
obtain	v	3	crossref	pending	2026-09-16	referenced by get-v
occasion	n	3	crossref	pending	2026-09-16	referenced by time-n; referenced by event-n; used in meal-n senses[0].definition; pos guessed (no morphological signal), check before claiming; used in performance-n senses[0].definition; pos guessed (no morphological signal), check before claiming; used in meal-n senses[0].definition; also in 1 other entry; pos guessed (no morphological signal), check before claiming; used in present-n senses[0].definition; pos guessed (no morphological signal), check before claiming; used in meal-n senses[0].definition; also in 2 other entries; pos guessed (no morphological signal), check before claiming
offhand	adj	3	family	pending	2026-09-16	referenced by hand-n
old fashioned	adj	3	family	pending	2026-09-16	referenced by old-adj
one another	pron	3	crossref	pending	2026-09-16	referenced by each-other-pron; referenced by one-num
one way	adj	3	family	pending	2026-09-16	referenced by way-n
oneself	pron	3	family	done	2026-09-16	referenced by one-num; referenced by one-pron
ongoing	adj	3	family	pending	2026-09-16	referenced by go-v
open house	n	3	family	pending	2026-09-16	referenced by house-n
outrun	v	3	family	pending	2026-09-16	referenced by run-v
outspoken	adj	3	family	pending	2026-09-16	referenced by speak-v
overdo	v	3	family	pending	2026-09-16	referenced by do-v
overhead	adj	3	family	pending	2026-09-16	referenced by head-n
overrun	v	3	family	pending	2026-09-16	referenced by run-v
oversee	v	3	family	pending	2026-09-16	referenced by see-v
part time	adj	3	family	pending	2026-09-16	referenced by time-n
pathetic	adj	3	crossref	pending	2026-09-16	referenced by sorry-adj
pathway	n	3	family	pending	2026-09-16	referenced by way-n; referenced by path-n
persevere	v	3	crossref	pending	2026-09-16	referenced by give-up-phrv
pickup	n	3	family	pending	2026-09-16	referenced by pick-up-phrv
plaything	n	3	family	pending	2026-09-16	referenced by thing-n
please	v	3	family	pending	2026-09-16	referenced by please-interj; referenced by satisfy-v; referenced by pleasure-n
police officer	n	3	family	pending	2026-09-16	referenced by police-n; referenced by officer-n
police	v	3	family	pending	2026-09-16	referenced by police-n
policeman	n	3	family	pending	2026-09-16	referenced by police-n
policewoman	n	3	family	pending	2026-09-16	referenced by police-n
policing	n	3	family	pending	2026-09-16	referenced by police-n
poop	n	3	crossref	pending	2026-09-16	referenced by shit-n
possess	v	3	crossref	pending	2026-09-16	referenced by have-v
principal	adj	3	crossref	pending	2026-09-16	referenced by main-adj
principal	n	3	crossref	pending	2026-09-16	referenced by head-n
print	v	1	crossref	done	2026-09-16	referenced by run-v; band 1 set by hand in the 2026-10-02 lint: core verb, lemma in the defining list
promptly	adv	3	crossref	pending	2026-09-16	referenced by quickly-adv
property	n	3	crossref	pending	2026-09-16	referenced by house-n; referenced by owner-n
quicken	v	3	family	pending	2026-09-16	referenced by quickly-adv
quickness	n	3	family	pending	2026-09-16	referenced by quickly-adv
radiation	n	3	crossref	pending	2026-09-16	referenced by x-ray-n
railway	n	3	family	pending	2026-09-16	referenced by way-n; referenced by rail-n
rapidly	adv	3	crossref	pending	2026-09-16	referenced by quickly-adv
ray	n	3	family	pending	2026-09-16	referenced by x-ray-n
receive	v	3	crossref	pending	2026-09-16	referenced by get-v; referenced by give-v; referenced by send-v; referenced by receipt-n
recommendation	n	3	crossref	pending	2026-09-16	referenced by advice-n
recorder	n	3	family	pending	2026-09-16	referenced by record-n; referenced by record-v
recording	n	3	family	pending	2026-09-16	referenced by record-n; referenced by record-v
redo	v	3	family	pending	2026-09-16	referenced by do-v
regard	v	3	crossref	pending	2026-09-16	referenced by see-v; referenced by consider-v
regardless	adv	3	crossref	pending	2026-09-16	referenced by anyway-adv
reject	v	3	crossref	pending	2026-09-16	referenced by take-v; referenced by accept-v; referenced by refuse-v
remake	n	3	family	pending	2026-09-16	referenced by make-v
remake	v	3	family	pending	2026-09-16	referenced by make-v
remark	v	3	crossref	pending	2026-09-16	referenced by say-v; referenced by observe-v
rent	v	3	crossref	pending	2026-09-16	referenced by borrow-v; referenced by lend-v; referenced by hire-v; referenced by let-v; referenced by rent-n
rerun	n	3	family	pending	2026-09-16	referenced by run-v
reserve	n	3	crossref	pending	2026-09-16	referenced by bank-n
retake	v	3	family	pending	2026-09-16	referenced by take-v
right handed	adj	3	family	pending	2026-09-16	referenced by hand-n
riverbank	n	3	family	pending	2026-09-16	referenced by bank-n
row	n	3	crossref	pending	2026-09-16	referenced by bank-n; referenced by argument-n; used in comb-n senses[0].definition; pos guessed (no morphological signal), check before claiming; referenced by line-n
run down	adj	3	family	pending	2026-09-16	referenced by run-v
run into	phrv	3	crossref	pending	2026-09-16	referenced by run-v
run	n	3	family	pending	2026-09-16	referenced by run-v; referenced by ladder-n
runaway	adj	3	family	pending	2026-09-16	referenced by run-v
runaway	n	3	family	pending	2026-09-16	referenced by run-v
runner	n	3	family	pending	2026-09-16	referenced by run-v
running	adj	3	family	pending	2026-09-16	referenced by run-v
running	n	3	family	pending	2026-09-16	referenced by run-v
runny	adj	3	family	pending	2026-09-16	referenced by run-v
rush	v	3	crossref	pending	2026-09-16	referenced by run-v; referenced by race-v
sacrifice	v	3	crossref	pending	2026-09-16	referenced by give-up-phrv
salesperson	n	3	family	pending	2026-09-16	referenced by person-n; referenced by sale-n; referenced by seller-n
say	n	3	family	pending	2026-09-16	referenced by say-v
saying	n	3	family	pending	2026-09-16	referenced by say-v
scared	adj	3	crossref	pending	2026-09-16	referenced by afraid-adj
secondhand	adj	3	family	pending	2026-09-16	referenced by hand-n
see about	phrv	3	family	pending	2026-09-16	referenced by see-v
see off	phrv	3	crossref	pending	2026-09-16	referenced by see-v
see out	phrv	3	family	pending	2026-09-16	referenced by see-v
see through	phrv	3	family	pending	2026-09-16	referenced by see-v
see to	phrv	3	family	pending	2026-09-16	referenced by see-v
seeing	conj	3	family	done	2026-09-16	referenced by see-v
seize	v	3	crossref	pending	2026-09-16	referenced by take-v
self explanatory	adj	3	family	pending	2026-09-16	referenced by explain-v
shears	n	3	crossref	pending	2026-09-16	referenced by scissors-n
shit	interj	3	family	pending	2026-09-16	referenced by shit-n
shit	v	3	family	pending	2026-09-16	referenced by shit-n
shitty	adj	3	family	pending	2026-09-16	referenced by shit-n
sleepy	adj	3	crossref	pending	2026-09-16	referenced by asleep-adj; referenced by sleep-v; referenced by sleep-n
small talk	n	3	crossref	pending	2026-09-16	referenced by talk-v
smuggle	v	3	crossref	pending	2026-09-16	referenced by run-v
some	adv	3	family	pending	2026-09-16	referenced by some-det
somehow	adv	3	family	pending	2026-09-16	referenced by some-det
sometime	adv	3	family	pending	2026-09-16	referenced by time-n
speak for	phrv	3	family	pending	2026-09-16	referenced by speak-v
speak out	phrv	3	family	pending	2026-09-16	referenced by speak-v
spite	n	3	family	pending	2026-09-16	referenced by in-spite-of-prep
spokesperson	n	3	family	pending	2026-09-16	referenced by person-n; referenced by speaker-n
sprint	v	3	crossref	pending	2026-09-16	referenced by run-v
stairway	n	3	family	pending	2026-09-16	referenced by way-n
state	v	3	crossref	pending	2026-09-16	referenced by say-v; referenced by express-v; referenced by state-n
stepchild	n	3	family	pending	2026-09-16	referenced by child-n
subway	n	3	family	pending	2026-09-16	referenced by way-n
successful	adj	3	crossref	pending	2026-09-16	referenced by big-adj; referenced by success-n
suffice	v	3	crossref	pending	2026-09-16	referenced by do-v
take	n	3	family	pending	2026-09-16	referenced by take-v
take on	phrv	3	crossref	pending	2026-09-16	referenced by take-v
takeoff	n	3	family	pending	2026-09-16	referenced by take-v
takeout	n	3	family	pending	2026-09-16	referenced by take-v
takeover	n	3	family	pending	2026-09-16	referenced by take-v
taker	n	3	family	pending	2026-09-16	referenced by take-v
takings	n	3	family	pending	2026-09-16	referenced by take-v; referenced by receipt-n
talk back	phrv	3	family	pending	2026-09-16	referenced by talk-v
talk down	phrv	3	family	pending	2026-09-16	referenced by talk-v
talk over	phrv	3	family	pending	2026-09-16	referenced by talk-v
talk through	phrv	3	family	pending	2026-09-16	referenced by talk-v
talk up	phrv	3	family	pending	2026-09-16	referenced by talk-v
talkative	adj	3	family	pending	2026-09-16	referenced by talk-v
talker	n	3	family	pending	2026-09-16	referenced by talk-v
tape	v	3	crossref	pending	2026-09-16	referenced by record-v
televise	v	3	family	pending	2026-09-16	referenced by tv-abbr
tell apart	phrv	3	crossref	pending	2026-09-16	referenced by tell-v
tell off	phrv	3	family	pending	2026-09-16	referenced by tell-v
tell on	phrv	3	crossref	pending	2026-09-16	referenced by tell-v
teller	n	3	family	pending	2026-09-16	referenced by tell-v
telling	adj	3	family	pending	2026-09-16	referenced by tell-v
telly	n	3	crossref	pending	2026-09-16	referenced by tv-abbr
terrified	adj	3	crossref	pending	2026-09-16	referenced by afraid-adj
th	suffix	3	crossref	pending	2026-09-16	referenced by ness-suffix
thank you	interj	3	crossref	pending	2026-09-16	referenced by please-interj
thingy	n	3	family	pending	2026-09-16	referenced by thing-n
though	adv	3	crossref	pending	2026-09-16	referenced by however-adv; referenced by though-conj
time consuming	adj	3	family	pending	2026-09-16	referenced by time-n
time	v	3	family	pending	2026-09-16	referenced by time-n
time zone	n	3	family	pending	2026-09-16	referenced by time-n
timeless	adj	3	family	pending	2026-09-16	referenced by time-n
timeline	n	3	family	pending	2026-09-16	referenced by time-n
timely	adj	3	family	pending	2026-09-16	referenced by time-n
timeout	n	3	family	pending	2026-09-16	referenced by time-n
timer	n	3	family	pending	2026-09-16	referenced by time-n
timing	n	3	family	pending	2026-09-16	referenced by time-n
townhouse	n	3	family	pending	2026-09-16	referenced by house-n
two way	adj	3	family	pending	2026-09-16	referenced by way-n
unafraid	adj	3	family	pending	2026-09-16	referenced by afraid-adj
undergo	v	3	family	pending	2026-09-16	referenced by go-v
undertake	v	3	family	pending	2026-09-16	referenced by take-v
underwater	adj	3	family	pending	2026-09-16	referenced by water-n
underway	adj	3	family	pending	2026-09-16	referenced by way-n
undo	v	3	family	pending	2026-09-16	referenced by do-v
unexplained	adj	3	family	pending	2026-09-16	referenced by explain-v
unhappy	adj	3	crossref	pending	2026-09-16	referenced by happy-adj
unsaid	adj	3	family	pending	2026-09-16	referenced by say-v
unseen	adj	3	family	pending	2026-09-16	referenced by see-v
unspeakable	adj	3	family	pending	2026-09-16	referenced by speak-v
unspoken	adj	3	family	pending	2026-09-16	referenced by speak-v
untold	adj	3	family	pending	2026-09-16	referenced by tell-v
uptake	n	3	family	pending	2026-09-16	referenced by take-v
very	adj	3	family	pending	2026-09-16	referenced by very-adv
walkway	n	3	family	pending	2026-09-16	referenced by way-n
watercolor	n	3	family	pending	2026-09-16	referenced by color-n
waterway	n	3	family	pending	2026-09-16	referenced by way-n
watery	adj	3	family	pending	2026-09-16	referenced by water-n; referenced by water-v
way	adv	3	family	pending	2026-09-16	referenced by way-n
whatever	pron	3	crossref	pending	2026-09-16	referenced by however-adv; referenced by whatever-det; referenced by what-pron
whenever	conj	3	crossref	pending	2026-09-16	referenced by however-adv; referenced by when-conj
while	n	3	crossref	pending	2026-09-16	referenced by time-n; referenced by while-conj
willing	adj	3	crossref	pending	2026-09-16	referenced by happy-adj
witness	v	3	crossref	pending	2026-09-16	referenced by see-v
wrist	n	3	crossref	pending	2026-09-16	referenced by hand-n; referenced by ankle-n
x ray	v	3	family	pending	2026-09-16	referenced by x-ray-n
altogether	adv	3	family	pending	2026-09-17	referenced by all-det
addition	n	3	closure	done	2026-09-17	used in another-det senses[0].definition
thumb	n	3	closure	done	2026-09-17	used in hand-n senses[0].definition
another	pron	1	owner	done	2026-09-18	owner feedback 2026-09-18: the pronoun use of another, referenced by another-det
alone	adv	1	crossref	pending	2026-09-18	referenced by alone-adj (adverb use split off under the part-of-speech rule)
either	adv	1	crossref	pending	2026-09-18	referenced by either-det; referenced by either-conj
enough	pron	1	crossref	done	2026-09-18	referenced by enough-det
few	pron	1	crossref	done	2026-09-18	referenced by few-det
her	pron	1	crossref	done	2026-09-18	referenced by her-det
his	pron	1	crossref	done	2026-09-18	referenced by his-det; referenced by he-pron
exception	n	3	closure	done	2026-09-18	used in every-det senses[0].definition
everyday	adj	3	family	pending	2026-09-18	referenced by every-det
many	pron	3	crossref	pending	2026-09-18	referenced by many-det
more	pron	3	crossref	pending	2026-09-18	referenced by more-det
most	pron	3	crossref	pending	2026-09-18	referenced by most-det
much	pron	3	crossref	pending	2026-09-18	referenced by much-det
several	pron	3	crossref	pending	2026-09-18	referenced by several-det
additional	n	3	closure	declined	2026-09-18	used in other-det senses[0].definition; queued as noun but 'additional' is an adjective; pos_guess defaults to noun when it cannot infer pos from morphology
article	n	3	closure	done	2026-09-18	used in most-det senses[0].definition
these	pron	1	crossref	done	2026-09-19	referenced by these-det (standalone use)
those	pron	1	crossref	done	2026-09-19	referenced by those-det (standalone use)
identity	n	3	closure	done	2026-09-19	used in somebody-pron senses[0].definition; also in 2 other entries
additional	adj	3	crossref	done	2026-09-19	correct pos for the word queued as additional-n (used in other-det senses[0].definition); declined as noun; correct pos for the word queued as additional-n (used in other-det senses[0].definition); declined as noun
additionally	adv	3	family	pending	2026-09-19	referenced by additional-adj
extra	adj	3	crossref	pending	2026-09-19	referenced by additional-adj
identical	adj	3	family	pending	2026-09-19	referenced by identity-n
identification	n	3	family	pending	2026-09-19	referenced by identity-n; referenced by identify-v
identify	v	3	family	done	2026-09-19	referenced by identity-n
subtraction	n	3	crossref	pending	2026-09-19	referenced by addition-n
thumb	v	3	crossref	pending	2026-09-19	referenced by thumb-n
thumbprint	n	3	family	pending	2026-09-19	referenced by thumb-n
concerning	v	3	closure	duplicate	2026-09-20	used in about-prep senses[0].definition; duplicate: correct pos is prep (existing band-sourced pending row); wrong pos from -ing morphology guess
contact	n	3	closure	done	2026-09-20	used in against-prep core_idea; pos guessed (no morphological signal), check before claiming
honor	n	3	closure	declined	2026-09-20	used in after-prep senses[2].definition; pos guessed (no morphological signal), check before claiming; stale: word no longer appears anywhere in entries/; reworded away since this row was queued
leaning	v	3	closure	declined	2026-09-20	used in against-prep senses[1].definition; surface form found was 'leaned' in an example, not 'leaning'; real gap is the base verb, requeued as lean-v
opposed	v	3	closure	declined	2026-09-20	used in against-prep senses[0].definition; used predicatively ('opposed to'); correct pos is adj, requeued as opposed-adj
opposition	n	3	closure	done	2026-09-20	used in against-prep core_idea; pos guessed (no morphological signal), check before claiming
pressure	n	3	closure	done	2026-09-20	used in against-prep core_idea; pos guessed (no morphological signal), check before claiming
rank	n	3	closure	declined	2026-09-20	used in above-prep core_idea; pos guessed (no morphological signal), check before claiming; stale: word no longer appears anywhere in entries/; reworded away since this row was queued
surrounded	v	3	closure	declined	2026-09-20	used in among-prep senses[0].definition; past participle of surround; real gap is the base verb, requeued as surround-v
surrounding	v	3	closure	declined	2026-09-20	used in around-prep core_idea; appears only in a signpost, not defining prose; listed as an unlinked word-family form under surround-v instead
about	adj	3	crossref	pending	2026-09-20	referenced by about-prep
about	adv	3	crossref	pending	2026-09-20	referenced by about-prep
afterward	adv	3	family	pending	2026-09-20	referenced by after-prep
along	adv	3	crossref	pending	2026-09-20	referenced by along-prep
no one	pron	3	crossref	pending	2026-09-20	referenced by nobody-pron
role	n	3	closure	done	2026-09-20	used in as-prep senses[0].definition; pos guessed (no morphological signal), check before claiming
in front of	prep	3	crossref	pending	2026-09-20	referenced by before-prep; referenced by behind-prep; referenced by front-n
yourselves	pron	3	crossref	pending	2026-09-20	referenced by yourself-pron; referenced by you-pron
enclosed	v	3	closure	declined	2026-09-20	used in in-prep senses[0].definition; used in outside-prep senses[0].definition; used adjectivally ('an enclosed space'); correct pos is adj, requeued as enclosed-adj
feature	n	3	closure	done	2026-09-20	used in plus-prep senses[0].definition; pos guessed (no morphological signal), check before claiming
as well	adv	3	crossref	pending	2026-09-20	referenced by as-well-as-prep
close to	prep	3	crossref	pending	2026-09-20	referenced by near-prep
compared to	prep	3	crossref	pending	2026-09-20	referenced by beside-prep
excluding	prep	3	crossref	pending	2026-09-20	referenced by including-prep
far from	prep	3	crossref	pending	2026-09-20	referenced by near-prep
in addition to	prep	3	crossref	pending	2026-09-20	referenced by as-well-as-prep
inclusion	n	3	family	pending	2026-09-20	referenced by including-prep; referenced by include-v
next to	prep	3	crossref	pending	2026-09-20	referenced by beside-prep
arrangement	adj	3	closure	declined	2026-09-20	used in account-n senses[0].definition; arrangement is a noun; wrong pos from suffix-guess bug, requeued as arrangement-n
acceptable	adj	3	family	pending	2026-09-20	referenced by accept-v
acceptance	n	3	family	pending	2026-09-20	referenced by accept-v
according to	prep	3	crossref	done	2026-09-20	referenced by per-prep
accountant	n	3	family	pending	2026-09-20	referenced by account-n
accounting	n	3	family	pending	2026-09-20	referenced by account-n
add up	phrv	3	crossref	pending	2026-09-20	referenced by add-v; referenced by count-v
adulthood	n	3	family	pending	2026-09-20	referenced by adult-n; referenced by adult-adj
apologetic	adj	3	family	pending	2026-09-20	referenced by apologize-v
apology	n	3	family	pending	2026-09-20	referenced by apologize-v
awaken	v	3	family	done	2026-09-20	referenced by awake-adj
capable	adj	3	crossref	pending	2026-09-20	referenced by able-adj
eager	adj	3	crossref	done	2026-09-20	referenced by anxious-adj
imaginary	adj	3	crossref	pending	2026-09-20	referenced by actual-adj; referenced by imagine-v; referenced by image-n
enclosed	adj	3	closure	done	2026-09-21	used in in-prep, outside-prep definitions; correct pos for declined enclosed-v
opposed	adj	3	closure	done	2026-09-21	used in against-prep definition; correct pos for declined opposed-v
surround	v	3	closure	done	2026-09-21	used (as surrounded) in among-prep definition; correct lemma for declined surrounded-v
arrangement	n	3	closure	done	2026-09-21	used in account-n definition; correct pos for declined arrangement-adj
concerning	adj	2	family	done	2026-09-21	informal contemporary adjective sense (causing worry), added editorially alongside the concerning-prep closure entry
arrange	v	3	family	done	2026-09-21	referenced by arrangement-n; referenced by fix-v; referenced by order-v
contact	v	3	family	done	2026-09-21	referenced by contact-n; referenced by reach-v
enclose	v	3	family	done	2026-09-21	referenced by enclosed-adj
oppose	v	3	family	pending	2026-09-21	referenced by opposition-n; referenced by opposed-adj; referenced by support-v
surrounding	adj	3	family	pending	2026-09-21	referenced by surround-v
surroundings	n	3	family	pending	2026-09-21	referenced by surround-v
because	prep	3	crossref	pending	2026-09-21	the because+NP preposition use split out of because-conj sense 3 in review; referenced by because-conj
achieve	n	3	closure	declined	2026-09-21	used in action-n senses[0].definition; pos guessed (no morphological signal), check before claiming; used in aim-n senses[0].definition; pos guessed (no morphological signal), check before claiming; used in action-n senses[0].definition; also in 1 other entry; pos guessed (no morphological signal), check before claiming; no noun sense; pos misguessed, achieve is verb-only
obtained	v	3	closure	declined	2026-09-21	used in available-adj senses[0].definition; wrong base form; obtain already queued separately (crossref, pending)
permission	n	3	closure	done	2026-09-21	used in allow-v senses[0].definition; pos guessed (no morphological signal), check before claiming; used in allow-v senses[0].definition; also in 1 other entry; pos guessed (no morphological signal), check before claiming
resources	n	3	closure	declined	2026-09-21	used in afford-v senses[0].definition; pos guessed (no morphological signal), check before claiming; inflected plural; headword should be resource (singular)
accidental	adj	3	family	pending	2026-09-21	referenced by accident-n
accidentally	adv	3	family	pending	2026-09-21	referenced by accident-n; referenced by deliberately-adv
advantageous	adj	3	family	pending	2026-09-21	referenced by advantage-n
affordable	adj	3	family	pending	2026-09-21	referenced by afford-v
aged	adj	3	family	pending	2026-09-21	referenced by age-n
agreeable	adj	3	family	pending	2026-09-21	referenced by agree-v
allowance	n	3	family	pending	2026-09-21	referenced by allow-v
angrily	adv	3	family	pending	2026-09-21	referenced by angry-adj; referenced by anger-n
availability	n	3	family	pending	2026-09-21	referenced by available-adj
furious	adj	3	crossref	pending	2026-09-21	referenced by angry-adj
mad	adj	3	crossref	pending	2026-09-21	referenced by angry-adj
permit	v	3	crossref	pending	2026-09-21	referenced by allow-v; referenced by permission-n; referenced by let-v; referenced by authorize-v
unavailable	adj	3	family	pending	2026-09-21	referenced by available-adj
unaware	adj	3	crossref	pending	2026-09-21	referenced by aware-adj
the	adv	1	crossref	pending	2026-09-21	correlative comparative use (the more..., the better...) split from the-det, review run 20260921T123329Z-8t05x6; referenced by the-det
absorbent	adj	3	family	pending	2026-09-21	referenced by absorb-v
absorption	n	3	family	pending	2026-09-21	referenced by absorb-v
accented	adj	3	family	pending	2026-09-21	referenced by accent-n
acting	n	3	family	pending	2026-09-21	referenced by actor-n
actively	adv	3	family	pending	2026-09-21	referenced by active-adj
admirable	adj	3	family	pending	2026-09-21	referenced by admire-v
admirer	n	3	family	pending	2026-09-21	referenced by admire-v
adopted	adj	3	family	pending	2026-09-21	referenced by adopt-v
passive	adj	3	crossref	pending	2026-09-21	referenced by active-adj
achievements	n	3	closure	declined	2026-09-21	used in admire-v senses[0].definition; pos guessed (no morphological signal), check before claiming; inflected plural; headword should be achievement (singular)
biological	adj	3	closure	done	2026-09-21	used in adopt-v senses[0].definition
gradually	n	3	closure	declined	2026-09-21	used in absorb-v senses[0].definition; pos guessed (no morphological signal), check before claiming; wrong pos; gradually is adverb-only, already queued as adv (band, pending)
affect	n	3	crossref	pending	2026-09-21	referenced by affect-v (psychology term, distinct sense)
aircraft	n	3	closure	done	2026-09-21	used in airport-n senses[0].definition; pos guessed (no morphological signal), check before claiming
mixture	n	3	closure	done	2026-09-21	used in air-n senses[0].definition; pos guessed (no morphological signal), check before claiming
adverb	n	3	crossref	pending	2026-09-21	referenced by adjective-n
advertisement	n	3	family	pending	2026-09-21	referenced by advertise-v
advertising	n	3	family	pending	2026-09-21	referenced by advertise-v
affected	adj	3	family	pending	2026-09-21	referenced by affect-v
affecting	adj	3	family	pending	2026-09-21	referenced by affect-v
aim	v	3	family	done	2026-09-21	referenced by aim-n
airline	n	3	family	pending	2026-09-21	referenced by air-n; referenced by airport-n
airplane	n	3	family	pending	2026-09-21	referenced by air-n; referenced by aircraft-n; referenced by airport-n; referenced by plane-n
alarm	v	3	family	done	2026-09-21	referenced by alarm-n
alarmed	adj	3	family	pending	2026-09-21	referenced by alarm-n; referenced by alarm-v
behave	v	3	crossref	done	2026-09-21	referenced by act-v
influence	v	3	crossref	pending	2026-09-21	referenced by affect-v; referenced by inform-v; referenced by shape-v; referenced by influence-n; referenced by condition-v
promote	v	3	crossref	pending	2026-09-21	referenced by advertise-v; referenced by encourage-v; referenced by push-v
stillness	n	3	crossref	pending	2026-09-21	referenced by activity-n
wherever	conj	3	crossref	pending	2026-09-22	referenced by where-conj
attractive	adj	3	closure	done	2026-09-22	used in appeal-v core_idea
committed	v	3	closure	declined	2026-09-22	used in arrest-v senses[0].definition; wrong base form; headword should be commit (past participle wrongly queued)
criticize	n	3	closure	declined	2026-09-22	used in attack-v core_idea; pos guessed (no morphological signal), check before claiming; no noun sense; noun form is criticism, not criticize
react	n	3	closure	declined	2026-09-22	used in answer-v core_idea; pos guessed (no morphological signal), check before claiming; no noun sense; citation stale (word not found in cited field); noun form is reaction
relevant	adj	3	closure	done	2026-09-22	used in apply-v core_idea
responsibility	n	3	closure	done	2026-09-22	used in assume-v senses[1].definition; pos guessed (no morphological signal), check before claiming
urgent	adj	3	closure	done	2026-09-22	used in appeal-v core_idea
answerable	adj	3	family	pending	2026-09-22	referenced by answer-v; referenced by answer-n
appealing	adj	3	family	pending	2026-09-22	referenced by appeal-v; referenced by attractive-adj
applicable	adj	3	family	pending	2026-09-22	referenced by apply-v
applicant	n	3	family	pending	2026-09-22	referenced by apply-v
application	n	3	family	pending	2026-09-22	referenced by apply-v
arguable	adj	3	family	pending	2026-09-22	referenced by argue-v
attacker	n	3	family	pending	2026-09-22	referenced by attack-v; referenced by attack-n
attract	v	3	crossref	pending	2026-09-22	referenced by appeal-v; referenced by draw-v; referenced by attractive-adj
baker	n	3	family	pending	2026-09-22	referenced by bake-v
beating	n	3	family	pending	2026-09-22	referenced by beat-v
defeat	v	3	crossref	pending	2026-09-22	referenced by beat-v; referenced by crush-v
presume	v	3	crossref	pending	2026-09-22	referenced by assume-v
quarrel	v	3	crossref	pending	2026-09-22	referenced by argue-v; referenced by fight-v
repel	v	3	crossref	pending	2026-09-22	referenced by appeal-v
request	v	3	crossref	pending	2026-09-22	referenced by ask-v; referenced by request-n
respond	v	3	crossref	pending	2026-09-22	referenced by answer-v
british	n	3	closure	declined	2026-09-22	used in shall-modal senses[0].definition; pos guessed (no morphological signal), check before claiming; bogus extraction from compound 'British English'; adjective not noun
english	n	3	closure	declined	2026-09-22	used in shall-modal senses[0].definition; pos guessed (no morphological signal), check before claiming; extracted from compound 'British English'; citation stale, ambiguous, deferred
beginner	n	3	family	pending	2026-09-22	referenced by begin-v; referenced by beginning-n
believable	adj	3	family	pending	2026-09-22	referenced by believe-v; referenced by belief-n
believer	n	3	family	pending	2026-09-22	referenced by believe-v; referenced by belief-n
bend	n	3	family	pending	2026-09-22	referenced by bend-v; referenced by corner-n
bite	n	3	family	pending	2026-09-22	referenced by bite-v
bleeding	n	3	family	pending	2026-09-22	referenced by bleed-v
blow out	phrv	3	crossref	pending	2026-09-22	referenced by blow-v
blow up	phrv	3	crossref	pending	2026-09-22	referenced by blow-v; referenced by explode-v
blown	adj	3	family	pending	2026-09-22	referenced by blow-v
board	n	3	family	pending	2026-09-22	referenced by board-v
boarding	n	3	family	pending	2026-09-22	referenced by board-v
boil down to	phrv	3	crossref	pending	2026-09-22	referenced by boil-v
boil over	phrv	3	crossref	pending	2026-09-22	referenced by boil-v
boiler	n	3	family	pending	2026-09-22	referenced by boil-v
boiling	adj	3	family	pending	2026-09-22	referenced by boil-v
breakable	adj	3	family	pending	2026-09-22	referenced by break-v
breathing	n	3	family	pending	2026-09-22	referenced by breathe-v; referenced by breath-n
burst	v	3	crossref	pending	2026-09-22	referenced by blow-v; referenced by explode-v
commence	v	3	crossref	pending	2026-09-22	referenced by begin-v; referenced by start-v
finish	v	3	crossref	pending	2026-09-22	referenced by begin-v; referenced by end-v; referenced by start-v
shatter	v	3	crossref	pending	2026-09-22	referenced by break-v
steam	v	3	crossref	pending	2026-09-22	referenced by boil-v; referenced by steam-n
stoop	v	3	crossref	pending	2026-09-22	referenced by bend-v
straighten	v	3	crossref	pending	2026-09-22	referenced by bend-v
twist	v	3	crossref	pending	2026-09-22	referenced by bend-v
unbreakable	adj	3	family	pending	2026-09-22	referenced by break-v
waste	v	3	crossref	pending	2026-09-22	referenced by blow-v; referenced by save-v; referenced by spend-v
all	adv	1	crossref	pending	2026-09-22	at all, all in all are adverbial; not determiner or pronoun uses; referenced by all-det
either	conj	1	crossref	done	2026-09-22	either ... or is a conjunction, moved out of either-det; referenced by either-det
times	prep	1	crossref	done	2026-09-22	multiplied by / that much more, three times four; moved out of time-n sense 7; referenced by time-n
album	n	3	closure	done	2026-09-22	used in record-n senses[4].definition; pos guessed (no morphological signal), check before claiming; referenced by record-n
ethnic	adj	3	closure	done	2026-09-22	used in color-n senses[1].definition; also in 1 other entry
gambling	v	3	closure	declined	2026-09-22	used in house-n senses[4].definition; inflected -ing form of existing gamble-v/gamble-n; no separate entry needed; reverted: gamble-v does not exist; was wrongly marked duplicate; inflected -ing form; gamble not an existing entry; see note history
origin	n	3	closure	done	2026-09-22	used in family-n core_idea; pos guessed (no morphological signal), check before claiming
shelter	n	3	closure	done	2026-09-22	used in house-n senses[0].subsenses[1].definition; pos guessed (no morphological signal), check before claiming
take down	phrv	3	crossref	pending	2026-09-22	referenced by record-v
breed	n	3	family	pending	2026-09-22	referenced by breed-v
breeder	n	3	family	pending	2026-09-22	referenced by breed-v
breeding	n	3	family	pending	2026-09-22	referenced by breed-v
brush off	phrv	3	crossref	pending	2026-09-22	referenced by brush-v
brush up	phrv	3	crossref	pending	2026-09-22	referenced by brush-v
build up	phrv	3	crossref	pending	2026-09-22	referenced by build-v
builder	n	3	family	pending	2026-09-22	referenced by build-v; referenced by building-n
burial	n	3	family	pending	2026-09-22	referenced by bury-v
burn out	phrv	3	crossref	pending	2026-09-22	referenced by burn-v
burner	n	3	family	pending	2026-09-22	referenced by burn-v; referenced by burn-n
buy off	phrv	3	crossref	pending	2026-09-22	referenced by buy-v
calculated	adj	3	family	pending	2026-09-22	referenced by calculate-v
calculation	n	3	family	pending	2026-09-22	referenced by calculate-v
calculator	n	3	family	pending	2026-09-22	referenced by calculate-v
call	n	3	family	pending	2026-09-22	referenced by call-v; referenced by cry-n
call on	phrv	3	crossref	pending	2026-09-22	referenced by call-v
caller	n	3	family	pending	2026-09-22	referenced by call-v
calm	n	3	family	pending	2026-09-22	referenced by calm-v; referenced by peace-n
calmly	adv	3	family	pending	2026-09-22	referenced by calm-v
phone	v	3	crossref	pending	2026-09-22	referenced by call-v; referenced by ring-v; referenced by phone-n
purchase	v	3	crossref	pending	2026-09-22	referenced by buy-v
soothe	v	3	crossref	pending	2026-09-22	referenced by calm-v
arrange	n	3	closure	declined	2026-09-22	used in brush-v senses[0].definition; pos guessed (no morphological signal), check before claiming; no noun sense; arrange already queued correctly as v (family, pending)
mathematics	n	3	closure	done	2026-09-22	used in calculate-v senses[0].definition; pos guessed (no morphological signal), check before claiming
commit	v	3	closure	done	2026-09-22	correct base form; referenced by arrest-v senses[0].definition (was wrongly queued as committed-v)
gamble	v	3	closure	done	2026-09-22	correct base form; referenced by house-n senses[4] example note (was wrongly queued as gambling-v)
achievement	n	3	closure	done	2026-09-22	correct singular form; referenced by admire-v/action-n/aim-n (was wrongly queued as achieve-n/achievements-n)
resource	n	3	closure	done	2026-09-22	correct singular form; referenced by afford-v senses[0].definition (was wrongly queued as resources-n)
criticism	n	3	closure	done	2026-09-22	correct noun form; referenced by attack-v senses[1].signpost (was wrongly queued as criticize-n)
mathematical	adj	3	family	pending	2026-09-22	referenced by mathematics-n
mixed	adj	3	family	pending	2026-09-22	referenced by mixture-n; referenced by mix-v
originate	v	3	family	pending	2026-09-22	referenced by origin-n
permit	n	3	family	pending	2026-09-22	referenced by permission-n
responsible	adj	3	family	pending	2026-09-22	referenced by responsibility-n
responsibly	adv	3	family	pending	2026-09-22	referenced by responsibility-n
shelter	v	3	crossref	pending	2026-09-22	referenced by shelter-n
sheltered	adj	3	family	pending	2026-09-22	referenced by shelter-n
but	prep	3	crossref	pending	2026-09-23	referenced by but-conj
if	n	3	crossref	pending	2026-09-23	referenced by if-conj
neither	adv	3	crossref	pending	2026-09-23	referenced by nor-conj; referenced by neither-conj
since	adv	3	crossref	pending	2026-09-23	referenced by since-conj
get through	phrv	3	crossref	pending	2026-09-23	referenced by through-prep
than	prep	3	crossref	pending	2026-09-23	referenced by than-conj
throughout	adv	3	crossref	pending	2026-09-23	referenced by throughout-prep
comparative	adj	3	closure	done	2026-09-23	used in than-conj senses[0].definition; referenced by compare-v
as	adv	3	crossref	pending	2026-09-23	referenced by as-conj
as if	conj	3	crossref	pending	2026-09-23	referenced by as-conj
neither	conj	1	crossref	done	2026-09-23	neither ... nor moved out of neither-det, 2026-09-23 review
accuse	v	3	crossref	pending	2026-09-23	referenced by charge-v
caregiver	n	3	family	pending	2026-09-23	referenced by care-v; referenced by care-n
caring	adj	3	family	pending	2026-09-23	referenced by care-v; referenced by care-n
carrier	n	3	family	pending	2026-09-23	referenced by carry-v
catch	n	3	family	pending	2026-09-23	referenced by catch-v
catch on	phrv	3	crossref	pending	2026-09-23	referenced by catch-v
catcher	n	3	family	pending	2026-09-23	referenced by catch-v
catchy	adj	3	family	pending	2026-09-23	referenced by catch-v
celebrated	adj	3	family	pending	2026-09-23	referenced by celebrate-v
celebration	n	3	family	pending	2026-09-23	referenced by celebrate-v; referenced by festival-n; used in holiday-n senses[0].definition; pos guessed (no morphological signal), check before claiming; referenced by party-n
celebratory	adj	3	family	pending	2026-09-23	referenced by celebrate-v
changeable	adj	3	family	pending	2026-09-23	referenced by change-v; referenced by change-n
checklist	n	3	family	pending	2026-09-23	referenced by check-v; referenced by list-n
chew over	phrv	3	crossref	pending	2026-09-23	referenced by chew-v
chewing gum	n	3	family	pending	2026-09-23	referenced by chew-v
chewy	adj	3	family	pending	2026-09-23	referenced by chew-v
congratulate	v	3	crossref	pending	2026-09-23	referenced by celebrate-v
exchange	v	3	crossref	pending	2026-09-23	referenced by change-v; referenced by trade-v; referenced by switch-v; referenced by exchange-n
inspect	v	3	crossref	pending	2026-09-23	referenced by check-v; referenced by examine-v
recharge	v	3	family	pending	2026-09-23	referenced by charge-v
rechargeable	adj	3	family	pending	2026-09-23	referenced by charge-v
unchanged	adj	3	family	pending	2026-09-23	referenced by change-v
diaper	n	3	closure	done	2026-09-23	used in change-v senses[3].subsenses[0].definition; pos guessed (no morphological signal), check before claiming
gene	n	3	closure	done	2026-09-23	used in carry-v senses[4].definition; pos guessed (no morphological signal), check before claiming
axe	n	3	closure	done	2026-09-24	used in chop-v senses[1].definition; pos guessed (no morphological signal), check before claiming
border	n	3	closure	done	2026-09-24	used in close-v senses[3].definition; pos guessed (no morphological signal), check before claiming
ladder	n	3	closure	done	2026-09-24	used in climb-v senses[0].definition; pos guessed (no morphological signal), check before claiming
choosy	adj	3	family	pending	2026-09-24	referenced by choose-v; referenced by choice-n
chop down	phrv	3	crossref	pending	2026-09-24	referenced by chop-v
chop up	phrv	3	crossref	pending	2026-09-24	referenced by chop-v
chopper	n	3	family	pending	2026-09-24	referenced by chop-v
clean out	phrv	3	crossref	pending	2026-09-24	referenced by clean-v
cleaner	n	3	family	pending	2026-09-24	referenced by clean-v
cleaning	n	3	family	pending	2026-09-24	referenced by clean-v
climber	n	3	family	pending	2026-09-24	referenced by climb-v
climbing	n	3	family	pending	2026-09-24	referenced by climb-v
close down	phrv	3	crossref	pending	2026-09-24	referenced by close-v
close in	phrv	3	crossref	pending	2026-09-24	referenced by close-v
close	n	3	family	pending	2026-09-24	referenced by close-v
closing	adj	3	family	pending	2026-09-24	referenced by close-v
closure	n	3	family	pending	2026-09-24	referenced by close-v
collection	n	3	family	pending	2026-09-24	referenced by collect-v
collective	adj	3	family	pending	2026-09-24	referenced by collect-v
collector	n	3	family	pending	2026-09-24	referenced by collect-v
come up	phrv	3	crossref	pending	2026-09-24	referenced by come-v
coming	n	3	family	pending	2026-09-24	referenced by come-v
communication	n	3	family	pending	2026-09-24	referenced by communicate-v
communicative	adj	3	family	pending	2026-09-24	referenced by communicate-v
communicator	n	3	family	pending	2026-09-24	referenced by communicate-v
comparable	adj	3	family	pending	2026-09-24	referenced by compare-v; referenced by comparison-n
competitive	adj	3	family	pending	2026-09-24	referenced by compete-v; referenced by competition-n
competitor	n	3	family	pending	2026-09-24	referenced by compete-v; referenced by competition-n
newcomer	n	3	family	pending	2026-09-24	referenced by come-v; referenced by stranger-n
select	v	3	crossref	pending	2026-09-24	referenced by choose-v
spread	v	3	crossref	pending	2026-09-24	referenced by communicate-v; referenced by butter-v; referenced by spread-n
transmit	v	3	crossref	pending	2026-09-24	referenced by communicate-v
cheat	v	3	crossref	done	2026-09-24	referenced by copy-v
complicate	v	3	crossref	pending	2026-09-24	referenced by confuse-v
comprise	v	3	crossref	pending	2026-09-24	referenced by consist-v
confusing	adj	3	family	pending	2026-09-24	referenced by confuse-v; referenced by confusion-n
considerate	adj	3	family	pending	2026-09-24	referenced by consider-v
consideration	n	3	family	pending	2026-09-24	referenced by consider-v
continual	adj	3	family	pending	2026-09-24	referenced by continue-v
continuation	n	3	family	pending	2026-09-24	referenced by continue-v
continuous	adj	3	family	pending	2026-09-24	referenced by continue-v
controller	n	3	family	pending	2026-09-24	referenced by control-v; referenced by control-n
cook	n	3	family	pending	2026-09-24	referenced by cook-v
cook up	phrv	3	crossref	pending	2026-09-24	referenced by cook-v
cooker	n	3	family	pending	2026-09-24	referenced by cook-v; referenced by stove-n
cooking	n	3	family	pending	2026-09-24	referenced by cook-v; referenced by food-n
cool	n	3	family	pending	2026-09-24	referenced by cool-v
cool off	phrv	3	crossref	pending	2026-09-24	referenced by cool-v
cooler	n	3	family	pending	2026-09-24	referenced by cool-v
copier	n	3	family	pending	2026-09-24	referenced by copy-v; referenced by copy-n
copyright	n	3	family	pending	2026-09-24	referenced by copy-v; referenced by copy-n
costly	adj	3	family	pending	2026-09-24	referenced by cost-v; referenced by cost-n
cough up	phrv	3	crossref	pending	2026-09-24	referenced by cough-v
duplicate	v	3	crossref	pending	2026-09-24	referenced by copy-v
imitate	v	3	crossref	pending	2026-09-24	referenced by copy-v
link	v	3	crossref	pending	2026-09-24	referenced by connect-v; referenced by tie-v; referenced by link-n
mistake	v	3	crossref	pending	2026-09-24	referenced by confuse-v; referenced by mistake-n
mix up	phrv	3	crossref	pending	2026-09-24	referenced by confuse-v; referenced by mix-v
resume	v	3	crossref	pending	2026-09-24	referenced by continue-v
uncontrollable	adj	3	family	pending	2026-09-24	referenced by control-v; referenced by control-n
organization	n	3	closure	done	2026-09-24	used in control-v senses[0].definition; pos guessed (no morphological signal), check before claiming; used in form-v senses[0].definition; pos guessed (no morphological signal), check before claiming; used in control-v senses[0].definition; also in 1 other entry; pos guessed (no morphological signal), check before claiming; used in join-v senses[0].definition; pos guessed (no morphological signal), check before claiming; used in control-v senses[0].definition; also in 2 other entries; pos guessed (no morphological signal), check before claiming
count	n	3	family	pending	2026-09-24	referenced by count-v
count on	phrv	3	crossref	pending	2026-09-24	referenced by count-v; referenced by depend-v
countable	adj	3	family	pending	2026-09-24	referenced by count-v
counter	n	3	family	pending	2026-09-24	referenced by count-v; referenced by desk-n
countless	adj	3	family	pending	2026-09-24	referenced by count-v
cover	n	3	family	pending	2026-09-24	referenced by cover-v; referenced by blanket-n; referenced by lid-n
cover up	phrv	3	crossref	pending	2026-09-24	referenced by cover-v
coverage	n	3	family	pending	2026-09-24	referenced by cover-v
covering	n	3	family	pending	2026-09-24	referenced by cover-v
creation	n	3	family	pending	2026-09-24	referenced by create-v
creativity	n	3	family	pending	2026-09-24	referenced by create-v
creator	n	3	family	pending	2026-09-24	referenced by create-v
cross	adj	3	family	pending	2026-09-24	referenced by cross-v
cross	n	3	family	pending	2026-09-24	referenced by cross-v
cross out	phrv	3	crossref	pending	2026-09-24	referenced by cross-v
crossroads	n	3	family	pending	2026-09-24	referenced by cross-v
crush	n	3	family	pending	2026-09-24	referenced by crush-v
crushing	adj	3	family	pending	2026-09-24	referenced by crush-v
curable	adj	3	family	pending	2026-09-24	referenced by cure-v
cure	n	3	family	pending	2026-09-24	referenced by cure-v
cut back	phrv	3	crossref	pending	2026-09-24	referenced by cut-v
cut in	phrv	3	crossref	pending	2026-09-24	referenced by cut-v
cut out	phrv	3	crossref	pending	2026-09-24	referenced by cut-v
cut up	phrv	3	crossref	pending	2026-09-24	referenced by cut-v
cutter	n	3	family	pending	2026-09-24	referenced by cut-v; referenced by cut-n
cutting	adj	3	family	pending	2026-09-24	referenced by cut-v
cutting	n	3	family	pending	2026-09-24	referenced by cut-v; referenced by cut-n
damaging	adj	3	family	pending	2026-09-24	referenced by damage-v; referenced by damage-n
dancing	n	3	family	pending	2026-09-24	referenced by dance-v; referenced by dance-n
incurable	adj	3	family	pending	2026-09-24	referenced by cure-v
matter	v	3	crossref	pending	2026-09-24	referenced by count-v; referenced by importance-n; referenced by matter-n
squash	v	3	crossref	pending	2026-09-24	referenced by crush-v
trim	v	3	crossref	pending	2026-09-24	referenced by cut-v
uncountable	adj	3	family	pending	2026-09-24	referenced by count-v
uncover	v	3	family	pending	2026-09-24	referenced by cover-v
undercover	adj	3	family	pending	2026-09-24	referenced by cover-v
criticize	v	3	crossref	pending	2026-09-24	referenced by defend-v; referenced by criticism-n; referenced by judge-v; referenced by praise-v; referenced by knock-v
dated	adj	3	family	pending	2026-09-24	referenced by date-v; referenced by date-n
decided	adj	3	family	pending	2026-09-24	referenced by decide-v
decisive	adj	3	family	pending	2026-09-24	referenced by decide-v; referenced by decision-n
defendant	n	3	family	pending	2026-09-24	referenced by defend-v
defender	n	3	family	pending	2026-09-24	referenced by defend-v
defensive	adj	3	family	pending	2026-09-24	referenced by defend-v; referenced by defense-n
definite	adj	3	family	pending	2026-09-24	referenced by define-v; referenced by definition-n
deletion	n	3	family	pending	2026-09-24	referenced by delete-v
delivery	n	3	family	pending	2026-09-24	referenced by deliver-v
dependable	adj	3	family	pending	2026-09-24	referenced by depend-v
dependence	n	3	family	pending	2026-09-24	referenced by depend-v
descriptive	adj	3	family	pending	2026-09-24	referenced by describe-v; referenced by description-n
destroyer	n	3	family	pending	2026-09-24	referenced by destroy-v
destructive	adj	3	family	pending	2026-09-24	referenced by destroy-v; referenced by destruction-n
erase	v	3	crossref	pending	2026-09-24	referenced by delete-v; referenced by wipe-v
go down	phrv	3	crossref	pending	2026-09-24	referenced by decrease-v
prosecute	v	3	crossref	pending	2026-09-24	referenced by defend-v
rely	v	3	crossref	pending	2026-09-24	referenced by depend-v; referenced by trust-v
ruin	v	3	crossref	pending	2026-09-24	referenced by destroy-v; referenced by ruin-n
undecided	adj	3	family	pending	2026-09-24	referenced by decide-v
packages	n	3	closure	duplicate	2026-09-24	used in deliver-v senses[0].definition; pos guessed (no morphological signal), check before claiming; pos-guess error: plural of package; queued as package-n
developed	adj	3	family	pending	2026-09-24	referenced by develop-v; referenced by development-n
developer	n	3	family	pending	2026-09-24	referenced by develop-v; referenced by development-n
developing	adj	3	family	pending	2026-09-24	referenced by develop-v; referenced by development-n
disagreeable	adj	3	family	pending	2026-09-24	referenced by disagree-v
disagreement	n	3	family	pending	2026-09-24	referenced by disagree-v; referenced by conflict-n; referenced by difference-n
disappearance	n	3	family	pending	2026-09-24	referenced by disappear-v; referenced by appearance-n
disappointing	adj	3	family	pending	2026-09-24	referenced by disappoint-v; referenced by disappointment-n
discoverer	n	3	family	pending	2026-09-24	referenced by discover-v; referenced by discovery-n
dislike	n	3	family	pending	2026-09-24	referenced by dislike-v; referenced by hate-n
divider	n	3	family	pending	2026-09-24	referenced by divide-v
divisible	adj	3	family	pending	2026-09-24	referenced by divide-v
division	n	3	family	pending	2026-09-24	referenced by divide-v
divorcee	n	3	family	pending	2026-09-24	referenced by divorce-v
dying	adj	3	family	pending	2026-09-24	referenced by die-v; referenced by death-n
invent	v	3	crossref	done	2026-09-24	referenced by develop-v; referenced by discover-v; referenced by coin-v
let down	phrv	3	crossref	pending	2026-09-24	referenced by disappoint-v; referenced by let-v; referenced by fail-v
separate	v	3	crossref	pending	2026-09-24	referenced by divide-v; referenced by split-v
unite	v	3	crossref	pending	2026-09-24	referenced by divide-v
vanish	v	3	crossref	pending	2026-09-24	referenced by disappear-v
advanced	v	3	closure	duplicate	2026-09-24	used in develop-v senses[0].definition; pos-guess error: participle used as adjective; covered by advanced-adj row; used in development-n senses[0].definition; used in develop-v senses[0].definition; also in 1 other entry
bother	v	3	crossref	pending	2026-09-24	referenced by eat-v; referenced by bug-v
daydream	v	3	crossref	pending	2026-09-24	referenced by dream-v
deserve	v	3	crossref	pending	2026-09-24	referenced by earn-v
doubtful	adj	3	family	pending	2026-09-24	referenced by doubt-v; referenced by doubt-n
doubtless	adv	3	family	pending	2026-09-24	referenced by doubt-v
draw	n	3	family	pending	2026-09-24	referenced by draw-v
draw on	phrv	3	crossref	pending	2026-09-24	referenced by draw-v
draw up	phrv	3	crossref	pending	2026-09-24	referenced by draw-v
drawing	n	3	family	done	2026-09-24	referenced by draw-v
dream up	phrv	3	crossref	pending	2026-09-24	referenced by dream-v
dreamer	n	3	family	pending	2026-09-24	referenced by dream-v; referenced by dream-n
dreamy	adj	3	family	pending	2026-09-24	referenced by dream-v; referenced by dream-n
dresser	n	3	family	pending	2026-09-24	referenced by dress-v
dressing	n	3	family	pending	2026-09-24	referenced by dress-v; referenced by sauce-n
drinkable	adj	3	family	pending	2026-09-24	referenced by drink-v
drinker	n	3	family	pending	2026-09-24	referenced by drink-v; referenced by drink-n
driven	adj	3	family	pending	2026-09-24	referenced by drive-v
driving	n	3	family	pending	2026-09-24	referenced by drive-v
drop	n	3	family	pending	2026-09-24	referenced by drop-v; referenced by decrease-n; referenced by fall-n
drop out	phrv	3	crossref	pending	2026-09-24	referenced by drop-v
droplet	n	3	family	pending	2026-09-24	referenced by drop-v
dry off	phrv	3	crossref	pending	2026-09-24	referenced by dry-v
dry up	phrv	3	crossref	pending	2026-09-24	referenced by dry-v
earner	n	3	family	pending	2026-09-24	referenced by earn-v
earnings	n	3	family	pending	2026-09-24	referenced by earn-v
eat out	phrv	3	crossref	pending	2026-09-24	referenced by eat-v
eater	n	3	family	pending	2026-09-24	referenced by eat-v
gain	v	3	crossref	pending	2026-09-24	referenced by earn-v; referenced by lose-v; referenced by win-v; referenced by gain-n
sketch	v	3	crossref	pending	2026-09-24	referenced by draw-v
toast	v	3	crossref	pending	2026-09-24	referenced by drink-v
undoubtedly	adv	3	family	pending	2026-09-24	referenced by doubt-v; referenced by doubt-n
undress	v	3	crossref	pending	2026-09-24	referenced by dress-v; referenced by strip-v
wet	v	3	crossref	pending	2026-09-24	referenced by dry-v
withdraw	v	3	crossref	pending	2026-09-24	referenced by draw-v
pen	n	3	closure	done	2026-09-24	used in draw-v senses[0].definition; pos guessed (no morphological signal), check before claiming
pencil	n	3	closure	done	2026-09-24	used in draw-v senses[0].definition; pos guessed (no morphological signal), check before claiming
amuse	v	3	crossref	done	2026-09-24	referenced by entertain-v
appoint	v	3	crossref	pending	2026-09-24	referenced by elect-v; referenced by name-v; referenced by appointment-n
arouse	v	3	crossref	pending	2026-09-24	referenced by excite-v
discourage	v	3	crossref	pending	2026-09-24	referenced by encourage-v; referenced by courage-n
elect	adj	3	family	pending	2026-09-24	referenced by elect-v
elector	n	3	family	pending	2026-09-24	referenced by elect-v
electoral	adj	3	family	pending	2026-09-24	referenced by elect-v; referenced by election-n
employment	n	3	family	pending	2026-09-24	referenced by employ-v; referenced by employee-n
emptiness	n	3	family	pending	2026-09-24	referenced by empty-v
encouragement	n	3	family	pending	2026-09-24	referenced by encourage-v
encouraging	adj	3	family	pending	2026-09-24	referenced by encourage-v
ending	n	3	family	pending	2026-09-24	referenced by end-v; referenced by end-n
endless	adj	3	family	pending	2026-09-24	referenced by end-v; referenced by end-n
entertainer	n	3	family	pending	2026-09-24	referenced by entertain-v
entertaining	adj	3	family	pending	2026-09-24	referenced by entertain-v
entertainment	n	3	family	pending	2026-09-24	referenced by entertain-v
entry	n	3	family	pending	2026-09-24	referenced by enter-v; referenced by entrance-n
exam	n	3	family	pending	2026-09-24	referenced by examine-v; referenced by test-v
examination	n	3	family	pending	2026-09-24	referenced by examine-v
examiner	n	3	family	pending	2026-09-24	referenced by examine-v
exciting	adj	3	family	pending	2026-09-24	referenced by excite-v; referenced by excitement-n
exit	v	3	crossref	pending	2026-09-24	referenced by enter-v; referenced by exit-n
type	v	3	crossref	pending	2026-09-24	referenced by enter-v; referenced by print-v
unemployed	adj	3	family	pending	2026-09-24	referenced by employ-v
unending	adj	3	family	pending	2026-09-24	referenced by end-v
eager	n	3	closure	duplicate	2026-09-24	used in excite-v senses[0].definition; pos guessed (no morphological signal), check before claiming; pos-guess error: adjective; covered by eager-adj row
existence	n	3	family	pending	2026-09-25	referenced by exist-v
existing	adj	3	family	pending	2026-09-25	referenced by exist-v
expectation	n	3	family	pending	2026-09-25	referenced by expect-v
expected	adj	3	family	pending	2026-09-25	referenced by expect-v
express	adj	3	family	pending	2026-09-25	referenced by express-v
expression	n	3	family	pending	2026-09-25	referenced by express-v; referenced by face-n; used in smile-n senses[0].definition; pos guessed (no morphological signal), check before claiming
expressive	adj	3	family	pending	2026-09-25	referenced by express-v
fall behind	phrv	3	crossref	pending	2026-09-25	referenced by fall-v
fall for	phrv	3	crossref	pending	2026-09-25	referenced by fall-v
fall out	phrv	3	crossref	pending	2026-09-25	referenced by fall-v
fall through	phrv	3	crossref	pending	2026-09-25	referenced by fall-v
fallen	adj	3	family	pending	2026-09-25	referenced by fall-v
farm out	phrv	3	crossref	pending	2026-09-25	referenced by farm-v
farming	n	3	family	pending	2026-09-25	referenced by farm-v; referenced by farm-n
fearful	adj	3	family	pending	2026-09-25	referenced by fear-v; referenced by fear-n
fearless	adj	3	family	pending	2026-09-25	referenced by fear-v; referenced by fear-n
fed up	adj	3	family	pending	2026-09-25	referenced by feed-v
feed	n	3	family	pending	2026-09-25	referenced by feed-v
feel	n	3	family	pending	2026-09-25	referenced by feel-v; referenced by feeling-n
frighten	v	3	crossref	pending	2026-09-25	referenced by fear-v; referenced by alarm-v
unexpected	adj	3	family	pending	2026-09-25	referenced by expect-v
attach	v	3	crossref	pending	2026-09-25	referenced by fix-v; referenced by enclose-v
fight back	phrv	3	crossref	pending	2026-09-25	referenced by fight-v
fight off	phrv	3	crossref	pending	2026-09-25	referenced by fight-v
fighter	n	3	family	pending	2026-09-25	referenced by fight-v; referenced by fight-n
filling	n	3	family	pending	2026-09-25	referenced by fill-v
finder	n	3	family	pending	2026-09-25	referenced by find-v
firing	n	3	family	pending	2026-09-25	referenced by fire-v
fit in	phrv	3	crossref	pending	2026-09-25	referenced by fit-v
fit	n	3	family	pending	2026-09-25	referenced by fit-v
fitting	n	3	family	pending	2026-09-25	referenced by fit-v
fix	n	3	family	pending	2026-09-25	referenced by fix-v
fix up	phrv	3	crossref	pending	2026-09-25	referenced by fix-v
fixed	adj	3	family	pending	2026-09-25	referenced by fix-v
flash	n	3	family	pending	2026-09-25	referenced by flash-v
flashlight	n	3	family	pending	2026-09-25	referenced by flash-v; referenced by light-n
flashy	adj	3	family	pending	2026-09-25	referenced by flash-v
float	n	3	family	pending	2026-09-25	referenced by float-v
floating	adj	3	family	pending	2026-09-25	referenced by float-v
flow	n	3	family	pending	2026-09-25	referenced by flow-v
flowing	adj	3	family	pending	2026-09-25	referenced by flow-v
flyer	n	3	family	pending	2026-09-25	referenced by fly-v
match	v	3	crossref	pending	2026-09-25	referenced by fit-v; referenced by match-n
sack	v	3	crossref	pending	2026-09-25	referenced by fire-v
shoot	v	3	crossref	pending	2026-09-25	referenced by fire-v; referenced by gun-n
sink	v	3	crossref	pending	2026-09-25	referenced by float-v; referenced by rise-v; referenced by sink-n
suit	v	3	crossref	pending	2026-09-25	referenced by fit-v; referenced by become-v; referenced by suit-n
bullet	n	3	closure	done	2026-09-25	used in fire-v senses[0].definition; pos guessed (no morphological signal), check before claiming
compel	v	3	crossref	pending	2026-09-25	referenced by force-v
concentrate	v	3	crossref	pending	2026-09-25	referenced by focus-v
deep fry	v	3	crossref	pending	2026-09-25	referenced by fry-v
defrost	v	3	crossref	pending	2026-09-25	referenced by freeze-v
excuse	v	3	crossref	pending	2026-09-25	referenced by forgive-v
fail	v	3	crossref	done	2026-09-25	referenced by fold-v; referenced by pass-v; referenced by work-v; referenced by failure-n
focused	adj	3	family	pending	2026-09-25	referenced by focus-v; referenced by focus-n
fold	n	3	family	pending	2026-09-25	referenced by fold-v
folding	adj	3	family	pending	2026-09-25	referenced by fold-v
follow up	phrv	3	crossref	pending	2026-09-25	referenced by follow-v
following	n	3	family	pending	2026-09-25	referenced by follow-v; referenced by following-prep
following	prep	3	family	done	2026-09-25	referenced by follow-v
forced	adj	3	family	pending	2026-09-25	referenced by force-v; referenced by force-n
forceful	adj	3	family	pending	2026-09-25	referenced by force-v; referenced by force-n
forgetful	adj	3	family	pending	2026-09-25	referenced by forget-v
forgiving	adj	3	family	pending	2026-09-25	referenced by forgive-v
formation	n	3	family	pending	2026-09-25	referenced by form-v; referenced by form-n
found	v	3	crossref	pending	2026-09-25	referenced by form-v
freeze	n	3	family	pending	2026-09-25	referenced by freeze-v
freezer	n	3	family	pending	2026-09-25	referenced by freeze-v; referenced by fridge-n
freezing	adj	3	family	pending	2026-09-25	referenced by freeze-v
fried	adj	3	family	pending	2026-09-25	referenced by fry-v
fryer	n	3	family	pending	2026-09-25	referenced by fry-v
gathering	n	3	family	pending	2026-09-25	referenced by gather-v
ignore	v	3	crossref	done	2026-09-25	referenced by follow-v
precede	v	3	crossref	pending	2026-09-25	referenced by follow-v
thaw	v	3	crossref	pending	2026-09-25	referenced by freeze-v
unforgettable	adj	3	family	pending	2026-09-25	referenced by forget-v
unforgivable	adj	3	family	pending	2026-09-25	referenced by forgive-v
cope	v	3	crossref	pending	2026-09-25	referenced by handle-v; referenced by manage-v
detest	v	3	crossref	pending	2026-09-25	referenced by hate-v
donate	v	3	crossref	pending	2026-09-25	referenced by give-v
gift	n	3	family	pending	2026-09-25	referenced by give-v; referenced by present-n
give away	phrv	3	crossref	pending	2026-09-25	referenced by give-v
given	adj	3	family	pending	2026-09-25	referenced by give-v
giver	n	3	family	pending	2026-09-25	referenced by give-v
grower	n	3	family	pending	2026-09-25	referenced by grow-v; referenced by growth-n
grown	adj	3	family	pending	2026-09-25	referenced by grow-v
grown up	n	3	family	pending	2026-09-25	referenced by grow-v; referenced by growth-n
guarded	adj	3	family	pending	2026-09-25	referenced by guard-v
guardian	n	3	family	pending	2026-09-25	referenced by guard-v; referenced by guard-n
guesswork	n	3	family	pending	2026-09-25	referenced by guess-v; referenced by guess-n
handler	n	3	family	pending	2026-09-25	referenced by handle-v
handling	n	3	family	pending	2026-09-25	referenced by handle-v
hang around	phrv	3	crossref	pending	2026-09-25	referenced by hang-v
hang on	phrv	3	crossref	pending	2026-09-25	referenced by hang-v
hang out	phrv	3	crossref	pending	2026-09-25	referenced by hang-v
hanging	n	3	family	pending	2026-09-25	referenced by hang-v
happening	n	3	family	pending	2026-09-25	referenced by happen-v
harmful	adj	3	family	pending	2026-09-25	referenced by harm-v; referenced by harm-n
harmless	adj	3	family	pending	2026-09-25	referenced by harm-v; referenced by harm-n
hateful	adj	3	family	pending	2026-09-25	referenced by hate-v; referenced by hate-n
hatred	n	3	family	pending	2026-09-25	referenced by hate-v; referenced by hate-n
loathe	v	3	crossref	pending	2026-09-25	referenced by hate-v
mark	v	3	crossref	pending	2026-09-25	referenced by guard-v; referenced by mark-n
offer	v	3	crossref	pending	2026-09-25	referenced by give-v; referenced by offer-n
ache	v	3	crossref	pending	2026-09-26	referenced by hurt-v
aid	v	3	crossref	pending	2026-09-26	referenced by help-v
assist	v	3	crossref	pending	2026-09-26	referenced by help-v
conceal	v	3	crossref	pending	2026-09-26	referenced by hide-v
embrace	v	3	crossref	pending	2026-09-26	referenced by hug-v
heat up	phrv	3	crossref	pending	2026-09-26	referenced by heat-v
heated	adj	3	family	pending	2026-09-26	referenced by heat-v; referenced by heat-n
heater	n	3	family	pending	2026-09-26	referenced by heat-v; referenced by heat-n
heating	n	3	family	pending	2026-09-26	referenced by heat-v; referenced by heat-n
help	interj	3	crossref	pending	2026-09-26	referenced by help-v; referenced by help-n
help out	phrv	3	crossref	pending	2026-09-26	referenced by help-v
helper	n	3	family	pending	2026-09-26	referenced by help-v; referenced by help-n
helping	n	3	family	pending	2026-09-26	referenced by help-v; referenced by help-n
helpless	adj	3	family	pending	2026-09-26	referenced by help-v; referenced by help-n
hiding	n	3	family	pending	2026-09-26	referenced by hide-v
hinder	v	3	crossref	pending	2026-09-26	referenced by help-v
hire	n	3	family	pending	2026-09-26	referenced by hire-v
hit back	phrv	3	crossref	pending	2026-09-26	referenced by hit-v
hitter	n	3	family	pending	2026-09-26	referenced by hit-v; referenced by hit-n
hold back	phrv	3	crossref	pending	2026-09-26	referenced by hold-v
hold	n	3	family	pending	2026-09-26	referenced by hold-v
holder	n	3	family	pending	2026-09-26	referenced by hold-v
hopeful	adj	3	family	pending	2026-09-26	referenced by hope-v; referenced by hope-n
hopefully	adv	3	family	pending	2026-09-26	referenced by hope-v; referenced by hope-n
hopeless	adj	3	family	pending	2026-09-26	referenced by hope-v; referenced by hope-n
hug	n	3	family	pending	2026-09-26	referenced by hug-v
hurt	n	3	family	pending	2026-09-26	referenced by hurt-v
hurtful	adj	3	family	pending	2026-09-26	referenced by hurt-v
reveal	v	3	crossref	pending	2026-09-26	referenced by hide-v
strike	v	3	crossref	pending	2026-09-26	referenced by hit-v; referenced by strike-n
package	n	3	closure	done	2026-09-26	used in deliver-v senses[0].definition (as packages)
accomplishment	n	3	crossref	pending	2026-09-26	referenced by achievement-n
achieve	v	3	family	done	2026-09-26	referenced by achievement-n; referenced by realize-v
achiever	n	3	family	pending	2026-09-26	referenced by achievement-n; referenced by achieve-v
border	v	3	family	done	2026-09-26	referenced by border-n
boundary	n	3	crossref	pending	2026-09-26	referenced by border-n; referenced by limit-n
bulletproof	adj	3	family	pending	2026-09-26	referenced by bullet-n
commitment	n	3	family	pending	2026-09-26	referenced by commit-v
committed	adj	3	family	pending	2026-09-26	referenced by commit-v
critic	n	3	family	pending	2026-09-26	referenced by criticism-n
eagerly	adv	3	family	pending	2026-09-26	referenced by eager-adj
eagerness	n	3	family	pending	2026-09-26	referenced by eager-adj
irrelevant	adj	3	crossref	pending	2026-09-26	referenced by relevant-adj
keen	adj	3	crossref	pending	2026-09-26	referenced by eager-adj
package	v	3	family	pending	2026-09-26	referenced by package-n
packaging	n	3	family	pending	2026-09-26	referenced by package-n
packet	n	3	crossref	pending	2026-09-26	referenced by package-n; referenced by pack-n
parcel	n	3	crossref	pending	2026-09-26	referenced by package-n
praise	n	3	crossref	pending	2026-09-26	referenced by criticism-n; referenced by praise-v
relevance	n	3	family	pending	2026-09-26	referenced by relevant-adj
urgency	n	3	family	pending	2026-09-26	referenced by urgent-adj
urgently	adv	3	family	pending	2026-09-26	referenced by urgent-adj
exclude	v	3	crossref	pending	2026-09-26	referenced by include-v
imaginative	adj	3	family	pending	2026-09-26	referenced by imagine-v
improved	adj	3	family	pending	2026-09-26	referenced by improve-v
inclusive	adj	3	family	pending	2026-09-26	referenced by include-v
increasing	adj	3	family	pending	2026-09-26	referenced by increase-v; referenced by increase-n
informant	n	3	family	pending	2026-09-26	referenced by inform-v
informer	n	3	family	pending	2026-09-26	referenced by inform-v
injured	adj	3	family	pending	2026-09-26	referenced by injure-v; referenced by injury-n
installation	n	3	family	pending	2026-09-26	referenced by install-v
intended	adj	3	family	pending	2026-09-26	referenced by intend-v
intent	n	3	family	pending	2026-09-26	referenced by intend-v
intentional	adj	3	family	pending	2026-09-26	referenced by intend-v; referenced by intention-n
interesting	adj	3	family	pending	2026-09-26	referenced by interest-v; referenced by interest-n
introduction	n	3	family	pending	2026-09-26	referenced by introduce-v
introductory	adj	3	family	pending	2026-09-26	referenced by introduce-v
notify	v	3	crossref	pending	2026-09-26	referenced by inform-v
picture	v	3	crossref	pending	2026-09-26	referenced by imagine-v; referenced by picture-n
present	v	3	crossref	pending	2026-09-26	referenced by introduce-v; referenced by present-n
uninstall	v	3	crossref	pending	2026-09-26	referenced by install-v
worsen	v	3	crossref	pending	2026-09-26	referenced by improve-v
delay	v	3	crossref	pending	2026-09-26	referenced by keep-v; referenced by delay-n
hop	v	3	crossref	pending	2026-09-26	referenced by jump-v
investment	n	3	family	pending	2026-09-26	referenced by invest-v
investor	n	3	family	pending	2026-09-26	referenced by invest-v
invitation	n	3	family	pending	2026-09-26	referenced by invite-v
inviting	adj	3	family	pending	2026-09-26	referenced by invite-v
involved	adj	3	family	pending	2026-09-26	referenced by involve-v
involvement	n	3	family	pending	2026-09-26	referenced by involve-v
join in	phrv	3	crossref	pending	2026-09-26	referenced by join-v
jump at	phrv	3	crossref	pending	2026-09-26	referenced by jump-v
jump	n	3	family	pending	2026-09-26	referenced by jump-v
jumpy	adj	3	family	pending	2026-09-26	referenced by jump-v
keep	n	3	family	pending	2026-09-26	referenced by keep-v
keeper	n	3	family	pending	2026-09-26	referenced by keep-v
kick	n	3	family	pending	2026-09-26	referenced by kick-v
kick off	phrv	3	crossref	pending	2026-09-26	referenced by kick-v
kick out	phrv	3	crossref	pending	2026-09-26	referenced by kick-v
killer	n	3	family	pending	2026-09-26	referenced by kill-v
killing	n	3	family	pending	2026-09-26	referenced by kill-v
kiss	n	3	family	pending	2026-09-26	referenced by kiss-v
leap	v	3	crossref	pending	2026-09-26	referenced by jump-v
murder	v	3	crossref	pending	2026-09-26	referenced by kill-v; referenced by murder-n
store	v	3	crossref	pending	2026-09-26	referenced by keep-v; referenced by store-n
switch off	phrv	3	crossref	pending	2026-09-26	referenced by kill-v; referenced by switch-v; referenced by switch-n
clear	v	3	crossref	pending	2026-09-26	referenced by lift-v; referenced by cloud-v
guide	v	3	crossref	pending	2026-09-26	referenced by lead-v; referenced by guide-n
known	adj	3	family	pending	2026-09-26	referenced by know-v
lead	n	3	family	pending	2026-09-26	referenced by lead-v
leadership	n	3	family	pending	2026-09-26	referenced by lead-v; referenced by leader-n
leading	adj	3	family	pending	2026-09-26	referenced by lead-v
learned	adj	3	family	pending	2026-09-26	referenced by learn-v
learner	n	3	family	pending	2026-09-26	referenced by learn-v
learning	n	3	family	pending	2026-09-26	referenced by learn-v
light up	phrv	3	crossref	pending	2026-09-26	referenced by light-v
lighter	n	3	family	pending	2026-09-26	referenced by light-v; referenced by light-n
lighting	n	3	family	pending	2026-09-26	referenced by light-v; referenced by light-n
unknown	adj	3	family	pending	2026-09-26	referenced by know-v
face	v	3	crossref	pending	2026-09-26	referenced by look-v; referenced by face-n
liking	n	3	family	pending	2026-09-26	referenced by like-v
limitation	n	3	family	pending	2026-09-26	referenced by limit-v; referenced by limit-n
limited	adj	3	family	pending	2026-09-26	referenced by limit-v; referenced by limit-n
living	n	3	family	pending	2026-09-26	referenced by live-v; referenced by life-n
lock up	phrv	3	crossref	pending	2026-09-26	referenced by lock-v
locker	n	3	family	pending	2026-09-26	referenced by lock-v; referenced by lock-n
lost	adj	3	family	pending	2026-09-26	referenced by lose-v; referenced by loss-n
lovely	adj	3	family	pending	2026-09-26	referenced by love-v; referenced by love-n
lover	n	3	family	pending	2026-09-26	referenced by love-v; referenced by love-n
loving	adj	3	family	pending	2026-09-26	referenced by love-v; referenced by love-n
manageable	adj	3	family	pending	2026-09-26	referenced by manage-v
management	n	3	family	pending	2026-09-26	referenced by manage-v; referenced by manager-n
restrict	v	3	crossref	pending	2026-09-26	referenced by limit-v
search	v	3	crossref	pending	2026-09-26	referenced by look-v; referenced by search-n
unlimited	adj	3	family	pending	2026-09-26	referenced by limit-v; referenced by limit-n
combine	v	3	crossref	pending	2026-09-26	referenced by mix-v; referenced by marry-v
meaningful	adj	3	family	pending	2026-09-26	referenced by mean-v; referenced by meaning-n
meet up	phrv	3	crossref	pending	2026-09-26	referenced by meet-v
meeting	n	3	family	pending	2026-09-26	referenced by meet-v; referenced by appointment-n
mention	n	3	family	pending	2026-09-26	referenced by mention-v
mixer	n	3	family	pending	2026-09-26	referenced by mix-v
moving	adj	3	family	pending	2026-09-26	referenced by move-v; referenced by move-n
multiple	adj	3	family	pending	2026-09-26	referenced by multiply-v
multiplication	n	3	family	pending	2026-09-26	referenced by multiply-v
command	v	3	crossref	pending	2026-09-26	referenced by order-v
disobey	v	3	crossref	pending	2026-09-26	referenced by obey-v
need	modal	3	crossref	pending	2026-09-26	referenced by need-v
notice	n	3	family	pending	2026-09-26	referenced by notice-v; referenced by attention-n
noticeable	adj	3	family	pending	2026-09-26	referenced by notice-v
obedience	n	3	family	pending	2026-09-26	referenced by obey-v
obedient	adj	3	family	pending	2026-09-26	referenced by obey-v
observant	adj	3	family	pending	2026-09-26	referenced by observe-v
observation	n	3	family	pending	2026-09-26	referenced by observe-v
observer	n	3	family	pending	2026-09-26	referenced by observe-v
occurrence	n	3	family	pending	2026-09-26	referenced by occur-v; referenced by event-n
open up	phrv	3	crossref	pending	2026-09-26	referenced by open-v
opener	n	3	family	pending	2026-09-26	referenced by open-v
opening	n	3	family	pending	2026-09-26	referenced by open-v
operator	n	3	family	pending	2026-09-26	referenced by operate-v; referenced by operation-n
orderly	adj	3	family	pending	2026-09-26	referenced by order-v; referenced by order-n
own	adj	3	family	pending	2026-09-26	referenced by own-v
own up	phrv	3	crossref	pending	2026-09-26	referenced by own-v
ownership	n	3	family	pending	2026-09-26	referenced by own-v; referenced by owner-n
design	v	3	crossref	pending	2026-09-26	referenced by plan-v; referenced by design-n
pack up	phrv	3	crossref	pending	2026-09-26	referenced by pack-v
packed	adj	3	family	pending	2026-09-26	referenced by pack-v
packing	n	3	family	pending	2026-09-26	referenced by pack-v
painter	n	3	family	pending	2026-09-26	referenced by paint-v; referenced by artist-n; referenced by painting-n; referenced by paint-n
painting	n	3	family	done	2026-09-26	referenced by paint-v
pass	n	3	family	pending	2026-09-26	referenced by pass-v; referenced by fail-n
passage	n	3	family	pending	2026-09-26	referenced by pass-v
passing	adj	3	family	pending	2026-09-26	referenced by pass-v
pay off	phrv	3	crossref	pending	2026-09-26	referenced by pay-v
peel	n	3	family	pending	2026-09-26	referenced by peel-v; referenced by skin-n
peeler	n	3	family	pending	2026-09-26	referenced by peel-v
performer	n	3	family	pending	2026-09-26	referenced by perform-v; referenced by artist-n; referenced by performance-n
pick	n	3	family	pending	2026-09-26	referenced by pick-v
pick on	phrv	3	crossref	pending	2026-09-26	referenced by pick-v
pick out	phrv	3	crossref	pending	2026-09-26	referenced by pick-v
placement	n	3	family	pending	2026-09-26	referenced by place-v; referenced by place-n
planner	n	3	family	pending	2026-09-26	referenced by plan-v; referenced by plan-n
planning	n	3	family	pending	2026-09-26	referenced by plan-v; referenced by plan-n
bump into	phrv	3	crossref	pending	2026-09-26	referenced by into-prep
out of	prep	3	crossref	pending	2026-09-26	referenced by into-prep
iron	v	3	crossref	pending	2026-09-26	referenced by press-v; referenced by iron-n
playful	adj	3	family	pending	2026-09-26	referenced by play-v; referenced by play-n
press	n	3	family	pending	2026-09-26	referenced by press-v
pressing	adj	3	family	pending	2026-09-26	referenced by press-v
prevention	n	3	family	pending	2026-09-26	referenced by prevent-v
produce	n	3	family	pending	2026-09-26	referenced by produce-v; referenced by product-n
production	n	3	family	pending	2026-09-26	referenced by produce-v; referenced by product-n
urge	v	3	crossref	pending	2026-09-26	referenced by press-v; referenced by push-v
declare	v	3	crossref	pending	2026-09-26	referenced by pronounce-v
disprove	v	3	crossref	pending	2026-09-26	referenced by prove-v
protective	adj	3	family	pending	2026-09-26	referenced by protect-v; referenced by protection-n
proven	adj	3	family	pending	2026-09-26	referenced by prove-v; referenced by proof-n
provider	n	3	family	pending	2026-09-26	referenced by provide-v
provision	n	3	family	pending	2026-09-26	referenced by provide-v
pull	n	3	family	pending	2026-09-26	referenced by pull-v
pull up	phrv	3	crossref	pending	2026-09-26	referenced by pull-v
reward	v	3	crossref	pending	2026-09-26	referenced by punish-v
attraction	n	3	family	pending	2026-09-26	referenced by attractive-adj
attractively	adv	3	family	pending	2026-09-26	referenced by attractive-adj
axe	v	3	family	done	2026-09-26	referenced by axe-n
bet	v	3	crossref	pending	2026-09-26	referenced by gamble-v
biologically	adv	3	family	pending	2026-09-26	referenced by biological-adj
biologist	n	3	family	pending	2026-09-26	referenced by biological-adj
biology	n	3	family	pending	2026-09-26	referenced by biological-adj
comparatively	adv	3	family	pending	2026-09-26	referenced by comparative-adj
ethnically	adv	3	family	pending	2026-09-26	referenced by ethnic-adj
ethnicity	n	3	family	pending	2026-09-26	referenced by ethnic-adj
gamble	n	3	family	pending	2026-09-26	referenced by gamble-v
gambler	n	3	family	pending	2026-09-26	referenced by gamble-v
gambling	n	3	family	pending	2026-09-26	referenced by gamble-v
genetic	adj	3	family	pending	2026-09-26	referenced by gene-n
genetics	n	3	family	pending	2026-09-26	referenced by gene-n
good looking	adj	3	crossref	pending	2026-09-26	referenced by attractive-adj; referenced by look-n
nappy	n	3	crossref	pending	2026-09-26	referenced by diaper-n
organizational	adj	3	family	pending	2026-09-26	referenced by organization-n
organize	v	3	family	pending	2026-09-26	referenced by organization-n; referenced by arrange-v
organized	adj	3	family	pending	2026-09-26	referenced by organization-n
organizer	n	3	family	pending	2026-09-26	referenced by organization-n
relative	adj	3	crossref	pending	2026-09-26	referenced by comparative-adj
resourceful	adj	3	family	pending	2026-09-26	referenced by resource-n
superlative	adj	3	crossref	pending	2026-09-26	referenced by comparative-adj
unattractive	adj	3	crossref	pending	2026-09-26	referenced by attractive-adj
lower	v	3	crossref	pending	2026-09-26	referenced by raise-v; referenced by reduce-v
push	n	3	family	pending	2026-09-26	referenced by push-v
pushy	adj	3	family	pending	2026-09-26	referenced by push-v
questionable	adj	3	family	pending	2026-09-26	referenced by question-v; referenced by question-n
racer	n	3	family	pending	2026-09-26	referenced by race-v; referenced by race-n
racing	n	3	family	pending	2026-09-26	referenced by race-v; referenced by race-n
rainy	adj	3	family	pending	2026-09-26	referenced by rain-v; referenced by rain-n
raise	n	3	family	pending	2026-09-26	referenced by raise-v
reach	n	3	family	pending	2026-09-26	referenced by reach-v
reach out	phrv	3	crossref	pending	2026-09-26	referenced by reach-v
resign	v	3	crossref	pending	2026-09-26	referenced by quit-v
admit	v	3	crossref	pending	2026-09-26	referenced by recognize-v
consult	v	3	crossref	pending	2026-09-26	referenced by refer-v
deny	v	3	crossref	pending	2026-09-26	referenced by refuse-v
reading	n	3	family	pending	2026-09-26	referenced by read-v; referenced by reader-n
recognizable	adj	3	family	pending	2026-09-26	referenced by recognize-v
reference	n	3	family	pending	2026-09-26	referenced by refer-v
referral	n	3	family	pending	2026-09-26	referenced by refer-v
reflection	n	3	family	pending	2026-09-26	referenced by reflect-v; referenced by mirror-n
reflective	adj	3	family	pending	2026-09-26	referenced by reflect-v
refusal	n	3	family	pending	2026-09-26	referenced by refuse-v
regret	n	3	family	pending	2026-09-26	referenced by regret-v
regretful	adj	3	family	pending	2026-09-26	referenced by regret-v
regrettable	adj	3	family	pending	2026-09-26	referenced by regret-v
relaxation	n	3	family	pending	2026-09-26	referenced by relax-v; referenced by stress-n
relaxed	adj	3	family	pending	2026-09-26	referenced by relax-v
relaxing	adj	3	family	pending	2026-09-26	referenced by relax-v
remainder	n	3	family	pending	2026-09-26	referenced by remain-v
remaining	adj	3	family	pending	2026-09-26	referenced by remain-v
remains	n	3	family	pending	2026-09-26	referenced by remain-v; referenced by ruin-n
remembrance	n	3	family	pending	2026-09-26	referenced by remember-v
reminder	n	3	family	pending	2026-09-26	referenced by remind-v
removal	n	3	family	pending	2026-09-26	referenced by remove-v
repeat	n	3	family	pending	2026-09-26	referenced by repeat-v
repeated	adj	3	family	pending	2026-09-26	referenced by repeat-v
repeatedly	adv	3	family	pending	2026-09-26	referenced by repeat-v
repetition	n	3	family	pending	2026-09-26	referenced by repeat-v
reply	n	3	family	pending	2026-09-26	referenced by reply-v; referenced by answer-n
representation	n	3	family	pending	2026-09-26	referenced by represent-v; referenced by representative-n
required	adj	3	family	pending	2026-09-26	referenced by require-v
requirement	n	3	family	pending	2026-09-26	referenced by require-v; referenced by need-n
rescuer	n	3	family	pending	2026-09-26	referenced by rescue-v
researcher	n	3	family	pending	2026-09-26	referenced by research-v; referenced by research-n
respectable	adj	3	family	pending	2026-09-26	referenced by respect-v; referenced by respect-n
respected	adj	3	family	pending	2026-09-26	referenced by respect-v
restful	adj	3	family	pending	2026-09-26	referenced by rest-v; referenced by rest-n
go up	phrv	3	crossref	pending	2026-09-26	referenced by rise-v
resulting	adj	3	family	pending	2026-09-26	referenced by result-v
retired	adj	3	family	pending	2026-09-26	referenced by retire-v
return	n	3	family	pending	2026-09-26	referenced by return-v
rider	n	3	family	pending	2026-09-26	referenced by ride-v; referenced by ride-n
riding	n	3	family	pending	2026-09-26	referenced by ride-v; referenced by ride-n
rise	n	3	family	pending	2026-09-26	referenced by rise-v; referenced by cut-n; referenced by fall-n; referenced by increase-n
rising	adj	3	family	pending	2026-09-26	referenced by rise-v
roll	n	3	family	pending	2026-09-26	referenced by roll-v
roll up	phrv	3	crossref	pending	2026-09-26	referenced by roll-v
roller	n	3	family	pending	2026-09-26	referenced by roll-v
rub	n	3	family	pending	2026-09-26	referenced by rub-v
bell	n	3	closure	done	2026-09-26	used in ring-v senses[0].definition; pos guessed (no morphological signal), check before claiming
motorcycle	n	3	closure	done	2026-09-26	used in ride-v senses[0].definition; pos guessed (no morphological signal), check before claiming
upward	n	3	closure	declined	2026-09-26	used in rise-v senses[0].definition; pos guessed (no morphological signal), check before claiming; bogus pos guess: upward is an adverb or adjective, not a noun; queued upward|adv instead
upward	adv	3	closure	done	2026-09-26	used in rise-v senses[0].definition (replaces bogus upward|n)
achievable	adj	3	family	pending	2026-09-26	referenced by achieve-v
aimless	adj	3	family	pending	2026-09-26	referenced by aim-v
doorbell	n	3	crossref	pending	2026-09-26	referenced by bell-n; referenced by door-n
enclosure	n	3	family	pending	2026-09-26	referenced by enclose-v
motorbike	n	3	crossref	pending	2026-09-26	referenced by motorcycle-n
motorcyclist	n	3	family	pending	2026-09-26	referenced by motorcycle-n
point	v	3	crossref	pending	2026-09-26	referenced by aim-v; referenced by point-n
rule out	phrv	3	crossref	pending	2026-09-26	referenced by rule-v; referenced by rule-n
ruler	n	3	family	pending	2026-09-26	referenced by rule-v; referenced by rule-n
ruling	n	3	family	pending	2026-09-26	referenced by rule-v; referenced by decision-n; referenced by rule-n
sailing	n	3	family	pending	2026-09-26	referenced by sail-v; referenced by sail-n
sailor	n	3	family	pending	2026-09-26	referenced by sail-v; referenced by sail-n
satisfactory	adj	3	family	pending	2026-09-26	referenced by satisfy-v; referenced by satisfaction-n
satisfying	adj	3	family	pending	2026-09-26	referenced by satisfy-v; referenced by satisfaction-n
save	n	3	family	pending	2026-09-26	referenced by save-v
save up	phrv	3	crossref	pending	2026-09-26	referenced by save-v
saver	n	3	family	pending	2026-09-26	referenced by save-v
savings	n	3	family	pending	2026-09-26	referenced by save-v
scorer	n	3	family	pending	2026-09-26	referenced by score-v; referenced by score-n
seeming	adj	3	family	pending	2026-09-26	referenced by seem-v
sell out	phrv	3	crossref	pending	2026-09-26	referenced by sell-v
sender	n	3	family	pending	2026-09-26	referenced by send-v
mail	n	3	closure	done	2026-09-26	used in send-v senses[0].definition; pos guessed (no morphological signal), check before claiming
set	n	3	family	pending	2026-09-26	referenced by set-v; referenced by game-n
set out	phrv	3	crossref	pending	2026-09-26	referenced by set-v
setting	n	3	family	done	2026-09-26	referenced by set-v
shaped	adj	3	family	pending	2026-09-26	referenced by shape-v; referenced by shape-n
share	n	3	family	pending	2026-09-26	referenced by share-v; referenced by cut-n; referenced by slice-n
shared	adj	3	family	pending	2026-09-26	referenced by share-v
set	adj	2	crossref	pending	2026-09-27	referenced by set-v
send back	phrv	3	crossref	pending	2026-09-27	referenced by send-v
send off	phrv	3	crossref	pending	2026-09-27	referenced by send-v
rise up	phrv	3	crossref	pending	2026-09-27	referenced by rise-v
quitter	n	3	family	pending	2026-09-28	referenced by quit-v
read out	phrv	3	crossref	pending	2026-09-28	referenced by read-v
pull off	phrv	3	crossref	pending	2026-09-28	referenced by pull-v
pull out	phrv	3	crossref	pending	2026-09-28	referenced by pull-v
tug	v	3	crossref	pending	2026-09-28	referenced by pull-v
ahead of	prep	3	crossref	pending	2026-09-28	referenced by ahead-adv
go ahead	phrv	3	crossref	pending	2026-09-28	referenced by ahead-adv
act on	phrv	3	crossref	pending	2026-09-28	referenced by act-v
act out	phrv	3	crossref	pending	2026-09-28	referenced by act-v
act up	phrv	3	crossref	pending	2026-09-28	referenced by act-v
inactivity	n	3	crossref	pending	2026-09-28	referenced by activity-n
straighten	n	3	closure	duplicate	2026-09-28	used in jump-v senses[0].definition; pos guessed (no morphological signal), check before claiming; verb use; same item as straighten v (crossref row)
arresting	adj	3	family	pending	2026-09-28	referenced by arrest-v
belonging	n	3	family	pending	2026-09-28	referenced by belong-v
ask out	phrv	3	crossref	pending	2026-09-28	referenced by ask-v
becoming	adj	3	family	pending	2026-09-28	referenced by become-v
boil	n	3	family	pending	2026-09-28	referenced by boil-v
breathe in	phrv	3	crossref	pending	2026-09-28	referenced by breathe-v
breathe out	phrv	3	crossref	pending	2026-09-28	referenced by breathe-v
broken	adj	3	family	pending	2026-09-28	referenced by break-v
build on	phrv	3	crossref	pending	2026-09-28	referenced by build-v
dig up	phrv	3	crossref	pending	2026-09-28	referenced by bury-v; referenced by plant-v
alarming	adj	3	family	pending	2026-09-28	referenced by alarm-v
awakening	n	3	family	pending	2026-09-28	referenced by awaken-v
cancel	v	3	crossref	pending	2026-09-28	referenced by axe-v
downward	adv	3	crossref	pending	2026-09-28	referenced by upward-adv
mail	v	3	family	done	2026-09-28	referenced by mail-n
mailbox	n	3	family	pending	2026-09-28	referenced by mail-n; referenced by mail-v
upward	adj	3	family	pending	2026-09-28	referenced by upward-adv
bubbles	n	3	closure	duplicate	2026-09-28	used in boil-v senses[0].definition; pos guessed (no morphological signal), check before claiming; plural of bubble; queued bubble|n instead
bubble	n	3	closure	done	2026-09-28	used as bubbles in boil-v senses[0].definition
call for	phrv	3	crossref	pending	2026-09-29	referenced by call-v
mix	n	3	crossref	pending	2026-09-29	referenced by mixture-n
scream	v	3	crossref	pending	2026-09-29	referenced by shout-v
seat	v	3	crossref	pending	2026-09-29	referenced by sit-v; referenced by seat-n
shaver	n	3	family	pending	2026-09-29	referenced by shave-v
shaving	n	3	family	pending	2026-09-29	referenced by shave-v
shine	n	3	family	pending	2026-09-29	referenced by shine-v; referenced by shiny-adj
shiny	adj	3	family	done	2026-09-29	referenced by shine-v
shocked	adj	3	family	pending	2026-09-29	referenced by shock-v; referenced by shock-n
shocking	adj	3	family	pending	2026-09-29	referenced by shock-v; referenced by shock-n
shop around	phrv	3	crossref	pending	2026-09-29	referenced by shop-v
shopper	n	3	family	pending	2026-09-29	referenced by shop-v; referenced by customer-n; referenced by shop-n
shopping	n	3	family	pending	2026-09-29	referenced by shop-v; referenced by shop-n
shout down	phrv	3	crossref	pending	2026-09-29	referenced by shout-v
shout	n	3	family	pending	2026-09-29	referenced by shout-v; referenced by cry-n
show off	phrv	3	crossref	pending	2026-09-29	referenced by show-v
showing	n	3	family	pending	2026-09-29	referenced by show-v
shrunken	adj	3	family	pending	2026-09-29	referenced by shrink-v
shut down	phrv	3	crossref	pending	2026-09-29	referenced by shut-v
sing along	phrv	3	crossref	pending	2026-09-29	referenced by sing-v
singing	n	3	family	pending	2026-09-29	referenced by sing-v; referenced by singer-n
sit up	phrv	3	crossref	pending	2026-09-29	referenced by sit-v
sitting	n	3	family	pending	2026-09-29	referenced by sit-v
sleep in	phrv	3	crossref	pending	2026-09-29	referenced by sleep-v
sleeper	n	3	family	pending	2026-09-29	referenced by sleep-v
slide	n	3	family	pending	2026-09-29	referenced by slide-v
slip	v	3	crossref	pending	2026-09-29	referenced by slide-v
yell	v	3	crossref	pending	2026-09-29	referenced by shout-v
committee	n	3	closure	done	2026-09-29	used in sit-v senses[4].definition; pos guessed (no morphological signal), check before claiming
accommodate	v	3	crossref	pending	2026-09-29	referenced by house-v
bubble	v	3	family	done	2026-09-29	referenced by bubble-n
bubbly	adj	3	family	pending	2026-09-29	referenced by bubble-n; referenced by bubble-v
email	v	3	crossref	pending	2026-09-29	referenced by mail-v; referenced by email-n
foreseeable	adj	3	family	pending	2026-09-29	referenced by foresee-v
hand in	phrv	3	crossref	pending	2026-09-29	referenced by hand-v
hand out	phrv	3	crossref	pending	2026-09-29	referenced by hand-v
identifiable	adj	3	family	pending	2026-09-29	referenced by identify-v
line	v	3	crossref	pending	2026-09-29	referenced by border-v; referenced by line-n
predict	v	3	crossref	pending	2026-09-29	referenced by foresee-v
unforeseen	adj	3	family	pending	2026-09-29	referenced by foresee-v
put up with	phrv	3	crossref	pending	2026-09-29	referenced by stand-v
resolve	v	3	crossref	pending	2026-09-29	referenced by solve-v
settle	v	3	crossref	pending	2026-09-29	referenced by solve-v
smelly	adj	3	family	pending	2026-09-29	referenced by smell-v; referenced by smell-n
sniff	v	3	crossref	pending	2026-09-29	referenced by smell-v
snow in	phrv	3	crossref	pending	2026-09-29	referenced by snow-v
snow under	phrv	3	crossref	pending	2026-09-29	referenced by snow-v
snowy	adj	3	family	pending	2026-09-29	referenced by snow-v; referenced by snow-n
solvable	adj	3	family	pending	2026-09-29	referenced by solve-v
sound out	phrv	3	crossref	pending	2026-09-29	referenced by sound-v
spell out	phrv	3	crossref	pending	2026-09-29	referenced by spell-v
spending	n	3	family	pending	2026-09-29	referenced by spend-v
spent	adj	3	family	pending	2026-09-29	referenced by spend-v
spill	n	3	family	pending	2026-09-29	referenced by spill-v
split	n	3	family	pending	2026-09-29	referenced by split-v
stand by	phrv	3	crossref	pending	2026-09-29	referenced by stand-v
stand	n	3	family	pending	2026-09-29	referenced by stand-v
stand out	phrv	3	crossref	pending	2026-09-29	referenced by stand-v
standing	n	3	family	pending	2026-09-29	referenced by stand-v
start	n	3	family	pending	2026-09-29	referenced by start-v; referenced by beginning-n; referenced by birth-n; referenced by end-n
stay	n	3	family	pending	2026-09-29	referenced by stay-v
stay out	phrv	3	crossref	pending	2026-09-29	referenced by stay-v
stay up	phrv	3	crossref	pending	2026-09-29	referenced by stay-v
tolerate	v	3	crossref	pending	2026-09-29	referenced by stand-v
back	v	3	crossref	pending	2026-09-29	referenced by support-v; referenced by back-n
cease	v	3	crossref	pending	2026-09-29	referenced by stop-v
propose	v	3	crossref	pending	2026-09-29	referenced by suggest-v
recommend	v	3	crossref	pending	2026-09-29	referenced by suggest-v
reinforce	v	3	crossref	pending	2026-09-29	referenced by strengthen-v
stick out	phrv	3	crossref	pending	2026-09-29	referenced by stick-v
stick to	phrv	3	crossref	pending	2026-09-29	referenced by stick-v
stick up for	phrv	3	crossref	pending	2026-09-29	referenced by stick-v
stick with	phrv	3	crossref	pending	2026-09-29	referenced by stick-v
sticker	n	3	family	pending	2026-09-29	referenced by stick-v
stir	n	3	family	pending	2026-09-29	referenced by stir-v
stir up	phrv	3	crossref	pending	2026-09-29	referenced by stir-v
stirring	adj	3	family	pending	2026-09-29	referenced by stir-v
stretch	n	3	family	pending	2026-09-29	referenced by stretch-v
stretch out	phrv	3	crossref	pending	2026-09-29	referenced by stretch-v
stretchy	adj	3	family	pending	2026-09-29	referenced by stretch-v
strip off	phrv	3	crossref	pending	2026-09-29	referenced by strip-v
studious	adj	3	family	pending	2026-09-29	referenced by study-v
sufferer	n	3	family	pending	2026-09-29	referenced by suffer-v
suffering	n	3	family	pending	2026-09-29	referenced by suffer-v; referenced by pain-n
suggestive	adj	3	family	pending	2026-09-29	referenced by suggest-v; referenced by suggestion-n
supporter	n	3	family	pending	2026-09-29	referenced by support-v; referenced by friend-n; referenced by support-n
supposition	n	3	family	pending	2026-09-29	referenced by suppose-v
amazed	v	3	closure	duplicate	2026-09-29	used in surprise-v senses[0].definition; participle of amaze; the entry is amaze-v (queued)
amaze	v	3	crossref	done	2026-09-29	referenced by surprise-v
astonish	v	3	crossref	pending	2026-09-29	referenced by surprise-v; referenced by amaze-v
surprising	adj	3	family	pending	2026-09-29	referenced by surprise-v; referenced by surprise-n
surprisingly	adv	3	family	pending	2026-09-29	referenced by surprise-v; referenced by surprise-n
survivor	n	3	family	pending	2026-09-29	referenced by survive-v; referenced by survival-n
suspect	n	3	family	pending	2026-09-29	referenced by suspect-v; referenced by suspicion-n
swallow	n	3	family	pending	2026-09-29	referenced by swallow-v
swallow up	phrv	3	crossref	pending	2026-09-29	referenced by swallow-v
sweep	n	3	family	pending	2026-09-29	referenced by sweep-v
sweep up	phrv	3	crossref	pending	2026-09-29	referenced by sweep-v
sweeper	n	3	family	pending	2026-09-29	referenced by sweep-v
swell up	phrv	3	crossref	pending	2026-09-29	referenced by swell-v
swim	n	3	family	pending	2026-09-29	referenced by swim-v
swimmer	n	3	family	pending	2026-09-29	referenced by swim-v
swimming	n	3	family	pending	2026-09-29	referenced by swim-v
swollen	adj	3	family	pending	2026-09-29	referenced by swell-v
tasteless	adj	3	family	pending	2026-09-29	referenced by taste-v
teaching	n	3	family	pending	2026-09-29	referenced by teach-v; referenced by instruction-n
tear apart	phrv	3	crossref	pending	2026-09-29	referenced by tear-v
tester	n	3	family	pending	2026-09-29	referenced by test-v
think over	phrv	3	crossref	pending	2026-09-29	referenced by think-v
think through	phrv	3	crossref	pending	2026-09-29	referenced by think-v
think up	phrv	3	crossref	pending	2026-09-29	referenced by think-v
thinker	n	3	family	pending	2026-09-29	referenced by think-v
thinking	n	3	family	pending	2026-09-29	referenced by think-v
distrust	v	3	crossref	pending	2026-09-29	referenced by trust-v
hurl	v	3	crossref	pending	2026-09-29	referenced by throw-v
mistreat	v	3	family	pending	2026-09-29	referenced by treat-v
mistrust	v	3	crossref	pending	2026-09-29	referenced by trust-v
swap	v	3	crossref	pending	2026-09-29	referenced by trade-v; referenced by switch-v
threatening	adj	3	family	pending	2026-09-29	referenced by threaten-v
throw	n	3	family	pending	2026-09-29	referenced by throw-v
throw out	phrv	3	crossref	pending	2026-09-29	referenced by throw-v
thrower	n	3	family	pending	2026-09-29	referenced by throw-v
tie up	phrv	3	crossref	pending	2026-09-29	referenced by tie-v
tire out	phrv	3	crossref	pending	2026-09-29	referenced by tire-v
tireless	adj	3	family	pending	2026-09-29	referenced by tire-v
tiresome	adj	3	family	pending	2026-09-29	referenced by tire-v
tiring	adj	3	family	pending	2026-09-29	referenced by tire-v
toss	v	3	crossref	pending	2026-09-29	referenced by throw-v
touch on	phrv	3	crossref	pending	2026-09-29	referenced by touch-v
touched	adj	3	family	pending	2026-09-29	referenced by touch-v
touching	adj	3	family	pending	2026-09-29	referenced by touch-v
trade in	phrv	3	crossref	pending	2026-09-29	referenced by trade-v
trader	n	3	family	pending	2026-09-29	referenced by trade-v
trading	n	3	family	pending	2026-09-29	referenced by trade-v
trainee	n	3	family	pending	2026-09-29	referenced by train-v
trainer	n	3	family	pending	2026-09-29	referenced by train-v
translator	n	3	family	pending	2026-09-29	referenced by translate-v
transportation	n	3	family	pending	2026-09-29	referenced by transport-v
transporter	n	3	family	pending	2026-09-29	referenced by transport-v
traveler	n	3	family	pending	2026-09-29	referenced by travel-v; referenced by passenger-n
treat	n	3	family	pending	2026-09-29	referenced by treat-v
trusting	adj	3	family	pending	2026-09-29	referenced by trust-v
trustworthy	adj	3	family	pending	2026-09-29	referenced by trust-v
untouched	adj	3	family	pending	2026-09-29	referenced by touch-v
behave	n	3	closure	declined	2026-09-29	used in treat-v senses[0].definition; pos guessed (no morphological signal), check before claiming; used in attitude-n senses[0].definition; pos guessed (no morphological signal), check before claiming; no noun use; the word is the verb behave-v (queued)
attempt	v	3	crossref	pending	2026-09-29	referenced by try-v; referenced by attempt-n
await	v	3	crossref	pending	2026-09-29	referenced by wait-v
march	v	3	crossref	pending	2026-09-29	referenced by walk-v
misuse	v	3	family	pending	2026-09-29	referenced by use-v
reuse	v	3	family	pending	2026-09-29	referenced by use-v
spin	v	3	crossref	pending	2026-09-29	referenced by turn-v
stroll	v	3	crossref	pending	2026-09-29	referenced by walk-v
try	n	3	family	pending	2026-09-29	referenced by try-v; referenced by attempt-n; referenced by effort-n
try out	phrv	3	crossref	pending	2026-09-29	referenced by try-v
trying	adj	3	family	pending	2026-09-29	referenced by try-v
turn out	phrv	3	crossref	pending	2026-09-29	referenced by turn-v
turning	n	3	family	pending	2026-09-29	referenced by turn-v
understandable	adj	3	family	pending	2026-09-29	referenced by understand-v
understanding	n	3	family	pending	2026-09-29	referenced by understand-v
upset	n	3	family	pending	2026-09-29	referenced by upset-v
upsetting	adj	3	family	pending	2026-09-29	referenced by upset-v
usage	n	3	family	pending	2026-09-29	referenced by use-v
utilize	v	3	crossref	pending	2026-09-29	referenced by use-v
visitor	n	3	family	done	2026-09-29	referenced by visit-v; referenced by guest-n; referenced by host-n
voter	n	3	family	pending	2026-09-29	referenced by vote-v
voting	n	3	family	pending	2026-09-29	referenced by vote-v
wait	n	3	family	pending	2026-09-29	referenced by wait-v
wait on	phrv	3	crossref	pending	2026-09-29	referenced by wait-v
wait up	phrv	3	crossref	pending	2026-09-29	referenced by wait-v
waiter	n	3	family	pending	2026-09-29	referenced by wait-v; referenced by server-n
waitress	n	3	family	pending	2026-09-29	referenced by wait-v; referenced by server-n
waking	adj	3	family	pending	2026-09-29	referenced by wake-v
walk away	phrv	3	crossref	pending	2026-09-29	referenced by walk-v
walk out	phrv	3	crossref	pending	2026-09-29	referenced by walk-v
walker	n	3	family	pending	2026-09-29	referenced by walk-v
walking	n	3	family	pending	2026-09-29	referenced by walk-v
want	n	3	family	pending	2026-09-29	referenced by want-v
wanted	adj	3	family	pending	2026-09-29	referenced by want-v
warmly	adv	3	family	pending	2026-09-29	referenced by warm-v
alert	v	3	crossref	pending	2026-09-30	referenced by warn-v
caution	v	3	crossref	pending	2026-09-30	referenced by warn-v
labor	v	3	crossref	pending	2026-09-30	referenced by work-v
mutter	v	3	crossref	pending	2026-09-30	referenced by whisper-v
rumor	v	3	crossref	pending	2026-09-30	referenced by whisper-v
succeed	v	3	crossref	pending	2026-09-30	referenced by work-v; referenced by fail-v; referenced by success-n
view	v	3	crossref	pending	2026-09-30	referenced by watch-v
wash off	phrv	3	crossref	pending	2026-09-30	referenced by wash-v
washable	adj	3	family	pending	2026-09-30	referenced by wash-v
washer	n	3	family	pending	2026-09-30	referenced by wash-v
washing	n	3	family	pending	2026-09-30	referenced by wash-v
watch over	phrv	3	crossref	pending	2026-09-30	referenced by watch-v
watcher	n	3	family	pending	2026-09-30	referenced by watch-v
watchful	adj	3	family	pending	2026-09-30	referenced by watch-v
water down	phrv	3	crossref	pending	2026-09-30	referenced by water-v
wear down	phrv	3	crossref	pending	2026-09-30	referenced by wear-v
wear	n	3	family	pending	2026-09-30	referenced by wear-v
wear off	phrv	3	crossref	pending	2026-09-30	referenced by wear-v
wear out	phrv	3	crossref	pending	2026-09-30	referenced by wear-v
wearer	n	3	family	pending	2026-09-30	referenced by wear-v
weigh down	phrv	3	crossref	pending	2026-09-30	referenced by weigh-v
weigh in	phrv	3	crossref	pending	2026-09-30	referenced by weigh-v
weigh up	phrv	3	crossref	pending	2026-09-30	referenced by weigh-v
whisper	n	3	family	pending	2026-09-30	referenced by whisper-v
win back	phrv	3	crossref	pending	2026-09-30	referenced by win-v
win	n	3	family	pending	2026-09-30	referenced by win-v; referenced by loss-n
win over	phrv	3	crossref	pending	2026-09-30	referenced by win-v
winning	adj	3	family	pending	2026-09-30	referenced by win-v
winnings	n	3	family	pending	2026-09-30	referenced by win-v
wipe	n	3	family	pending	2026-09-30	referenced by wipe-v
wipe out	phrv	3	crossref	pending	2026-09-30	referenced by wipe-v
wipe up	phrv	3	crossref	pending	2026-09-30	referenced by wipe-v
wiper	n	3	family	pending	2026-09-30	referenced by wipe-v
wishful	adj	3	family	pending	2026-09-30	referenced by wish-v
wonder	n	3	family	pending	2026-09-30	referenced by wonder-v
work off	phrv	3	crossref	pending	2026-09-30	referenced by work-v
work up	phrv	3	crossref	pending	2026-09-30	referenced by work-v
workable	adj	3	family	pending	2026-09-30	referenced by work-v
working	adj	3	family	pending	2026-09-30	referenced by work-v
avoid	n	3	closure	declined	2026-09-30	used in warn-v senses[0].definition; pos guessed (no morphological signal), check before claiming; no noun use; the word is the verb avoid-v, queued
accessibility	n	3	family	pending	2026-09-30	referenced by access-n
acid	adj	3	family	pending	2026-09-30	referenced by acid-n
acidic	adj	3	family	pending	2026-09-30	referenced by acid-n
acidity	n	3	family	pending	2026-09-30	referenced by acid-n
alkali	n	3	crossref	pending	2026-09-30	referenced by acid-n
alphabetical	adj	3	family	pending	2026-09-30	referenced by alphabet-n; referenced by alphabetize-v; used in dictionary-n senses[0].definition
alphabetically	adv	3	family	pending	2026-09-30	referenced by alphabet-n
alphabetize	v	3	family	done	2026-09-30	referenced by alphabet-n
angel	n	3	crossref	pending	2026-09-30	referenced by angle-n
anger	v	3	family	done	2026-09-30	referenced by anger-n
angle	v	3	family	done	2026-09-30	referenced by angle-n
angular	adj	3	family	pending	2026-09-30	referenced by angle-n
animal	adj	3	family	pending	2026-09-30	referenced by animal-n
approach	n	3	crossref	pending	2026-09-30	referenced by angle-n; referenced by method-n
concerned	adj	3	crossref	pending	2026-09-30	referenced by worry-v
fret	v	3	crossref	pending	2026-09-30	referenced by worry-v
fury	n	3	crossref	pending	2026-09-30	referenced by anger-n
inaccessible	adj	3	family	pending	2026-09-30	referenced by access-n
rage	n	3	crossref	pending	2026-09-30	referenced by anger-n
rewrite	v	3	family	pending	2026-09-30	referenced by write-v
sum	n	3	crossref	pending	2026-09-30	referenced by amount-n; referenced by product-n
trouble	v	3	crossref	pending	2026-09-30	referenced by worry-v
viewpoint	n	3	crossref	pending	2026-09-30	referenced by angle-n
visitation	n	3	crossref	pending	2026-09-30	referenced by access-n
worrier	n	3	family	pending	2026-09-30	referenced by worry-v
worrying	adj	3	family	pending	2026-09-30	referenced by worry-v
wrap	n	3	family	pending	2026-09-30	referenced by wrap-v
wrap up	phrv	3	crossref	pending	2026-09-30	referenced by wrap-v
wrapper	n	3	family	pending	2026-09-30	referenced by wrap-v
wrapping	n	3	family	pending	2026-09-30	referenced by wrap-v
write off	phrv	3	crossref	pending	2026-09-30	referenced by write-v
writing	n	3	family	pending	2026-09-30	referenced by write-v
argumentative	adj	3	family	pending	2026-09-30	referenced by argument-n
armchair	n	3	family	pending	2026-09-30	referenced by arm-n; referenced by chair-n; referenced by sofa-n
armful	n	3	family	pending	2026-09-30	referenced by arm-n
armpit	n	3	family	pending	2026-09-30	referenced by arm-n
arms	n	3	crossref	pending	2026-09-30	referenced by arm-n
artistic	adj	3	family	pending	2026-09-30	referenced by art-n
artistry	n	3	family	pending	2026-09-30	referenced by artist-n
artwork	n	3	family	pending	2026-09-30	referenced by art-n
assault	n	3	crossref	pending	2026-09-30	referenced by attack-n
navy	n	3	crossref	pending	2026-09-30	referenced by army-n; used in officer-n senses[0].definition; pos guessed (no morphological signal), check before claiming
quarrel	n	3	crossref	pending	2026-09-30	referenced by argument-n; referenced by fight-n
region	n	3	crossref	pending	2026-09-30	referenced by area-n
response	n	3	crossref	pending	2026-09-30	referenced by answer-n
drawings	n	3	closure	duplicate	2026-09-30	used in art-n senses[0].definition; also in 1 other entry; pos guessed (no morphological signal), check before claiming; plural of drawing; the entry is drawing-n (queued)
paintings	n	3	closure	duplicate	2026-09-30	used in art-n senses[0].definition; also in 1 other entry; pos guessed (no morphological signal), check before claiming; plural of painting; the entry is painting-n (queued)
aptitude	n	3	crossref	pending	2026-09-30	referenced by attitude-n
attempted	adj	3	family	pending	2026-09-30	referenced by attempt-n
attend	v	3	family	done	2026-09-30	referenced by attention-n
attentive	adj	3	family	pending	2026-09-30	referenced by attention-n; referenced by attend-v
auntie	n	3	family	pending	2026-09-30	referenced by aunt-n
author	v	3	family	done	2026-09-30	referenced by author-n
authoritarian	adj	3	family	pending	2026-09-30	referenced by authority-n
authoritative	adj	3	family	pending	2026-09-30	referenced by authority-n
authorize	v	3	family	done	2026-09-30	referenced by authority-n
authorship	n	3	family	pending	2026-09-30	referenced by author-n; referenced by author-v
autumnal	adj	3	family	pending	2026-09-30	referenced by autumn-n
baby	v	3	family	done	2026-09-30	referenced by baby-n
babyish	adj	3	family	pending	2026-09-30	referenced by baby-n
babysit	v	3	family	done	2026-09-30	referenced by baby-n
babysitter	n	3	family	pending	2026-09-30	referenced by baby-n; referenced by babysit-v
back	adj	3	family	pending	2026-09-30	referenced by back-n
backing	n	3	family	pending	2026-09-30	referenced by back-n
backward	adj	3	family	pending	2026-09-30	referenced by back-n
bacterial	adj	3	family	pending	2026-09-30	referenced by bacteria-n
bag	v	3	family	done	2026-09-30	referenced by bag-n
co author	n	3	family	pending	2026-09-30	referenced by author-n
expert	n	3	crossref	pending	2026-09-30	referenced by authority-n
great aunt	n	3	family	pending	2026-09-30	referenced by aunt-n
sack	n	3	crossref	pending	2026-09-30	referenced by bag-n
viewer	n	3	crossref	pending	2026-09-30	referenced by audience-n
avoid	v	2	closure	done	2026-09-30	used in warn-v and attitude-n drafts; replaces bogus avoid-n
amazed	adj	3	family	pending	2026-09-30	referenced by amaze-v
amazement	n	3	family	pending	2026-09-30	referenced by amaze-v
amazing	adj	3	family	pending	2026-09-30	referenced by amaze-v
amazingly	adv	3	family	pending	2026-09-30	referenced by amaze-v
attendance	n	3	family	pending	2026-09-30	referenced by attend-v
attendant	n	3	family	pending	2026-09-30	referenced by attend-v
authorization	n	3	family	pending	2026-09-30	referenced by authorize-v
authorized	adj	3	family	pending	2026-09-30	referenced by authorize-v
avoidable	adj	3	family	pending	2026-09-30	referenced by avoid-v
avoidance	n	3	family	pending	2026-09-30	referenced by avoid-v
badly behaved	adj	3	family	pending	2026-09-30	referenced by behave-v
misbehave	v	3	family	pending	2026-09-30	referenced by behave-v
spoil	v	3	crossref	pending	2026-09-30	referenced by baby-v; used in damage-n senses[0].definition; referenced by cloud-v
unauthorized	adj	3	family	pending	2026-09-30	referenced by authorize-v
unavoidable	adj	3	family	pending	2026-09-30	referenced by avoid-v
well behaved	adj	3	family	pending	2026-09-30	referenced by behave-v
band	v	3	family	done	2026-09-30	referenced by band-n
base	n	3	family	pending	2026-09-30	referenced by basis-n; referenced by base-v; referenced by bottom-n
base	v	3	family	done	2026-09-30	referenced by basis-n
baseball	n	3	crossref	pending	2026-09-30	referenced by ball-n
basketball	n	3	family	pending	2026-09-30	referenced by basket-n
bathe	v	3	family	done	2026-09-30	referenced by bath-n
bathtub	n	3	family	pending	2026-09-30	referenced by bath-n
battle	v	3	family	done	2026-09-30	referenced by battle-n
battlefield	n	3	family	pending	2026-09-30	referenced by battle-n
beach	v	3	family	done	2026-09-30	referenced by beach-n
bearded	adj	3	family	pending	2026-09-30	referenced by beard-n
football	n	3	crossref	pending	2026-09-30	referenced by ball-n; referenced by foot-n
foundation	n	3	crossref	pending	2026-09-30	referenced by basis-n; referenced by base-v
mustache	n	3	crossref	pending	2026-09-30	referenced by beard-n
pea	n	3	crossref	pending	2026-09-30	referenced by bean-n
restroom	n	3	crossref	pending	2026-09-30	referenced by bathroom-n
stripe	n	3	crossref	pending	2026-09-30	referenced by band-n
struggle	n	3	crossref	pending	2026-09-30	referenced by battle-n; referenced by fight-n; referenced by battle-v
cheeks	n	3	closure	duplicate	2026-09-30	used in beard-n senses[0].definition; pos guessed (no morphological signal), check before claiming; plural of cheek; queued as cheek-n
chin	n	3	closure	done	2026-09-30	used in beard-n senses[0].definition; pos guessed (no morphological signal), check before claiming
weave	v	3	closure	done	2026-09-30	used in basket-n senses[0].definition
die down	phrv	3	crossref	pending	2026-09-30	referenced by die-v
die out	phrv	3	crossref	pending	2026-09-30	referenced by die-v
beautifully	adv	3	family	pending	2026-09-30	referenced by beauty-n
beautify	v	3	family	done	2026-09-30	referenced by beauty-n
bed	v	3	family	done	2026-09-30	referenced by bed-n
bedding	n	3	family	pending	2026-09-30	referenced by bed-n; referenced by bed-v
beehive	n	3	family	pending	2026-09-30	referenced by bee-n
beekeeper	n	3	family	pending	2026-09-30	referenced by bee-n
behavioral	adj	3	family	pending	2026-09-30	referenced by behavior-n
belt	v	3	family	done	2026-09-30	referenced by belt-n
bench	v	3	family	done	2026-09-30	referenced by bench-n
beneficial	adj	3	family	pending	2026-09-30	referenced by benefit-n; referenced by benefit-v
benefit	v	3	family	done	2026-09-30	referenced by benefit-n
blueberry	n	3	crossref	pending	2026-09-30	referenced by berry-n
conduct	n	3	crossref	pending	2026-09-30	referenced by behavior-n
seat belt	n	3	crossref	pending	2026-09-30	referenced by belt-n
strawberry	n	3	crossref	pending	2026-09-30	referenced by berry-n
ugliness	n	3	crossref	pending	2026-09-30	referenced by beauty-n
unbelievable	adj	3	family	pending	2026-09-30	referenced by belief-n
wasp	n	3	crossref	pending	2026-09-30	referenced by bee-n
workbench	n	3	crossref	pending	2026-09-30	referenced by bench-n
alcohol	n	3	closure	done	2026-09-30	used in beer-n senses[0].definition; pos guessed (no morphological signal), check before claiming
sting	v	3	closure	done	2026-09-30	used in bee-n senses[0].definition
waist	n	3	closure	done	2026-09-30	used in belt-n senses[0].definition; pos guessed (no morphological signal), check before claiming
drive away	phrv	3	crossref	pending	2026-09-30	referenced by drive-v
drive off	phrv	3	crossref	pending	2026-09-30	referenced by drive-v
barrier	n	3	crossref	pending	2026-10-01	referenced by block-n
bicycle	v	3	family	done	2026-10-01	referenced by bicycle-n
bicyclist	n	3	family	pending	2026-10-01	referenced by bicycle-n; referenced by bicycle-v
bike	v	3	family	done	2026-10-01	referenced by bike-n
biker	n	3	family	pending	2026-10-01	referenced by bike-n; referenced by bike-v
bill	v	3	family	done	2026-10-01	referenced by bill-n
billing	n	3	family	pending	2026-10-01	referenced by bill-n; referenced by bill-v
birdie	n	3	family	pending	2026-10-01	referenced by bird-n
birthplace	n	3	family	pending	2026-10-01	referenced by birth-n
blame	v	3	crossref	pending	2026-10-01	referenced by blame-n
blameless	adj	3	family	pending	2026-10-01	referenced by blame-n
blanket	adj	3	family	pending	2026-10-01	referenced by blanket-n; referenced by blanket-v
blanket	v	3	family	done	2026-10-01	referenced by blanket-n
block	v	3	family	done	2026-10-01	referenced by block-n
blockage	n	3	family	pending	2026-10-01	referenced by block-n; referenced by block-v
bloody	adj	3	family	pending	2026-10-01	referenced by blood-n
brick	n	3	crossref	done	2026-10-01	referenced by block-n
cycle	n	3	crossref	pending	2026-10-01	referenced by bicycle-n
helmet	n	3	crossref	pending	2026-10-01	referenced by bike-n
obstacle	n	3	crossref	pending	2026-10-01	referenced by block-n
pedal	n	3	crossref	done	2026-10-01	referenced by bicycle-n
quilt	n	3	crossref	pending	2026-10-01	referenced by blanket-n
oar	n	3	closure	done	2026-10-01	used in blade-n senses[1].definition; pos guessed (no morphological signal), check before claiming
pedals	n	3	closure	duplicate	2026-10-01	used in bicycle-n senses[0].definition; pos guessed (no morphological signal), check before claiming; plural of pedal; pedal-n row exists
propeller	n	3	closure	done	2026-10-01	used in blade-n senses[1].definition; pos guessed (no morphological signal), check before claiming
skate	n	3	closure	done	2026-10-01	used in blade-n senses[1].subsenses[0].definition; pos guessed (no morphological signal), check before claiming
skater	n	3	closure	done	2026-10-01	used in blade-n senses[1].subsenses[0].definition; pos guessed (no morphological signal), check before claiming
cheek	n	3	closure	done	2026-10-01	used in beard-n senses[0].definition (as cheeks)
alcoholic	adj	3	family	pending	2026-10-01	referenced by alcohol-n
alcoholic	n	3	family	pending	2026-10-01	referenced by alcohol-n
alcoholism	n	3	family	pending	2026-10-01	referenced by alcohol-n
babysitting	n	3	family	pending	2026-10-01	referenced by babysit-v
band together	phrv	3	crossref	pending	2026-10-01	referenced by band-v
bather	n	3	family	pending	2026-10-01	referenced by bathe-v
bathing	n	3	family	pending	2026-10-01	referenced by bathe-v
cheeky	adj	3	crossref	pending	2026-10-01	referenced by cheek-n
group	v	3	crossref	pending	2026-10-01	referenced by band-v; referenced by group-n
hip	n	3	crossref	pending	2026-10-01	referenced by waist-n
jaw	n	3	crossref	pending	2026-10-01	referenced by chin-n
nanny	n	3	crossref	pending	2026-10-01	referenced by babysit-v; referenced by nurse-n
pedal	v	3	family	pending	2026-10-01	referenced by pedal-n
shower	v	3	crossref	pending	2026-10-01	referenced by bathe-v; referenced by shower-n
sting	n	3	family	pending	2026-10-01	referenced by sting-v
stinging	adj	3	family	pending	2026-10-01	referenced by sting-v
thread	n	3	crossref	done	2026-10-01	referenced by weave-v; referenced by fiber-n; used in cotton-n senses[0].definition; pos guessed (no morphological signal), check before claiming
waistband	n	3	family	pending	2026-10-01	referenced by waist-n
waistline	n	3	family	pending	2026-10-01	referenced by waist-n
weaver	n	3	family	pending	2026-10-01	referenced by weave-v
weaving	n	3	family	pending	2026-10-01	referenced by weave-v
backside	n	3	crossref	pending	2026-10-01	referenced by bottom-n
boating	n	3	family	pending	2026-10-01	referenced by boat-n
boatyard	n	3	family	pending	2026-10-01	referenced by boat-n
bodily	adj	3	family	pending	2026-10-01	referenced by body-n
bodyguard	n	3	family	pending	2026-10-01	referenced by body-n; referenced by guard-n
bomb	v	3	family	done	2026-10-01	referenced by bomb-n
bomber	n	3	family	pending	2026-10-01	referenced by bomb-n; referenced by bomb-v
bombing	n	3	family	pending	2026-10-01	referenced by bomb-n; referenced by bomb-v
bone	v	3	family	done	2026-10-01	referenced by bone-n
bony	adj	3	family	pending	2026-10-01	referenced by bone-n
book	v	3	family	done	2026-10-01	referenced by book-n
booklet	n	3	family	pending	2026-10-01	referenced by book-n
bookshop	n	3	family	pending	2026-10-01	referenced by book-n
bookstore	n	3	family	pending	2026-10-01	referenced by book-n; referenced by library-n
boot	v	3	family	done	2026-10-01	referenced by boot-n
boss	v	3	family	done	2026-10-01	referenced by boss-n
bossy	adj	3	family	pending	2026-10-01	referenced by boss-n; referenced by boss-v
bottle	v	3	family	done	2026-10-01	referenced by bottle-n
bottled	adj	3	family	pending	2026-10-01	referenced by bottle-n; referenced by bottle-v
bottom	adj	3	family	pending	2026-10-01	referenced by bottom-n
bottomless	adj	3	family	pending	2026-10-01	referenced by bottom-n
box	v	3	family	done	2026-10-01	referenced by box-n
boxful	n	3	family	pending	2026-10-01	referenced by box-n
boyfriend	n	3	family	pending	2026-10-01	referenced by boy-n; referenced by friend-n
boyhood	n	3	family	pending	2026-10-01	referenced by boy-n
boyish	adj	3	family	pending	2026-10-01	referenced by boy-n
can	n	3	crossref	pending	2026-10-01	referenced by bottle-n
corpse	n	3	crossref	pending	2026-10-01	referenced by body-n
embody	v	3	family	pending	2026-10-01	referenced by body-n
explode	v	3	crossref	done	2026-10-01	referenced by bomb-n
explosion	n	3	crossref	pending	2026-10-01	referenced by bomb-n; referenced by explode-v
flop	n	3	crossref	pending	2026-10-01	referenced by bomb-n; referenced by hit-n
jar	n	3	crossref	pending	2026-10-01	referenced by bottle-n; used in container-n senses[0].definition; pos guessed (no morphological signal), check before claiming; referenced by container-n; referenced by pot-n
magazine	n	3	crossref	pending	2026-10-01	referenced by book-n; used in page-n senses[0].definition; pos guessed (no morphological signal), check before claiming
row	v	3	crossref	pending	2026-10-01	referenced by boat-n; referenced by oar-n
skeleton	n	3	crossref	pending	2026-10-01	referenced by bone-n
ankle	n	3	closure	done	2026-10-01	used in boot-n senses[0].definition; pos guessed (no morphological signal), check before claiming
explode	n	3	closure	duplicate	2026-10-01	used in bomb-n senses[0].definition; pos guessed (no morphological signal), check before claiming; pos guessed; the verb explode-v drafted 2026-10-02
frame	n	3	closure	done	2026-10-01	used in bone-n senses[0].definition; pos guessed (no morphological signal), check before claiming
oars	n	3	closure	duplicate	2026-10-01	used in boat-n senses[0].definition; pos guessed (no morphological signal), check before claiming; plural of oar; oar-n drafted 2026-10-02
enter into	phrv	2	crossref	pending	2026-10-01	referenced by enter-v
drop by	phrv	2	crossref	pending	2026-10-01	referenced by drop-v
drop in	phrv	2	crossref	pending	2026-10-01	referenced by drop-v
brainless	adj	3	family	pending	2026-10-01	referenced by brain-n
brainstorm	v	3	family	done	2026-10-01	referenced by brain-n
brainy	adj	3	family	pending	2026-10-01	referenced by brain-n
branch out	phrv	3	crossref	pending	2026-10-01	referenced by branch-n; referenced by branch-v
branch	v	3	family	done	2026-10-01	referenced by branch-n
breadcrumb	n	3	family	pending	2026-10-01	referenced by bread-n
breadwinner	n	3	family	pending	2026-10-01	referenced by bread-n
breakage	n	3	family	pending	2026-10-01	referenced by break-n
breakdown	n	3	family	pending	2026-10-01	referenced by break-n; referenced by failure-n
breakthrough	n	3	family	pending	2026-10-01	referenced by break-n
breathless	adj	3	family	pending	2026-10-01	referenced by breath-n
breathtaking	adj	3	family	pending	2026-10-01	referenced by breath-n
bridge	v	3	family	done	2026-10-01	referenced by bridge-n
brother in law	n	3	family	duplicate	2026-10-01	referenced by brother-n; same as brother-in-law (hyphens lost in slug-to-headword)
brotherhood	n	3	family	pending	2026-10-01	referenced by brother-n
brotherly	adj	3	family	pending	2026-10-01	referenced by brother-n
brunch	n	3	crossref	pending	2026-10-01	referenced by breakfast-n
bucketful	n	3	family	pending	2026-10-01	referenced by bucket-n
bug	v	3	family	done	2026-10-01	referenced by bug-n
buggy	adj	3	family	pending	2026-10-01	referenced by bug-n
construction	n	3	crossref	pending	2026-10-01	referenced by building-n
half brother	n	3	family	pending	2026-10-01	referenced by brother-n
loaf	n	3	crossref	pending	2026-10-01	referenced by bread-n
pail	n	3	crossref	pending	2026-10-01	referenced by bucket-n
rebuild	v	3	family	pending	2026-10-01	referenced by building-n
sibling	n	3	crossref	pending	2026-10-01	referenced by brother-n; referenced by sister-n
stepbrother	n	3	family	pending	2026-10-01	referenced by brother-n
toast	n	3	crossref	pending	2026-10-01	referenced by bread-n
twig	n	3	crossref	pending	2026-10-01	referenced by branch-n
vacation	n	3	crossref	pending	2026-10-01	referenced by break-n; referenced by holiday-n
feel up to	phrv	2	crossref	pending	2026-10-01	referenced by feel-v
badge	n	3	crossref	pending	2026-10-01	referenced by button-n; referenced by pin-n
bus	v	3	family	done	2026-10-01	referenced by bus-n
bushy	adj	3	family	pending	2026-10-01	referenced by bush-n
businesslike	adj	3	family	pending	2026-10-01	referenced by business-n
businessman	n	3	family	pending	2026-10-01	referenced by business-n
businesswoman	n	3	family	pending	2026-10-01	referenced by business-n
butter	v	3	family	done	2026-10-01	referenced by butter-n
buttery	adj	3	family	pending	2026-10-01	referenced by butter-n
buttonhole	n	3	family	pending	2026-10-01	referenced by button-n; referenced by hole-n
cable car	n	3	crossref	pending	2026-10-01	referenced by cable-n
cable	v	3	family	deferred	2026-10-01	referenced by cable-n; too thin for a full entry (released 2026-10-07 04:44, reclaimed 16:44); revisit after band 1-2 verbs
cameraman	n	3	family	pending	2026-10-01	referenced by camera-n
cancerous	adj	3	family	pending	2026-10-01	referenced by cancer-n
diary	n	3	crossref	pending	2026-10-01	referenced by calendar-n
margarine	n	3	crossref	pending	2026-10-01	referenced by butter-n
shrub	n	3	crossref	pending	2026-10-01	referenced by bush-n
sunburn	n	3	crossref	pending	2026-10-01	referenced by burn-n
telegram	n	3	crossref	pending	2026-10-01	referenced by cable-n
unbutton	v	3	family	pending	2026-10-01	referenced by button-n
cream	n	3	closure	done	2026-10-01	used in butter-n senses[0].definition; pos guessed (no morphological signal), check before claiming
shelves	n	3	closure	duplicate	2026-10-01	used in cabinet-n senses[0].definition; pos guessed (no morphological signal), check before claiming; plural of shelf; shelf-n drafted 2026-10-02
signals	n	3	closure	duplicate	2026-10-01	used in cable-n senses[0].definition; pos guessed (no morphological signal), check before claiming; plural of signal-n, drafted 2026-10-02
animation	n	3	crossref	pending	2026-10-01	referenced by cartoon-n
automobile	n	3	crossref	pending	2026-10-01	referenced by car-n
capital	adj	3	crossref	pending	2026-10-01	referenced by capital-n
capitalism	n	3	family	pending	2026-10-01	referenced by capital-n
capitalist	n	3	family	pending	2026-10-01	referenced by capital-n
capitalize	v	3	family	done	2026-10-01	referenced by capital-n
capitol	n	3	crossref	pending	2026-10-01	referenced by capital-n
cardboard	n	3	crossref	pending	2026-10-01	referenced by card-n
carpet	v	3	family	done	2026-10-01	referenced by carpet-n
carpool	n	3	family	pending	2026-10-01	referenced by car-n
cartoonist	n	3	family	pending	2026-10-01	referenced by cartoon-n
cash	v	3	family	done	2026-10-01	referenced by cash-n
cashier	n	3	family	pending	2026-10-01	referenced by cash-n; referenced by cash-v
chocolate	n	3	crossref	pending	2026-10-01	referenced by candy-n; used in candy-n senses[0].definition; pos guessed (no morphological signal), check before claiming
instance	n	3	crossref	pending	2026-10-01	referenced by case-n; referenced by example-n
kitten	n	3	crossref	pending	2026-10-01	referenced by cat-n
lowercase	n	3	crossref	pending	2026-10-01	referenced by capital-n
postcard	n	3	family	pending	2026-10-01	referenced by card-n; referenced by post-n
sweet	n	3	crossref	pending	2026-10-01	referenced by candy-n
cave in	phrv	3	crossref	pending	2026-10-01	referenced by cave-n
cellular	adj	3	family	pending	2026-10-01	referenced by cell-n
center	v	3	family	done	2026-10-01	referenced by center-n
chain	v	3	family	done	2026-10-01	referenced by chain-n
chair	v	3	family	done	2026-10-01	referenced by chair-n
chance	v	3	family	done	2026-10-01	referenced by chance-n
characteristic	adj	3	family	pending	2026-10-01	referenced by character-n; referenced by characterize-v
characteristic	n	3	family	pending	2026-10-01	referenced by character-n; referenced by quality-n; referenced by characterize-v
characterize	v	3	family	done	2026-10-01	referenced by character-n
downtown	n	3	crossref	pending	2026-10-01	referenced by center-n
luck	n	3	crossref	pending	2026-10-01	referenced by chance-n
mobile	n	3	crossref	pending	2026-10-01	referenced by cell-n
stool	n	3	crossref	pending	2026-10-01	referenced by chair-n
freeze over	phrv	3	crossref	pending	2026-10-01	referenced by freeze-v
breast	n	3	crossref	pending	2026-10-01	referenced by chest-n
chicken out	phrv	3	crossref	pending	2026-10-01	referenced by chicken-n
circle	v	3	family	done	2026-10-01	referenced by circle-n
circular	adj	3	family	pending	2026-10-01	referenced by circle-n; referenced by circle-v
citizenship	n	3	family	pending	2026-10-01	referenced by citizen-n
classroom	n	3	family	pending	2026-10-01	referenced by class-n
classy	adj	3	family	pending	2026-10-01	referenced by class-n
coward	n	3	crossref	pending	2026-10-01	referenced by chicken-n
hen	n	3	crossref	pending	2026-10-01	referenced by chicken-n
option	n	3	crossref	pending	2026-10-01	referenced by choice-n; referenced by possibility-n
resident	n	3	crossref	pending	2026-10-01	referenced by citizen-n
selection	n	3	crossref	pending	2026-10-01	referenced by choice-n
bricks	n	3	closure	duplicate	2026-10-01	used in clay-n senses[0].definition; pos guessed (no morphological signal), check before claiming; plural of brick; brick-n drafted 2026-10-02
christians	n	3	closure	duplicate	2026-10-01	used in church-n senses[0].definition; pos guessed (no morphological signal), check before claiming; plural of Christian; christian-n drafted 2026-10-02
cafe	n	3	crossref	pending	2026-10-02	referenced by coffee-n; referenced by restaurant-n
climatic	adj	3	family	pending	2026-10-02	referenced by climate-n
clockwise	adv	3	family	pending	2026-10-02	referenced by clock-n
closet	adj	3	crossref	pending	2026-10-02	referenced by closet-n
clothe	v	3	family	done	2026-10-02	referenced by clothes-n
clothing	n	3	family	pending	2026-10-02	referenced by clothes-n; referenced by clothe-v
cloud	v	3	family	done	2026-10-02	referenced by cloud-n
cloudless	adj	3	family	pending	2026-10-02	referenced by cloud-n
cloudy	adj	3	family	pending	2026-10-02	referenced by cloud-n; referenced by gray-adj; referenced by cloud-v
club	v	3	family	done	2026-10-02	referenced by club-n
clubbing	n	3	family	pending	2026-10-02	referenced by club-n; referenced by club-v
clubhouse	n	3	family	pending	2026-10-02	referenced by club-n
coastline	n	3	family	pending	2026-10-02	referenced by coast-n
coat	v	3	family	done	2026-10-02	referenced by coat-n
coating	n	3	family	pending	2026-10-02	referenced by coat-n; referenced by coat-v
code	v	3	family	done	2026-10-02	referenced by code-n
coder	n	3	family	pending	2026-10-02	referenced by code-n; referenced by code-v
coding	n	3	family	pending	2026-10-02	referenced by code-n; referenced by code-v
coin	v	3	family	done	2026-10-02	referenced by coin-n
decode	v	3	family	pending	2026-10-02	referenced by code-n; referenced by code-v
nightclub	n	3	crossref	pending	2026-10-02	referenced by club-n
overcoat	n	3	family	pending	2026-10-02	referenced by coat-n
raincoat	n	3	family	pending	2026-10-02	referenced by coat-n; referenced by rain-n
fibers	n	3	closure	duplicate	2026-10-02	used in cloth-n senses[0].definition; pos guessed (no morphological signal), check before claiming; plural of fiber; fiber-n drafted 2026-10-02
gray	n	3	closure	done	2026-10-02	used in cloud-n senses[0].definition; pos guessed (no morphological signal), check before claiming; the noun (the color) is a real word; cloud-n uses the adjective, gray-adj drafted 2026-10-02; referenced by gray-adj
sleeves	n	3	closure	duplicate	2026-10-02	used in coat-n senses[0].definition; pos guessed (no morphological signal), check before claiming; plural of sleeve-n
slightly	n	3	closure	duplicate	2026-10-02	used in coffee-n senses[0].definition; pos guessed (no morphological signal), check before claiming; the word is the adverb slightly-adv
threads	n	3	closure	duplicate	2026-10-02	used in cloth-n senses[0].definition; pos guessed (no morphological signal), check before claiming; used in fabric-n senses[0].definition; pos guessed (no morphological signal), check before claiming; used in cloth-n senses[0].definition; also in 1 other entry; pos guessed (no morphological signal), check before claiming; plural of thread-n (drafted 2026-10-03)
coldness	n	3	family	pending	2026-10-02	referenced by cold-n
comforting	adj	3	family	pending	2026-10-02	referenced by comfort-n
computerize	v	3	family	done	2026-10-02	referenced by computer-n
computing	n	3	family	pending	2026-10-02	referenced by computer-n
condition	v	3	family	done	2026-10-02	referenced by condition-n
conditional	adj	3	family	pending	2026-10-02	referenced by condition-n
coworker	n	3	crossref	pending	2026-10-02	referenced by colleague-n
discomfort	n	3	family	pending	2026-10-02	referenced by comfort-n
singers	n	3	closure	duplicate	2026-10-02	used in concert-n senses[0].definition; pos guessed (no morphological signal), check before claiming; plural of singer-n
Christian	n	3	closure	done	2026-10-02	used in church-n senses[0].definition as christians; drafted 2026-10-02 but withdrawn: any accurate definition needs Jesus Christ, and lint_vocab --gate fails on proper names (wiki/notes/lint-vocab-proper-names.md); skipped 2026-10-02 again: needs proper names in definitions (open question 7); skipped 2026-10-04: proper names in definitions unresolved (open question 7)
cream	adj	3	crossref	pending	2026-10-02	color use, referenced by cream-n usage note
christ	n	3	closure	deferred	2026-10-02	used in christian-n senses[0].definition; pos guessed (no morphological signal), check before claiming; proper name used in christian-n; not drafted as a headword for now
jesus	n	3	closure	deferred	2026-10-02	used in christian-n senses[0].definition; pos guessed (no morphological signal), check before claiming; proper name used in christian-n; not drafted as a headword for now
bricklayer	n	3	family	pending	2026-10-02	referenced by brick-n
build	n	3	crossref	pending	2026-10-02	referenced by frame-n
christian	adj	3	family	pending	2026-10-02	referenced by christian-n
christianity	n	3	family	done	2026-10-02	referenced by christian-n; used in god-n senses[0].definition; pos guessed (no morphological signal), check before claiming; owner's ruling 2026-10-05: proper names allowed in definitions; capital lost (queue-hyphen-loss); the row Christianity|n replaces it 2026-10-05; the headword is Christianity, with a capital; this row is the one to use
cream	v	3	family	pending	2026-10-02	referenced by cream-n
explosive	adj	3	family	pending	2026-10-02	referenced by explode-v
explosive	n	3	family	pending	2026-10-02	referenced by explode-v
fibrous	adj	3	family	pending	2026-10-02	referenced by fiber-n
frame	v	3	family	pending	2026-10-02	referenced by frame-n
gray	v	3	family	pending	2026-10-02	referenced by gray-adj; referenced by gray-n
grayish	adj	3	family	pending	2026-10-02	referenced by gray-adj; referenced by gray-n
paddle	n	3	crossref	pending	2026-10-02	referenced by oar-n
propel	v	3	family	pending	2026-10-02	referenced by propeller-n
shelve	v	3	family	pending	2026-10-02	referenced by shelf-n
soar	v	3	crossref	pending	2026-10-02	referenced by explode-v
documents	n	3	closure	duplicate	2026-10-02	used in control-n senses[5].definition; pos guessed (no morphological signal), check before claiming; plural; control-n reworded 2026-10-02 so it no longer uses it
enforce	n	3	closure	duplicate	2026-10-02	used in contract-n senses[0].definition; pos guessed (no morphological signal), check before claiming; pos guessed wrong; queued as enforce v
bond	n	3	crossref	pending	2026-10-02	referenced by connection-n; referenced by link-n
chaos	n	3	crossref	pending	2026-10-02	referenced by confusion-n; referenced by order-n
chat	n	3	crossref	pending	2026-10-02	referenced by conversation-n
confide	v	3	family	done	2026-10-02	referenced by confidence-n
confidential	adj	3	family	pending	2026-10-02	referenced by confidence-n; referenced by confide-v
confidently	adv	3	family	pending	2026-10-02	referenced by confidence-n
conflict	v	3	family	done	2026-10-02	referenced by conflict-n
conflicting	adj	3	family	pending	2026-10-02	referenced by conflict-n; referenced by conflict-v
contest	v	3	family	done	2026-10-02	referenced by contest-n
contestant	n	3	family	pending	2026-10-02	referenced by contest-n; referenced by contest-v
contract	v	3	family	done	2026-10-02	referenced by contract-n
contractor	n	3	family	pending	2026-10-02	referenced by contract-n; referenced by contract-v
contractual	adj	3	family	pending	2026-10-02	referenced by contract-n
conversational	adj	3	family	pending	2026-10-02	referenced by conversation-n
corner	v	3	family	done	2026-10-02	referenced by corner-n
cornflakes	n	3	family	pending	2026-10-02	referenced by corn-n
original	n	3	crossref	pending	2026-10-02	referenced by copy-n
photocopy	n	3	crossref	pending	2026-10-02	referenced by copy-n
popcorn	n	3	family	pending	2026-10-02	referenced by corn-n
self confidence	n	3	crossref	pending	2026-10-02	referenced by confidence-n
self control	n	3	crossref	pending	2026-10-02	referenced by control-n
enforce	v	3	closure	done	2026-10-02	used in contract-n senses[0].definition
frontier	n	3	crossref	pending	2026-10-02	referenced by border-n
ink	n	3	crossref	pending	2026-10-02	referenced by pen-n
pen pal	n	3	family	pending	2026-10-02	referenced by pen-n
pencil in	phrv	3	crossref	pending	2026-10-02	referenced by pencil-n
stepladder	n	3	crossref	pending	2026-10-02	referenced by ladder-n
bravery	n	3	crossref	pending	2026-10-02	referenced by courage-n
coarse	adj	3	crossref	pending	2026-10-02	referenced by course-n
councilor	n	3	family	pending	2026-10-02	referenced by council-n
counsel	n	3	crossref	pending	2026-10-02	referenced by council-n
countryside	n	3	crossref	pending	2026-10-02	referenced by country-n
couple	v	3	family	pending	2026-10-02	referenced by couple-n
courageous	adj	3	family	pending	2026-10-02	referenced by courage-n
court	v	3	family	pending	2026-10-02	referenced by court-n
courtroom	n	3	family	pending	2026-10-02	referenced by court-n
crack	v	3	family	done	2026-10-02	referenced by crack-n
cracked	adj	3	family	pending	2026-10-02	referenced by crack-n; referenced by crack-v
gap	n	3	crossref	pending	2026-10-02	referenced by crack-n; referenced by hole-n
affairs	n	3	closure	duplicate	2026-10-02	used in council-n senses[0].definition; pos guessed (no morphological signal), check before claiming; plural; lemma affair queued
lectures	n	3	closure	duplicate	2026-10-02	used in course-n senses[0].definition; pos guessed (no morphological signal), check before claiming; plural; lemma lecture queued
affair	n	3	closure	done	2026-10-02	used in council-n senses[0].definition
accustomed	adj	3	family	pending	2026-10-02	referenced by custom-n
blind	n	3	crossref	pending	2026-10-02	referenced by curtain-n
consumer	n	3	crossref	pending	2026-10-02	referenced by customer-n
credit	v	3	family	done	2026-10-02	referenced by credit-n
creditor	n	3	family	pending	2026-10-02	referenced by credit-n; referenced by credit-v
crop	v	3	family	pending	2026-10-02	referenced by crop-n
crowd	v	3	family	done	2026-10-02	referenced by crowd-n
cry	v	1	family	done	2026-10-02	referenced by cry-n; band 1 set by hand 2026-10-02: core verb missing from the defining rows
debit	n	3	crossref	pending	2026-10-02	referenced by credit-n
harvest	n	3	crossref	pending	2026-10-02	referenced by crop-n
offense	n	3	crossref	pending	2026-10-02	referenced by crime-n
scream	n	3	crossref	pending	2026-10-02	referenced by cry-n
sin	n	3	crossref	pending	2026-10-02	referenced by crime-n
tradition	n	3	crossref	pending	2026-10-02	referenced by custom-n; referenced by habit-n
farmers	n	3	closure	duplicate	2026-10-02	used in crop-n senses[0].definition; pos guessed (no morphological signal), check before claiming; plural; lemma farmer queued
laugh	v	1	defining	done	2026-10-02	verb row added by hand in the 2026-10-02 lint: lemma in the defining list, only the noun was queued
smile	v	1	defining	done	2026-10-02	verb row added by hand in the 2026-10-02 lint: lemma in the defining list, only the noun was queued
shake	v	1	defining	done	2026-10-02	verb row added by hand in the 2026-10-02 lint: lemma in the defining list, only the noun was queued
knock	v	1	defining	done	2026-10-02	verb row added by hand in the 2026-10-02 lint: lemma in the defining list, only the noun was queued
smoke	v	1	defining	done	2026-10-02	verb row added by hand in the 2026-10-02 lint: lemma in the defining list, only the noun was queued
plant	v	1	defining	done	2026-10-02	verb row added by hand in the 2026-10-02 lint: lemma in the defining list, only the noun was queued
promise	v	1	defining	done	2026-10-02	verb row added by hand in the 2026-10-02 lint: lemma in the defining list, only the noun was queued
report	v	1	defining	done	2026-10-02	verb row added by hand in the 2026-10-02 lint: lemma in the defining list, only the noun was queued
sign	v	1	defining	done	2026-10-02	verb row added by hand in the 2026-10-02 lint: lemma in the defining list, only the noun was queued
wave	v	1	defining	done	2026-10-02	verb row added by hand in the 2026-10-02 lint: lemma in the defining list, only the noun was queued
escape	v	1	defining	done	2026-10-02	verb row added by hand in the 2026-10-02 lint: lemma in the defining list, only the noun was queued
switch	v	1	defining	done	2026-10-02	verb row added by hand in the 2026-10-02 lint: lemma in the defining list, only the noun was queued
frown	v	2	defining	pending	2026-10-02	verb row added by hand in the 2026-10-02 lint: lemma in the defining list, only the noun was queued; referenced by smile-v
scratch	v	2	defining	pending	2026-10-02	verb row added by hand in the 2026-10-02 lint: lemma in the defining list, only the noun was queued
flood	v	2	defining	pending	2026-10-02	verb row added by hand in the 2026-10-02 lint: lemma in the defining list, only the noun was queued; referenced by flood-n
glue	v	2	defining	pending	2026-10-02	verb row added by hand in the 2026-10-02 lint: lemma in the defining list, only the noun was queued; referenced by glue-n
risk	v	2	defining	pending	2026-10-02	verb row added by hand in the 2026-10-02 lint: lemma in the defining list, only the noun was queued; referenced by risk-n; referenced by chance-v
sweat	v	2	defining	pending	2026-10-02	verb row added by hand in the 2026-10-02 lint: lemma in the defining list, only the noun was queued; referenced by sweat-n
trap	v	2	defining	pending	2026-10-02	verb row added by hand in the 2026-10-02 lint: lemma in the defining list, only the noun was queued; referenced by corner-v
trick	v	2	defining	pending	2026-10-02	verb row added by hand in the 2026-10-02 lint: lemma in the defining list, only the noun was queued; referenced by cheat-v
display	v	2	defining	pending	2026-10-02	verb row added by hand in the 2026-10-02 lint: lemma in the defining list, only the noun was queued; referenced by display-n
demand	v	2	defining	pending	2026-10-02	verb row added by hand in the 2026-10-02 lint: lemma in the defining list, only the noun was queued; referenced by demand-n
deal	v	2	defining	pending	2026-10-02	verb row added by hand in the 2026-10-02 lint: lemma in the defining list, only the noun was queued; referenced by deal-n
debate	v	2	defining	pending	2026-10-02	verb row added by hand in the 2026-10-02 lint: lemma in the defining list, only the noun was queued; referenced by debate-n
file	v	2	defining	pending	2026-10-02	verb row added by hand in the 2026-10-02 lint: lemma in the defining list, only the noun was queued; referenced by file-n
plug	v	2	defining	pending	2026-10-02	verb row added by hand in the 2026-10-02 lint: lemma in the defining list, only the noun was queued; referenced by plug-n
pause	v	2	defining	pending	2026-10-02	verb row added by hand in the 2026-10-02 lint: lemma in the defining list, only the noun was queued; referenced by pause-n
schedule	v	2	defining	pending	2026-10-02	verb row added by hand in the 2026-10-02 lint: lemma in the defining list, only the noun was queued; referenced by schedule-n
stress	v	2	defining	pending	2026-10-02	verb row added by hand in the 2026-10-02 lint: lemma in the defining list, only the noun was queued; referenced by stress-n
tip	v	2	defining	pending	2026-10-02	verb row added by hand in the 2026-10-02 lint: lemma in the defining list, only the noun was queued
tour	v	2	defining	pending	2026-10-02	verb row added by hand in the 2026-10-02 lint: lemma in the defining list, only the noun was queued
track	v	2	defining	pending	2026-10-02	verb row added by hand in the 2026-10-02 lint: lemma in the defining list, only the noun was queued
upload	v	2	defining	pending	2026-10-02	verb row added by hand in the 2026-10-02 lint: lemma in the defining list, only the noun was queued
download	v	2	defining	pending	2026-10-02	verb row added by hand in the 2026-10-02 lint: lemma in the defining list, only the noun was queued; referenced by download-n
value	v	2	defining	pending	2026-10-02	verb row added by hand in the 2026-10-02 lint: lemma in the defining list, only the noun was queued
dust	v	2	defining	pending	2026-10-02	verb row added by hand in the 2026-10-02 lint: lemma in the defining list, only the noun was queued; referenced by dust-n
joke	v	2	defining	pending	2026-10-02	verb row added by hand in the 2026-10-02 lint: lemma in the defining list, only the noun was queued; referenced by joke-n
load	v	2	defining	pending	2026-10-02	verb row added by hand in the 2026-10-02 lint: lemma in the defining list, only the noun was queued; referenced by load-n
fish	v	2	defining	pending	2026-10-02	verb row added by hand in the 2026-10-02 lint: lemma in the defining list, only the noun was queued; referenced by fish-n
drill	v	2	defining	pending	2026-10-02	verb row added by hand in the 2026-10-02 lint: lemma in the defining list, only the noun was queued
stroke	v	2	defining	pending	2026-10-02	verb row added by hand in the 2026-10-02 lint: lemma in the defining list, only the noun was queued; referenced by stroke-n
experiment	v	2	defining	pending	2026-10-02	verb row added by hand in the 2026-10-02 lint: lemma in the defining list, only the noun was queued; referenced by experiment-n
protest	v	2	defining	pending	2026-10-02	verb row added by hand in the 2026-10-02 lint: lemma in the defining list, only the noun was queued; referenced by protest-n
announce	v	3	crossref	pending	2026-10-02	referenced by report-v
autograph	n	3	crossref	pending	2026-10-02	referenced by sign-v
beam	v	3	crossref	pending	2026-10-02	referenced by smile-v
bump	v	3	crossref	pending	2026-10-02	referenced by knock-v
chuckle	v	3	crossref	pending	2026-10-02	referenced by laugh-v
cigarette	n	3	crossref	pending	2026-10-02	referenced by smoke-v; used in smoke-v senses[0].definition; pos guessed (no morphological signal), check before claiming; referenced by smoke-n
cry out	phrv	3	crossref	pending	2026-10-02	referenced by cry-v
crying	adj	3	family	pending	2026-10-02	referenced by cry-v
disturb	v	3	crossref	pending	2026-10-02	referenced by shake-v
escaped	adj	3	family	pending	2026-10-02	referenced by escape-v
escapee	n	3	family	pending	2026-10-02	referenced by escape-v
escapism	n	3	family	pending	2026-10-02	referenced by escape-v; referenced by escape-n
escapist	adj	3	family	pending	2026-10-02	referenced by escape-v
exclaim	v	3	crossref	pending	2026-10-02	referenced by cry-v
gesture	v	3	crossref	pending	2026-10-02	referenced by sign-v
giggle	v	3	crossref	pending	2026-10-02	referenced by laugh-v
grin	v	3	crossref	pending	2026-10-02	referenced by smile-v
guarantee	v	3	crossref	pending	2026-10-02	referenced by promise-v
knock down	phrv	3	crossref	pending	2026-10-02	referenced by knock-v
knock out	phrv	3	crossref	pending	2026-10-02	referenced by knock-v
knocker	n	3	family	pending	2026-10-02	referenced by knock-v
knockout	n	3	family	pending	2026-10-02	referenced by knock-v
laugh off	phrv	3	crossref	pending	2026-10-02	referenced by laugh-v
laughable	adj	3	family	pending	2026-10-02	referenced by laugh-v
laughing	adj	3	family	pending	2026-10-02	referenced by laugh-v
laughter	n	3	family	pending	2026-10-02	referenced by laugh-v; referenced by laugh-n
mock	v	3	crossref	pending	2026-10-02	referenced by laugh-v
nod	v	3	crossref	pending	2026-10-02	referenced by shake-v; referenced by wave-v
planter	n	3	family	pending	2026-10-02	referenced by plant-v; referenced by plant-n
planting	n	3	family	pending	2026-10-02	referenced by plant-v
pledge	v	3	crossref	pending	2026-10-02	referenced by promise-v
print out	phrv	3	crossref	pending	2026-10-02	referenced by print-v
printed	adj	3	family	pending	2026-10-02	referenced by print-v
printing	n	3	family	pending	2026-10-02	referenced by print-v; referenced by print-n
printout	n	3	family	pending	2026-10-02	referenced by print-v; referenced by print-n
promising	adj	3	family	pending	2026-10-02	referenced by promise-v; referenced by promise-n
rap	v	3	crossref	pending	2026-10-02	referenced by knock-v
report back	phrv	3	crossref	pending	2026-10-02	referenced by report-v
reportedly	adv	3	family	pending	2026-10-02	referenced by report-v; referenced by report-n
reporter	n	3	family	pending	2026-10-02	referenced by report-v; referenced by report-n
reporting	n	3	family	pending	2026-10-02	referenced by report-v; referenced by report-n
shake off	phrv	3	crossref	pending	2026-10-02	referenced by shake-v
shake up	phrv	3	crossref	pending	2026-10-02	referenced by shake-v
shaken	adj	3	family	pending	2026-10-02	referenced by shake-v
shaker	n	3	family	pending	2026-10-02	referenced by shake-v
shaky	adj	3	family	pending	2026-10-02	referenced by shake-v
shiver	v	3	crossref	pending	2026-10-02	referenced by shake-v
sign in	phrv	3	crossref	pending	2026-10-02	referenced by sign-v
sign out	phrv	3	crossref	pending	2026-10-02	referenced by sign-v
sign up	phrv	3	crossref	pending	2026-10-02	referenced by sign-v
signal	v	3	crossref	pending	2026-10-02	referenced by sign-v; referenced by signal-n
signatory	n	3	family	pending	2026-10-02	referenced by sign-v
signature	n	3	crossref	pending	2026-10-02	referenced by sign-v; referenced by name-n; referenced by sign-n
signed	adj	3	family	pending	2026-10-02	referenced by sign-v
signing	n	3	family	pending	2026-10-02	referenced by sign-v
smiley	adj	3	family	pending	2026-10-02	referenced by smile-v
smiley	n	3	family	pending	2026-10-02	referenced by smile-v
smiling	adj	3	family	pending	2026-10-02	referenced by smile-v
smoke out	phrv	3	crossref	pending	2026-10-02	referenced by smoke-v
smoked	adj	3	family	pending	2026-10-02	referenced by smoke-v
smoker	n	3	family	pending	2026-10-02	referenced by smoke-v; referenced by smoke-n
smoking	n	3	family	pending	2026-10-02	referenced by smoke-v
smoky	adj	3	family	pending	2026-10-02	referenced by smoke-v; referenced by smoke-n
sob	v	3	crossref	pending	2026-10-02	referenced by cry-v
swear	v	3	crossref	pending	2026-10-02	referenced by promise-v
tap	v	3	crossref	pending	2026-10-02	referenced by knock-v
tobacco	n	3	crossref	pending	2026-10-02	referenced by smoke-v
tremble	v	3	crossref	pending	2026-10-02	referenced by shake-v
vibrate	v	3	crossref	pending	2026-10-02	referenced by shake-v
vow	v	3	crossref	pending	2026-10-02	referenced by promise-v
weep	v	3	crossref	pending	2026-10-02	referenced by cry-v
amused	v	3	closure	duplicate	2026-10-02	used in smile-v senses[0].definition; the word is the adjective amused-adj and the verb amuse-v, drafted 2026-10-02
document	adj	3	closure	duplicate	2026-10-02	used in sign-v senses[0].definition; the word is the noun document-n (drafted 2026-10-03)
lay off	phrv	3	crossref	pending	2026-10-02	referenced by lay-v
lay out	phrv	3	crossref	pending	2026-10-02	referenced by lay-v
ballet	n	3	crossref	pending	2026-10-02	referenced by dance-n
bargain	n	3	crossref	pending	2026-10-02	referenced by deal-n
damaged	adj	3	family	pending	2026-10-02	referenced by damage-n
darkly	adv	3	family	pending	2026-10-02	referenced by dark-n
darkness	n	3	crossref	pending	2026-10-02	referenced by dark-n
daughter in law	n	3	family	pending	2026-10-02	referenced by daughter-n
daylight	n	3	family	pending	2026-10-02	referenced by day-n; referenced by light-n
dealer	n	3	family	pending	2026-10-02	referenced by deal-n
dealing	n	3	family	pending	2026-10-02	referenced by deal-n
dealings	n	3	family	pending	2026-10-02	referenced by deal-n
endanger	v	3	family	pending	2026-10-02	referenced by danger-n
facts	n	3	crossref	pending	2026-10-02	referenced by data-n
goddaughter	n	3	family	pending	2026-10-02	referenced by daughter-n
haircut	n	3	crossref	pending	2026-10-02	referenced by cut-n; referenced by hair-n
hazard	n	3	crossref	pending	2026-10-02	referenced by danger-n
nightfall	n	3	crossref	pending	2026-10-02	referenced by dark-n
shortcut	n	3	family	pending	2026-10-02	referenced by cut-n
statistics	n	3	crossref	pending	2026-10-02	referenced by data-n
switch on	phrv	3	crossref	pending	2026-10-02	referenced by switch-v; referenced by switch-n
wave aside	phrv	3	crossref	pending	2026-10-02	referenced by wave-v
wave off	phrv	3	crossref	pending	2026-10-02	referenced by wave-v
wavy	adj	3	family	pending	2026-10-02	referenced by wave-v
lack	n	3	closure	done	2026-10-02	used in dark-n senses[0].definition; pos guessed (no morphological signal), check before claiming
amused	adj	3	closure	done	2026-10-02	used in smile-v senses[0].definition
signal	n	2	closure	done	2026-10-02	used in cable-n as signals
a bit	adv	3	crossref	pending	2026-10-02	referenced by slightly-adv
a little	adv	3	crossref	pending	2026-10-02	referenced by slightly-adv
absence	n	3	crossref	pending	2026-10-02	referenced by lack-n
amusement	n	3	family	pending	2026-10-02	referenced by amuse-v
amusing	adj	3	family	pending	2026-10-02	referenced by amuse-v
enforceable	adj	3	family	pending	2026-10-02	referenced by enforce-v
enforcement	n	3	family	pending	2026-10-02	referenced by enforce-v
ice skate	n	3	crossref	pending	2026-10-02	referenced by skate-n
impose	v	3	crossref	pending	2026-10-02	referenced by enforce-v
indication	n	3	crossref	pending	2026-10-02	referenced by signal-n; referenced by sign-n
lack	v	3	family	pending	2026-10-02	referenced by lack-n
lacking	adj	3	family	pending	2026-10-02	referenced by lack-n
shortage	n	3	crossref	pending	2026-10-02	referenced by lack-n
skate	v	3	family	pending	2026-10-02	referenced by skate-n
skateboard	n	3	crossref	pending	2026-10-02	referenced by skate-n
skating	n	3	crossref	pending	2026-10-02	referenced by skate-n
sleeveless	adj	3	family	pending	2026-10-02	referenced by sleeve-n
traffic light	n	3	crossref	pending	2026-10-02	referenced by signal-n
live up to	phrv	3	crossref	pending	2026-10-02	referenced by live-v
phone	n	1	defining	done	2026-10-02	added by hand 2026-10-02 lint pass 32: verb-first lemma missing a noun row (wiki/notes/queue-missing-verb-rows.md)
request	n	1	defining	done	2026-10-02	added by hand 2026-10-02 lint pass 32: verb-first lemma missing a noun row (wiki/notes/queue-missing-verb-rows.md)
slice	n	1	defining	done	2026-10-02	added by hand 2026-10-02 lint pass 32: verb-first lemma missing a noun row (wiki/notes/queue-missing-verb-rows.md)
stick	n	1	defining	done	2026-10-02	added by hand 2026-10-02 lint pass 32: verb-first lemma missing a noun row (wiki/notes/queue-missing-verb-rows.md)
lie	n	1	defining	done	2026-10-02	added by hand 2026-10-02 lint pass 32: verb-first lemma missing a noun row (wiki/notes/queue-missing-verb-rows.md)
fly	n	1	defining	done	2026-10-02	added by hand 2026-10-02 lint pass 32: verb-first lemma missing a noun row (wiki/notes/queue-missing-verb-rows.md)
blow	n	2	defining	pending	2026-10-02	added by hand 2026-10-02 lint pass 32: verb-first lemma missing a noun row (wiki/notes/queue-missing-verb-rows.md); referenced by hit-n
strip	n	2	defining	pending	2026-10-02	added by hand 2026-10-02 lint pass 32: verb-first lemma missing a noun row (wiki/notes/queue-missing-verb-rows.md)
spell	n	2	defining	pending	2026-10-02	added by hand 2026-10-02 lint pass 32: verb-first lemma missing a noun row (wiki/notes/queue-missing-verb-rows.md)
leak	n	2	defining	pending	2026-10-02	added by hand 2026-10-02 lint pass 32: verb-first lemma missing a noun row (wiki/notes/queue-missing-verb-rows.md)
glow	n	2	defining	pending	2026-10-02	added by hand 2026-10-02 lint pass 32: verb-first lemma missing a noun row (wiki/notes/queue-missing-verb-rows.md)
climb	n	2	defining	pending	2026-10-02	added by hand 2026-10-02 lint pass 32: verb-first lemma missing a noun row (wiki/notes/queue-missing-verb-rows.md)
shave	n	2	defining	pending	2026-10-02	added by hand 2026-10-02 lint pass 32: verb-first lemma missing a noun row (wiki/notes/queue-missing-verb-rows.md)
sneeze	n	2	defining	pending	2026-10-02	added by hand 2026-10-02 lint pass 32: verb-first lemma missing a noun row (wiki/notes/queue-missing-verb-rows.md)
roast	n	2	defining	pending	2026-10-02	added by hand 2026-10-02 lint pass 32: verb-first lemma missing a noun row (wiki/notes/queue-missing-verb-rows.md)
chop	n	2	defining	pending	2026-10-02	added by hand 2026-10-02 lint pass 32: verb-first lemma missing a noun row (wiki/notes/queue-missing-verb-rows.md)
bore	n	2	defining	pending	2026-10-02	added by hand 2026-10-02 lint pass 32: verb-first lemma missing a noun row (wiki/notes/queue-missing-verb-rows.md)
decay	n	2	defining	pending	2026-10-02	added by hand 2026-10-02 lint pass 32: verb-first lemma missing a noun row (wiki/notes/queue-missing-verb-rows.md)
plow	n	2	defining	pending	2026-10-02	added by hand 2026-10-02 lint pass 32: verb-first lemma missing a noun row (wiki/notes/queue-missing-verb-rows.md)
firm	adj	2	defining	pending	2026-10-02	added by hand 2026-10-02 lint pass 32: lemma with a noun or verb row and a common adjective use (wiki/notes/queue-missing-verb-rows.md); referenced by firm-n
tense	adj	2	defining	pending	2026-10-02	added by hand 2026-10-02 lint pass 32: lemma with a noun or verb row and a common adjective use (wiki/notes/queue-missing-verb-rows.md)
key	adj	2	defining	pending	2026-10-02	added by hand 2026-10-02 lint pass 32: lemma with a noun or verb row and a common adjective use (wiki/notes/queue-missing-verb-rows.md); referenced by key-n
standard	adj	2	defining	pending	2026-10-02	added by hand 2026-10-02 lint pass 32: lemma with a noun or verb row and a common adjective use (wiki/notes/queue-missing-verb-rows.md); referenced by standard-n
plural	adj	2	defining	pending	2026-10-02	added by hand 2026-10-02 lint pass 32: lemma with a noun or verb row and a common adjective use (wiki/notes/queue-missing-verb-rows.md)
singular	adj	2	defining	pending	2026-10-02	added by hand 2026-10-02 lint pass 32: lemma with a noun or verb row and a common adjective use (wiki/notes/queue-missing-verb-rows.md)
joint	adj	3	defining	pending	2026-10-02	added by hand 2026-10-02 lint pass 32: lemma with a noun or verb row and a common adjective use (wiki/notes/queue-missing-verb-rows.md); referenced by joint-n
routine	adj	3	defining	pending	2026-10-02	added by hand 2026-10-02 lint pass 32: lemma with a noun or verb row and a common adjective use (wiki/notes/queue-missing-verb-rows.md); referenced by routine-n
minute	adj	3	defining	pending	2026-10-02	added by hand 2026-10-02 lint pass 32: lemma with a noun or verb row and a common adjective use (wiki/notes/queue-missing-verb-rows.md)
deadly	adj	3	family	pending	2026-10-02	referenced by death-n
debtor	n	3	family	pending	2026-10-02	referenced by debt-n
defenseless	adj	3	family	pending	2026-10-02	referenced by defense-n
democrat	n	3	family	pending	2026-10-02	referenced by democracy-n
indebted	adj	3	family	pending	2026-10-02	referenced by debt-n
indecision	n	3	family	pending	2026-10-02	referenced by decision-n
prosecution	n	3	crossref	pending	2026-10-02	referenced by defense-n
self defense	n	3	family	pending	2026-10-02	referenced by defense-n
undemocratic	adj	3	family	pending	2026-10-02	referenced by democracy-n
deepen	v	3	family	pending	2026-10-02	referenced by depth-n
department store	n	3	crossref	pending	2026-10-02	referenced by department-n
departmental	adj	3	family	pending	2026-10-02	referenced by department-n
desert	v	3	family	pending	2026-10-02	referenced by desert-n
deserted	adj	3	family	pending	2026-10-02	referenced by desert-n
designer	n	3	family	pending	2026-10-02	referenced by design-n
desirable	adj	3	family	pending	2026-10-02	referenced by desire-n
desktop	n	3	family	pending	2026-10-02	referenced by desk-n
detail	v	3	family	pending	2026-10-02	referenced by detail-n
detailed	adj	3	family	pending	2026-10-02	referenced by detail-n
devise	v	3	family	pending	2026-10-02	referenced by device-n
gadget	n	3	crossref	pending	2026-10-02	referenced by device-n
undesirable	adj	3	family	pending	2026-10-02	referenced by desire-n
measure up	phrv	3	crossref	pending	2026-10-03	referenced by measure-v
meltdown	n	3	family	pending	2026-10-03	referenced by melt-v
differ	v	3	family	pending	2026-10-03	referenced by difference-n
dine	v	3	family	pending	2026-10-03	referenced by dinner-n
dinnertime	n	3	family	pending	2026-10-03	referenced by dinner-n
direct	v	3	family	pending	2026-10-03	referenced by direction-n
disable	v	3	family	pending	2026-10-03	referenced by disability-n
disadvantaged	adj	3	family	pending	2026-10-03	referenced by disadvantage-n
discount	v	3	family	pending	2026-10-03	referenced by discount-n
drawback	n	3	crossref	pending	2026-10-03	referenced by disadvantage-n
instruction	n	3	crossref	done	2026-10-03	referenced by direction-n; referenced by order-n; used in order-n senses[0].definition; pos guessed (no morphological signal), check before claiming
invention	n	3	crossref	done	2026-10-03	referenced by discovery-n
certainty	n	3	crossref	pending	2026-10-03	referenced by doubt-n
daydream	n	3	family	pending	2026-10-03	referenced by dream-n
disaster	n	3	crossref	pending	2026-10-03	referenced by dog-n
diseased	adj	3	family	pending	2026-10-03	referenced by disease-n
distance	v	3	family	pending	2026-10-03	referenced by distance-n
doctor	v	3	family	pending	2026-10-03	referenced by doctor-n
doctorate	n	3	family	pending	2026-10-03	referenced by doctor-n
dog	v	3	family	pending	2026-10-03	referenced by dog-n
doorstep	n	3	family	pending	2026-10-03	referenced by door-n
exhibition	n	3	crossref	pending	2026-10-03	referenced by display-n; referenced by museum-n; referenced by show-n
nightmare	n	3	crossref	pending	2026-10-03	referenced by dream-n
puppy	n	3	crossref	pending	2026-10-03	referenced by dog-n
separation	n	3	crossref	pending	2026-10-03	referenced by divorce-n
cheat	n	3	closure	done	2026-10-03	used in duck-n phrases[1].definition; pos guessed (no morphological signal), check before claiming; referenced by cheat-v
fail	n	3	closure	done	2026-10-03	used in dust-n phrases[0].definition; pos guessed (no morphological signal), check before claiming
hollow	n	3	closure	done	2026-10-03	used in drum-n core_idea; pos guessed (no morphological signal), check before claiming; referenced by hollow-adj
ignored	v	3	closure	duplicate	2026-10-03	used in ear-n phrases[4].definition; inflected form of ignore-v (drafted 2026-10-03)
planet	n	3	closure	done	2026-10-03	used in earth-n senses[0].definition; pos guessed (no morphological signal), check before claiming
practical	adj	3	closure	done	2026-10-03	used in earth-n phrases[1].definition
drug	v	3	family	pending	2026-10-03	referenced by drug-n
drugstore	n	3	family	pending	2026-10-03	referenced by drug-n
drum	v	3	family	pending	2026-10-03	referenced by drum-n
drummer	n	3	family	pending	2026-10-03	referenced by drum-n
duck	v	3	family	pending	2026-10-03	referenced by duck-n
duckling	n	3	family	pending	2026-10-03	referenced by duck-n
dusty	adj	3	family	pending	2026-10-03	referenced by dust-n
dutiful	adj	3	family	pending	2026-10-03	referenced by duty-n
duty free	adj	3	family	pending	2026-10-03	referenced by duty-n
earache	n	3	family	pending	2026-10-03	referenced by ear-n
earthly	adj	3	family	pending	2026-10-03	referenced by earth-n
economical	adj	3	family	pending	2026-10-03	referenced by economy-n
economics	n	3	family	pending	2026-10-03	referenced by economy-n
economist	n	3	family	pending	2026-10-03	referenced by economy-n
economize	v	3	family	pending	2026-10-03	referenced by economy-n
goose	n	3	crossref	pending	2026-10-03	referenced by duck-n
medication	n	3	crossref	pending	2026-10-03	referenced by drug-n; referenced by medicine-n
cutting-edge	adj	3	crossref	pending	2026-10-03	adjective use split from the edge-n phrase the cutting edge
cutting edge	adj	3	crossref	pending	2026-10-03	referenced by edge-n
edge	v	3	family	pending	2026-10-03	referenced by edge-n
edgy	adj	3	family	pending	2026-10-03	referenced by edge-n
effortless	adj	3	family	pending	2026-10-03	referenced by effort-n
eggshell	n	3	family	pending	2026-10-03	referenced by egg-n
electrical	adj	3	family	pending	2026-10-03	referenced by electricity-n
electrician	n	3	family	pending	2026-10-03	referenced by electricity-n
emotionally	adv	3	family	pending	2026-10-03	referenced by emotion-n
finish	n	3	crossref	pending	2026-10-03	referenced by end-n
ineffective	adj	3	family	pending	2026-10-03	referenced by effect-n
furthest	n	3	closure	duplicate	2026-10-03	used in edge-n senses[0].definition; pos guessed (no morphological signal), check before claiming; superlative of far; far-adj drafted 2026-10-03
admission	n	3	crossref	pending	2026-10-03	referenced by entrance-n
energetic	adj	3	family	pending	2026-10-03	referenced by energy-n
energize	v	3	family	pending	2026-10-03	referenced by energy-n
engineer	n	3	family	pending	2026-10-03	referenced by engine-n
engineering	n	3	family	pending	2026-10-03	referenced by engine-n
enmity	n	3	family	pending	2026-10-03	referenced by enemy-n; referenced by friendship-n
entrance	v	3	crossref	pending	2026-10-03	referenced by entrance-n
equalize	v	3	family	pending	2026-10-03	referenced by equality-n
equally	adv	3	family	pending	2026-10-03	referenced by equality-n
equip	v	3	family	pending	2026-10-03	referenced by equipment-n
equipped	adj	3	family	pending	2026-10-03	referenced by equipment-n
equity	n	3	crossref	pending	2026-10-03	referenced by equality-n
err	v	3	family	pending	2026-10-03	referenced by error-n
erroneous	adj	3	family	pending	2026-10-03	referenced by error-n
eventful	adj	3	family	pending	2026-10-03	referenced by event-n
evident	adj	3	family	pending	2026-10-03	referenced by evidence-n
evidently	adv	3	family	pending	2026-10-03	referenced by evidence-n
exemplary	adj	3	family	pending	2026-10-03	referenced by example-n
exemplify	v	3	family	pending	2026-10-03	referenced by example-n
fire engine	n	3	crossref	pending	2026-10-03	referenced by engine-n
illustration	n	3	crossref	pending	2026-10-03	referenced by example-n
incident	n	3	crossref	pending	2026-10-03	referenced by event-n
kit	n	3	crossref	pending	2026-10-03	referenced by equipment-n; referenced by gear-n
locomotive	n	3	crossref	pending	2026-10-03	referenced by engine-n
model	n	3	crossref	pending	2026-10-03	referenced by example-n; referenced by pattern-n
opponent	n	3	crossref	pending	2026-10-03	referenced by enemy-n
rival	n	3	crossref	pending	2026-10-03	referenced by enemy-n
search engine	n	3	crossref	pending	2026-10-03	referenced by engine-n
hand down	phrv	3	crossref	pending	2026-10-03	referenced by hand-v
head off	phrv	3	crossref	pending	2026-10-03	referenced by head-v
head out	phrv	3	crossref	pending	2026-10-03	referenced by head-v
head up	phrv	3	crossref	pending	2026-10-03	referenced by head-v
smell out	phrv	3	crossref	pending	2026-10-03	referenced by smell-v
experienced	adj	3	family	pending	2026-10-03	referenced by experience-n
experimental	adj	3	family	pending	2026-10-03	referenced by experiment-n
eye	v	3	family	pending	2026-10-03	referenced by eye-n
eyebrow	n	3	family	pending	2026-10-03	referenced by eye-n
eyelash	n	3	family	pending	2026-10-03	referenced by eye-n
eyelid	n	3	family	pending	2026-10-03	referenced by eye-n; referenced by lid-n
eyesight	n	3	family	pending	2026-10-03	referenced by eye-n; referenced by sight-n
faceless	adj	3	family	pending	2026-10-03	referenced by face-n
facial	adj	3	family	pending	2026-10-03	referenced by face-n
factual	adj	3	family	pending	2026-10-03	referenced by fact-n
fitness	n	3	crossref	pending	2026-10-03	referenced by exercise-n; referenced by health-n
inexperienced	adj	3	family	pending	2026-10-03	referenced by experience-n
mill	n	3	crossref	pending	2026-10-03	referenced by factory-n
reality	n	3	crossref	pending	2026-10-03	referenced by fact-n
stock exchange	n	3	crossref	pending	2026-10-03	referenced by exchange-n
swap	n	3	crossref	pending	2026-10-03	referenced by exchange-n
textile	n	3	crossref	pending	2026-10-03	referenced by fabric-n
vision	n	3	crossref	pending	2026-10-03	referenced by eye-n; referenced by sight-n
workshop	n	3	crossref	pending	2026-10-03	referenced by factory-n; referenced by shop-n
dad	n	3	crossref	pending	2026-10-03	referenced by father-n
defect	n	3	crossref	pending	2026-10-03	referenced by fault-n
faithful	adj	3	family	pending	2026-10-03	referenced by faith-n
faithfully	adv	3	family	pending	2026-10-03	referenced by faith-n
fan	v	3	family	pending	2026-10-03	referenced by fan-n
fashion	v	3	family	pending	2026-10-03	referenced by fashion-n
fashionable	adj	3	family	pending	2026-10-03	referenced by fashion-n
father	v	3	family	pending	2026-10-03	referenced by father-n
fatherhood	n	3	family	pending	2026-10-03	referenced by father-n
fatherly	adj	3	family	pending	2026-10-03	referenced by father-n
fatty	adj	3	family	pending	2026-10-03	referenced by fat-n
faulty	adj	3	family	pending	2026-10-03	referenced by fault-n
feathered	adj	3	family	pending	2026-10-03	referenced by feather-n
feathery	adj	3	family	pending	2026-10-03	referenced by feather-n
flaw	n	3	crossref	pending	2026-10-03	referenced by fault-n; referenced by hole-n
fright	n	3	crossref	pending	2026-10-03	referenced by fear-n
phobia	n	3	crossref	pending	2026-10-03	referenced by fear-n
ranch	n	3	crossref	pending	2026-10-03	referenced by farm-n
terror	n	3	crossref	pending	2026-10-03	referenced by fear-n
deliberately	n	3	closure	duplicate	2026-10-03	used in ignore-v senses[1].definition; pos guessed (no morphological signal), check before claiming; mis-tagged closure row; the adverb is queued as deliberately|adv
cheater	n	3	family	pending	2026-10-03	referenced by cheat-v; referenced by cheat-n
disregard	v	3	crossref	pending	2026-10-03	referenced by ignore-v
document	v	3	family	pending	2026-10-03	referenced by document-n
documentary	n	3	family	pending	2026-10-03	referenced by document-n
documentation	n	3	family	pending	2026-10-03	referenced by document-n
hollow out	phrv	3	family	pending	2026-10-03	referenced by hollow-adj
impractical	adj	3	crossref	pending	2026-10-03	referenced by practical-adj
needle	n	3	crossref	pending	2026-10-03	referenced by thread-n; referenced by pin-n
planetary	adj	3	family	pending	2026-10-03	referenced by planet-n
practically	adv	3	family	pending	2026-10-03	referenced by practical-adj
realistic	adj	3	crossref	pending	2026-10-03	referenced by practical-adj
thread	v	3	family	pending	2026-10-03	referenced by thread-n
digit	n	3	crossref	pending	2026-10-03	referenced by figure-n
fence	v	3	family	pending	2026-10-03	referenced by fence-n
fencing	n	3	family	pending	2026-10-03	referenced by fence-n
festive	adj	3	family	pending	2026-10-03	referenced by festival-n
festivity	n	3	family	pending	2026-10-03	referenced by festival-n
feverish	adj	3	family	pending	2026-10-03	referenced by fever-n
field	v	3	family	pending	2026-10-03	referenced by field-n
fielder	n	3	family	pending	2026-10-03	referenced by field-n
fighting	n	3	family	pending	2026-10-03	referenced by fight-n
figure	v	3	family	pending	2026-10-03	referenced by figure-n
filing	n	3	family	pending	2026-10-03	referenced by file-n
filmmaker	n	3	family	pending	2026-10-03	referenced by film-n
finance	v	3	family	pending	2026-10-03	referenced by finance-n
finger	v	3	family	pending	2026-10-03	referenced by finger-n
fingernail	n	3	family	pending	2026-10-03	referenced by finger-n
fingerprint	n	3	family	pending	2026-10-03	referenced by finger-n; referenced by print-n
fingertip	n	3	family	pending	2026-10-03	referenced by finger-n
funding	n	3	crossref	pending	2026-10-03	referenced by finance-n
statistic	n	3	crossref	pending	2026-10-03	referenced by figure-n
stripper	n	3	family	pending	2026-10-03	referenced by strip-v
blaze	n	3	crossref	pending	2026-10-03	referenced by fire-n
concentration	n	3	crossref	pending	2026-10-03	referenced by focus-n
emphasis	n	3	crossref	pending	2026-10-03	referenced by focus-n; referenced by stress-n
fiery	adj	3	family	pending	2026-10-03	referenced by fire-n
firefighter	n	3	family	pending	2026-10-03	referenced by fire-n
fireplace	n	3	family	pending	2026-10-03	referenced by fire-n
fisherman	n	3	family	pending	2026-10-03	referenced by fish-n
fishing	n	3	family	pending	2026-10-03	referenced by fish-n
fishy	adj	3	family	pending	2026-10-03	referenced by fish-n
flame	v	3	family	pending	2026-10-03	referenced by flame-n
flaming	adj	3	family	pending	2026-10-03	referenced by flame-n
flammable	adj	3	family	pending	2026-10-03	referenced by flame-n
flavorful	adj	3	family	pending	2026-10-03	referenced by flavor-n
flavoring	n	3	family	pending	2026-10-03	referenced by flavor-n
flooding	n	3	family	pending	2026-10-03	referenced by flood-n
floor	v	3	family	pending	2026-10-03	referenced by floor-n
flooring	n	3	family	pending	2026-10-03	referenced by floor-n
flower	v	3	family	pending	2026-10-03	referenced by flower-n
flowery	adj	3	family	pending	2026-10-03	referenced by flower-n
influenza	n	3	crossref	pending	2026-10-03	referenced by flu-n
ally	n	3	crossref	pending	2026-10-04	referenced by friend-n
barefoot	adj	3	family	pending	2026-10-04	referenced by foot-n
befriend	v	3	family	done	2026-10-04	referenced by friend-n
captivity	n	3	crossref	pending	2026-10-04	referenced by freedom-n
deforestation	n	3	family	pending	2026-10-04	referenced by forest-n
directory	n	3	crossref	pending	2026-10-04	referenced by folder-n
fog	v	3	family	pending	2026-10-04	referenced by fog-n
fool	v	3	family	pending	2026-10-04	referenced by fool-n
foolproof	adj	3	family	pending	2026-10-04	referenced by fool-n
foot	v	3	family	pending	2026-10-04	referenced by foot-n
footprint	n	3	family	pending	2026-10-04	referenced by foot-n; referenced by print-n
footstep	n	3	family	pending	2026-10-04	referenced by foot-n; referenced by step-n
forestry	n	3	family	pending	2026-10-04	referenced by forest-n
fork out	phrv	3	family	pending	2026-10-04	referenced by fork-n
fork	v	3	family	pending	2026-10-04	referenced by fork-n
free	v	3	family	pending	2026-10-04	referenced by freedom-n
freely	adv	3	family	pending	2026-10-04	referenced by freedom-n
girlfriend	n	3	crossref	pending	2026-10-04	referenced by friend-n; referenced by girl-n
haze	n	3	crossref	pending	2026-10-04	referenced by fog-n
idiot	n	3	crossref	pending	2026-10-04	referenced by fool-n
inch	n	3	crossref	pending	2026-10-04	referenced by foot-n
jester	n	3	crossref	pending	2026-10-04	referenced by fool-n
liberty	n	3	crossref	pending	2026-10-04	referenced by freedom-n
meter	n	3	crossref	pending	2026-10-04	referenced by foot-n
rainforest	n	3	family	pending	2026-10-04	referenced by forest-n
refrigerator	n	3	crossref	pending	2026-10-04	referenced by fridge-n
smog	n	3	crossref	pending	2026-10-04	referenced by fog-n
deliberately	adv	3	closure	done	2026-10-04	used in ignore-v senses[1].definition
bed down	phrv	3	crossref	pending	2026-10-04	referenced by bed-v
belt out	phrv	3	crossref	pending	2026-10-04	referenced by belt-v
belt up	phrv	3	crossref	pending	2026-10-04	referenced by belt-v
decorate	v	3	crossref	pending	2026-10-04	referenced by beautify-v
deliberate	adj	3	family	pending	2026-10-04	referenced by deliberately-adv
embed	v	3	crossref	pending	2026-10-04	referenced by bed-v
intentionally	adv	3	crossref	pending	2026-10-04	referenced by deliberately-adv; referenced by intention-n
liar	n	3	crossref	pending	2026-10-04	referenced by cheat-n; referenced by lie-n
struggle	v	3	crossref	pending	2026-10-04	referenced by battle-v
front	adj	3	family	pending	2026-10-04	referenced by front-n
frontal	adj	3	family	pending	2026-10-04	referenced by front-n
fruitful	adj	3	family	pending	2026-10-04	referenced by fruit-n
fruitless	adj	3	family	pending	2026-10-04	referenced by fruit-n
fruity	adj	3	family	pending	2026-10-04	referenced by fruit-n
fuel	v	3	family	pending	2026-10-04	referenced by fuel-n
furry	adj	3	family	pending	2026-10-04	referenced by fur-n
futuristic	adj	3	family	pending	2026-10-04	referenced by future-n
game	adj	3	family	pending	2026-10-04	referenced by game-n
gamer	n	3	family	pending	2026-10-04	referenced by game-n
gaming	n	3	family	pending	2026-10-04	referenced by game-n
gas station	n	3	crossref	pending	2026-10-04	referenced by garage-n; referenced by gas-n
memorial	n	3	crossref	pending	2026-10-04	referenced by funeral-n; referenced by memory-n
petrol	n	3	crossref	pending	2026-10-04	referenced by fuel-n; referenced by gas-n
petrol station	n	3	crossref	pending	2026-10-04	referenced by garage-n
rear	n	3	crossref	pending	2026-10-04	referenced by front-n
refuel	v	3	family	pending	2026-10-04	referenced by fuel-n
repair shop	n	3	crossref	pending	2026-10-04	referenced by garage-n
reward	n	3	crossref	pending	2026-10-04	referenced by fruit-n; referenced by prize-n
seafront	n	3	crossref	pending	2026-10-04	referenced by front-n
according	v	3	closure	duplicate	2026-10-04	used in game-n senses[0].definition; the word is the preposition according to (queued); closure row guessed v
apple	n	3	closure	done	2026-10-04	used in fruit-n senses[0].definition; pos guessed (no morphological signal), check before claiming
banana	n	3	closure	done	2026-10-04	used in fruit-n senses[0].definition; pos guessed (no morphological signal), check before claiming
coal	n	3	closure	done	2026-10-04	used in fuel-n senses[0].definition; pos guessed (no morphological signal), check before claiming
garden	v	3	family	pending	2026-10-04	referenced by garden-n
gardener	n	3	family	pending	2026-10-04	referenced by garden-n
gardening	n	3	family	pending	2026-10-04	referenced by garden-n
gasoline	n	3	crossref	pending	2026-10-04	referenced by gas-n; referenced by oil-n; used in oil-n senses[0].definition; pos guessed (no morphological signal), check before claiming
gearbox	n	3	family	pending	2026-10-04	referenced by gear-n
gendered	adj	3	family	pending	2026-10-04	referenced by gender-n
generate	v	3	family	pending	2026-10-04	referenced by generation-n
generation gap	n	3	crossref	pending	2026-10-04	referenced by generation-n
generational	adj	3	family	pending	2026-10-04	referenced by generation-n
girlhood	n	3	family	pending	2026-10-04	referenced by girl-n
girlish	adj	3	family	pending	2026-10-04	referenced by girl-n
glassy	adj	3	family	pending	2026-10-04	referenced by glass-n
goalie	n	3	family	pending	2026-10-04	referenced by goal-n
goalkeeper	n	3	family	pending	2026-10-04	referenced by goal-n
goalpost	n	3	family	pending	2026-10-04	referenced by goal-n
mitten	n	3	crossref	pending	2026-10-04	referenced by glove-n
spectacles	n	3	crossref	pending	2026-10-04	referenced by glasses-n
sunglasses	n	3	crossref	pending	2026-10-04	referenced by glasses-n
target	n	3	crossref	pending	2026-10-04	referenced by goal-n
settings	n	3	closure	duplicate	2026-10-04	used in gear-n senses[0].definition; pos guessed (no morphological signal), check before claiming; plural of setting-n (family row)
administration	n	3	crossref	pending	2026-10-04	referenced by government-n
background	n	3	family	pending	2026-10-04	referenced by ground-n
freight	n	3	crossref	pending	2026-10-04	referenced by goods-n
goatee	n	3	family	pending	2026-10-04	referenced by goat-n
goddess	n	3	crossref	pending	2026-10-04	referenced by god-n
godless	adj	3	family	pending	2026-10-04	referenced by god-n
godly	adj	3	family	pending	2026-10-04	referenced by god-n
godparent	n	3	family	pending	2026-10-04	referenced by god-n
governmental	adj	3	family	pending	2026-10-04	referenced by government-n
grainy	adj	3	family	pending	2026-10-04	referenced by grain-n
grammarian	n	3	family	pending	2026-10-04	referenced by grammar-n
grammatical	adj	3	family	pending	2026-10-04	referenced by grammar-n
grammatically	adv	3	family	pending	2026-10-04	referenced by grammar-n
granddad	n	3	crossref	pending	2026-10-04	referenced by grandfather-n
grandfather clock	n	3	family	pending	2026-10-04	referenced by grandfather-n
grandma	n	3	crossref	pending	2026-10-04	referenced by grandmother-n
grandpa	n	3	crossref	pending	2026-10-04	referenced by grandfather-n
granny	n	3	crossref	pending	2026-10-04	referenced by grandmother-n
grasshopper	n	3	family	pending	2026-10-04	referenced by grass-n
grassland	n	3	family	pending	2026-10-04	referenced by grass-n
grassroots	adj	3	family	pending	2026-10-04	referenced by grass-n
grassy	adj	3	family	pending	2026-10-04	referenced by grass-n
grave	adj	3	crossref	pending	2026-10-04	referenced by grave-n
gravedigger	n	3	family	pending	2026-10-04	referenced by grave-n
gravestone	n	3	family	pending	2026-10-04	referenced by grave-n
great grandfather	n	3	family	pending	2026-10-04	referenced by grandfather-n
great grandmother	n	3	family	pending	2026-10-04	referenced by grandmother-n
grind	v	3	crossref	pending	2026-10-04	referenced by ground-n
ground floor	n	3	family	pending	2026-10-04	referenced by ground-n
ground	v	3	family	pending	2026-10-04	referenced by ground-n
groundwork	n	3	family	pending	2026-10-04	referenced by ground-n
gubernatorial	adj	3	family	pending	2026-10-04	referenced by governor-n
heaven	n	3	crossref	pending	2026-10-04	referenced by god-n; referenced by sky-n
hero	n	3	crossref	pending	2026-10-04	referenced by god-n
idol	n	3	crossref	pending	2026-10-04	referenced by god-n
lawn	n	3	crossref	pending	2026-10-04	referenced by grass-n
marijuana	n	3	crossref	pending	2026-10-04	referenced by grass-n; referenced by pot-n
merchandise	n	3	crossref	pending	2026-10-04	referenced by goods-n
possession	n	3	crossref	pending	2026-10-04	referenced by goods-n
scapegoat	n	3	family	pending	2026-10-04	referenced by goat-n
tomb	n	3	crossref	pending	2026-10-04	referenced by grave-n
underground	adj	3	family	pending	2026-10-04	referenced by ground-n
warden	n	3	crossref	pending	2026-10-04	referenced by governor-n
Islam	n	3	closure	done	2026-10-04	used in god-n senses[0].definition; pos guessed (no morphological signal), check before claiming
Judaism	n	3	closure	done	2026-10-04	used in god-n senses[0].definition; pos guessed (no morphological signal), check before claiming
conductor	n	3	crossref	pending	2026-10-04	referenced by guard-n
grouping	n	3	family	pending	2026-10-04	referenced by group-n
guidebook	n	3	crossref	pending	2026-10-04	referenced by guide-n
guideline	n	3	family	pending	2026-10-04	referenced by guide-n
gun	v	3	family	pending	2026-10-04	referenced by gun-n
gunfire	n	3	family	pending	2026-10-04	referenced by gun-n
gunman	n	3	family	pending	2026-10-04	referenced by gun-n
gunpoint	n	3	family	pending	2026-10-04	referenced by gun-n
gunshot	n	3	family	pending	2026-10-04	referenced by gun-n
habitual	adj	3	family	pending	2026-10-04	referenced by habit-n
habitually	adv	3	family	pending	2026-10-04	referenced by habit-n
hairbrush	n	3	family	pending	2026-10-04	referenced by hair-n
hairdresser	n	3	family	pending	2026-10-04	referenced by hair-n
hairstyle	n	3	family	pending	2026-10-04	referenced by hair-n
hairy	adj	3	family	pending	2026-10-04	referenced by hair-n
half	adv	3	crossref	pending	2026-10-04	referenced by half-n
half	pron	3	crossref	pending	2026-10-04	referenced by half-n
halve	v	3	family	pending	2026-10-04	referenced by half-n
handlebars	n	3	family	pending	2026-10-04	referenced by handle-n
knob	n	3	crossref	pending	2026-10-04	referenced by handle-n
lifeguard	n	3	family	pending	2026-10-04	referenced by guard-n
pistol	n	3	crossref	pending	2026-10-04	referenced by gun-n
rifle	n	3	crossref	pending	2026-10-04	referenced by gun-n
safeguard	n	3	family	pending	2026-10-04	referenced by guard-n
tube	n	3	closure	done	2026-10-04	used in gun-n senses[0].definition; pos guessed (no morphological signal), check before claiming
visitors	n	3	closure	duplicate	2026-10-04	used in guide-n senses[0].definition; pos guessed (no morphological signal), check before claiming; plural of visitor-n (family row)
aid	n	3	crossref	pending	2026-10-04	referenced by help-n; referenced by relief-n
assistance	n	3	crossref	pending	2026-10-04	referenced by help-n
cap	n	3	crossref	pending	2026-10-04	referenced by hat-n
downhill	adv	3	family	pending	2026-10-04	referenced by hill-n
hat trick	n	3	family	pending	2026-10-04	referenced by hat-n
hater	n	3	family	pending	2026-10-04	referenced by hate-n
health care	n	3	family	pending	2026-10-04	referenced by health-n
healthily	adv	3	family	pending	2026-10-04	referenced by health-n
hearing aid	n	3	family	pending	2026-10-04	referenced by hearing-n
heart to heart	n	3	family	pending	2026-10-04	referenced by heart-n
heartbeat	n	3	family	pending	2026-10-04	referenced by heart-n
heartbreak	n	3	family	pending	2026-10-04	referenced by heart-n
heartbroken	adj	3	family	pending	2026-10-04	referenced by heart-n
heartfelt	adj	3	family	pending	2026-10-04	referenced by heart-n
heartless	adj	3	family	pending	2026-10-04	referenced by heart-n
hearty	adj	3	family	pending	2026-10-04	referenced by heart-n
heat wave	n	3	family	pending	2026-10-04	referenced by heat-n
heatstroke	n	3	family	pending	2026-10-04	referenced by heat-n
heighten	v	3	family	pending	2026-10-04	referenced by height-n
helpline	n	3	family	pending	2026-10-04	referenced by help-n
hillside	n	3	family	pending	2026-10-04	referenced by hill-n
hilltop	n	3	family	pending	2026-10-04	referenced by hill-n
hilly	adj	3	family	pending	2026-10-04	referenced by hill-n
miss	n	3	crossref	pending	2026-10-04	referenced by hit-n
overhear	v	3	family	pending	2026-10-04	referenced by hearing-n
unhealthy	adj	3	family	pending	2026-10-04	referenced by health-n
uphill	adv	3	family	pending	2026-10-04	referenced by hill-n
wholehearted	adj	3	family	pending	2026-10-04	referenced by heart-n
antler	n	3	crossref	pending	2026-10-04	referenced by horn-n
darling	n	3	crossref	pending	2026-10-04	referenced by honey-n
dear	n	3	crossref	pending	2026-10-04	referenced by honey-n
despair	n	3	crossref	pending	2026-10-04	referenced by hope-n
donkey	n	3	crossref	pending	2026-10-04	referenced by horse-n
half hour	n	3	family	pending	2026-10-04	referenced by hour-n
hobbyist	n	3	family	pending	2026-10-04	referenced by hobby-n
hole up	phrv	3	crossref	pending	2026-10-04	referenced by hole-n
holidaymaker	n	3	family	pending	2026-10-04	referenced by holiday-n
home	adv	3	family	done	2026-10-04	referenced by home-n
homecoming	n	3	family	pending	2026-10-04	referenced by home-n
homeless	adj	3	family	pending	2026-10-04	referenced by home-n
homemade	adj	3	family	pending	2026-10-04	referenced by home-n
homeowner	n	3	family	pending	2026-10-04	referenced by home-n; referenced by owner-n
hometown	n	3	family	pending	2026-10-04	referenced by home-n
homework	n	3	family	pending	2026-10-04	referenced by home-n
honeybee	n	3	family	pending	2026-10-04	referenced by honey-n
honeycomb	n	3	family	pending	2026-10-04	referenced by honey-n
horned	adj	3	family	pending	2026-10-04	referenced by horn-n
horse racing	n	3	family	pending	2026-10-04	referenced by horse-n
horseback	n	3	family	pending	2026-10-04	referenced by horse-n
horseman	n	3	family	pending	2026-10-04	referenced by horse-n
horsepower	n	3	family	pending	2026-10-04	referenced by horse-n
hospitalize	v	3	family	pending	2026-10-04	referenced by hospital-n
host	v	3	family	pending	2026-10-04	referenced by host-n
hostess	n	3	family	pending	2026-10-04	referenced by host-n
hotelier	n	3	family	pending	2026-10-04	referenced by hotel-n
hourglass	n	3	family	pending	2026-10-04	referenced by hour-n
hourly	adj	3	family	pending	2026-10-04	referenced by hour-n
hourly	adv	3	family	pending	2026-10-04	referenced by hour-n
keyhole	n	3	family	pending	2026-10-04	referenced by hole-n; referenced by key-n
leave	n	3	crossref	pending	2026-10-04	referenced by holiday-n
loophole	n	3	family	pending	2026-10-04	referenced by hole-n
pastime	n	3	crossref	pending	2026-10-04	referenced by hobby-n
pony	n	3	crossref	pending	2026-10-04	referenced by horse-n
pothole	n	3	family	pending	2026-10-04	referenced by hole-n
presenter	n	3	crossref	pending	2026-10-04	referenced by host-n
racehorse	n	3	family	pending	2026-10-04	referenced by horse-n
reservation	n	3	crossref	pending	2026-10-04	referenced by hotel-n
rush hour	n	3	family	pending	2026-10-04	referenced by hour-n
seahorse	n	3	family	pending	2026-10-04	referenced by horse-n
shoehorn	n	3	family	pending	2026-10-04	referenced by horn-n
trumpet	n	3	crossref	pending	2026-10-04	referenced by horn-n
comedy	n	3	crossref	pending	2026-10-04	referenced by humor-n
humor	v	3	family	pending	2026-10-04	referenced by humor-n
humorist	n	3	family	pending	2026-10-04	referenced by humor-n
humorless	adj	3	family	pending	2026-10-04	referenced by humor-n
humorous	adj	3	family	pending	2026-10-04	referenced by humor-n
ice cream	n	3	family	pending	2026-10-04	referenced by ice-n; referenced by cream-n
ice cube	n	3	family	pending	2026-10-04	referenced by ice-n
ice skating	n	3	family	pending	2026-10-04	referenced by ice-n
ice	v	3	family	pending	2026-10-04	referenced by ice-n
icy	adj	3	family	pending	2026-10-04	referenced by ice-n
ideal	adj	3	family	pending	2026-10-04	referenced by idea-n
imagery	n	3	family	pending	2026-10-04	referenced by image-n
importantly	adv	3	family	pending	2026-10-04	referenced by importance-n
industrialization	n	3	family	pending	2026-10-04	referenced by industry-n
industrialize	v	3	family	pending	2026-10-04	referenced by industry-n
industrious	adj	3	family	pending	2026-10-04	referenced by industry-n
manufacturing	n	3	crossref	pending	2026-10-04	referenced by industry-n
reputation	n	3	crossref	pending	2026-10-04	referenced by image-n; referenced by name-n
self importance	n	3	family	pending	2026-10-04	referenced by importance-n
significance	n	3	crossref	pending	2026-10-04	referenced by importance-n
unimportant	adj	3	family	pending	2026-10-04	referenced by importance-n
wit	n	3	crossref	pending	2026-10-04	referenced by humor-n
ant	n	3	crossref	pending	2026-10-04	referenced by insect-n
disinterested	adj	3	family	pending	2026-10-04	referenced by interest-n
infected	adj	3	family	pending	2026-10-04	referenced by infection-n
influential	adj	3	family	pending	2026-10-04	referenced by influence-n
inside	adj	3	crossref	pending	2026-10-04	referenced by inside-n
instrumental	adj	3	family	pending	2026-10-04	referenced by instrument-n
intelligent	adj	3	crossref	pending	2026-10-04	referenced by intelligence-n
intelligently	adv	3	family	pending	2026-10-04	referenced by intelligence-n
ironing board	n	3	family	pending	2026-10-04	referenced by iron-n
ironing	n	3	family	pending	2026-10-04	referenced by iron-n
islander	n	3	family	pending	2026-10-04	referenced by island-n
spider	n	3	crossref	pending	2026-10-04	referenced by insect-n
steel	n	3	crossref	pending	2026-10-04	referenced by iron-n; used in iron-n senses[0].definition; pos guessed (no morphological signal), check before claiming; referenced by metal-n; used in metal-n senses[0].definition; pos guessed (no morphological signal), check before claiming; used in iron-n senses[0].definition; also in 1 other entry; pos guessed (no morphological signal), check before claiming
unintelligent	adj	3	family	pending	2026-10-04	referenced by intelligence-n
unintentional	adj	3	family	pending	2026-10-04	referenced by intention-n
uninterested	adj	3	family	pending	2026-10-04	referenced by interest-n
accordingly	adv	3	family	pending	2026-10-04	referenced by according-to-prep
block off	phrv	3	crossref	pending	2026-10-04	referenced by block-v
block out	phrv	3	crossref	pending	2026-10-04	referenced by block-v
tourist	n	3	crossref	pending	2026-10-04	referenced by visitor-n
unblock	v	3	crossref	pending	2026-10-04	referenced by block-v
issue	v	3	family	pending	2026-10-04	referenced by issue-n
itemize	v	3	family	pending	2026-10-04	referenced by item-n
jail	v	3	family	pending	2026-10-04	referenced by jail-n
jobless	adj	3	family	pending	2026-10-04	referenced by job-n
jointly	adv	3	family	pending	2026-10-04	referenced by joint-n
joker	n	3	family	pending	2026-10-04	referenced by joke-n
jokingly	adv	3	family	pending	2026-10-04	referenced by joke-n
journey	v	3	family	pending	2026-10-04	referenced by journey-n
joyful	adj	3	family	pending	2026-10-04	referenced by joy-n
judgmental	adj	3	family	pending	2026-10-04	referenced by judgment-n
juice	v	3	family	pending	2026-10-04	referenced by juice-n
sadness	n	3	crossref	pending	2026-10-04	referenced by joy-n
bulb	n	3	crossref	pending	2026-10-05	referenced by lamp-n
candle	n	3	crossref	pending	2026-10-05	referenced by lamp-n
crown	n	3	crossref	pending	2026-10-05	referenced by king-n
elbow	n	3	crossref	pending	2026-10-05	referenced by knee-n
fairness	n	3	crossref	pending	2026-10-05	referenced by justice-n
injustice	n	3	crossref	pending	2026-10-05	referenced by justice-n
just	adj	3	family	pending	2026-10-05	referenced by justice-n
key in	phrv	3	crossref	pending	2026-10-05	referenced by key-n
keyboardist	n	3	family	pending	2026-10-05	referenced by keyboard-n
kingdom	n	3	family	pending	2026-10-05	referenced by king-n
kneecap	n	3	family	pending	2026-10-05	referenced by knee-n
kneel	v	3	family	pending	2026-10-05	referenced by knee-n
knife	v	3	family	pending	2026-10-05	referenced by knife-n
knowledgeable	adj	3	family	pending	2026-10-05	referenced by knowledge-n
lap	n	3	crossref	pending	2026-10-05	referenced by knee-n
prince	n	3	crossref	pending	2026-10-05	referenced by king-n
royal	adj	3	crossref	pending	2026-10-05	referenced by king-n; used in king-n senses[0].definition; referenced by queen-n; used in queen-n senses[0].definition; used in king-n senses[0].definition; also in 1 other entry
alike	n	3	closure	duplicate	2026-10-05	used in kind-n senses[0].definition; pos guessed (no morphological signal), check before claiming; pos guessed; the word in kind-n is the adjective: drafted as alike-adj 2026-10-05
attorney	n	3	crossref	pending	2026-10-05	referenced by lawyer-n
lawful	adj	3	family	pending	2026-10-05	referenced by law-n
lawsuit	n	3	family	pending	2026-10-05	referenced by law-n; referenced by suit-n
layer	v	3	family	pending	2026-10-05	referenced by layer-n
leaf through	phrv	3	crossref	pending	2026-10-05	referenced by leaf-n
leaflet	n	3	family	pending	2026-10-05	referenced by leaf-n
leafy	adj	3	family	pending	2026-10-05	referenced by leaf-n
leathery	adj	3	family	pending	2026-10-05	referenced by leather-n
leisurely	adj	3	family	pending	2026-10-05	referenced by leisure-n
lengthen	v	3	family	pending	2026-10-05	referenced by length-n
lengthy	adj	3	family	pending	2026-10-05	referenced by length-n
regulation	n	3	crossref	pending	2026-10-05	referenced by law-n; referenced by rule-n
solicitor	n	3	crossref	pending	2026-10-05	referenced by lawyer-n
unlawful	adj	3	family	pending	2026-10-05	referenced by law-n
boost	n	3	crossref	pending	2026-10-05	referenced by lift-n
elevator	n	3	crossref	pending	2026-10-05	referenced by lift-n
envelope	n	3	crossref	pending	2026-10-05	referenced by letter-n; used in letter-n senses[0].definition; pos guessed (no morphological signal), check before claiming
level	v	3	family	pending	2026-10-05	referenced by level-n
librarian	n	3	family	pending	2026-10-05	referenced by library-n
maximum	n	3	crossref	pending	2026-10-05	referenced by limit-n
outline	n	3	family	pending	2026-10-05	referenced by line-n
queue	n	3	crossref	pending	2026-10-05	referenced by line-n
sunlight	n	3	family	pending	2026-10-05	referenced by light-n; referenced by sun-n
underline	v	3	family	pending	2026-10-05	referenced by line-n; referenced by circle-v
cart	n	3	crossref	pending	2026-10-05	referenced by basket-n
a lot	adv	3	crossref	done	2026-10-05	referenced by lot-n
burden	n	3	crossref	pending	2026-10-05	referenced by load-n
lipstick	n	3	family	pending	2026-10-05	referenced by lip-n
plenty	pron	3	crossref	pending	2026-10-05	referenced by lot-n
romance	n	3	crossref	pending	2026-10-05	referenced by love-n
unload	v	3	family	pending	2026-10-05	referenced by load-n
workload	n	3	crossref	pending	2026-10-05	referenced by load-n
alike	adj	3	closure	done	2026-10-05	used in kind-n senses[0].definition (row alike|n marked duplicate)
alike	adv	3	crossref	pending	2026-10-05	referenced by alike-adj
bone up on	phrv	3	crossref	pending	2026-10-05	referenced by bone-v
boneless	adj	3	family	pending	2026-10-05	referenced by bone-v
booking	n	3	family	pending	2026-10-05	referenced by book-v
boot up	phrv	3	crossref	pending	2026-10-05	referenced by boot-v
boss around	phrv	3	crossref	pending	2026-10-05	referenced by boss-v
bottle up	phrv	3	crossref	pending	2026-10-05	referenced by bottle-v
box in	phrv	3	crossref	pending	2026-10-05	referenced by box-v
boxer	n	3	family	pending	2026-10-05	referenced by box-v
boxing	n	3	family	pending	2026-10-05	referenced by box-v
brainstorm	n	3	family	pending	2026-10-05	referenced by brainstorm-v
brainstorming	n	3	family	pending	2026-10-05	referenced by brainstorm-v
reboot	v	3	family	pending	2026-10-05	referenced by boot-v
reserve	v	3	crossref	pending	2026-10-05	referenced by book-v
to	inf	1	owner	done	2026-10-05	owner's ruling 2026-10-05 (open question 6)
Muslim	n	3	owner	done	2026-10-05	owner's ruling 2026-10-05
Buddhism	n	3	owner	done	2026-10-05	owner's ruling 2026-10-05
Buddhist	n	3	owner	done	2026-10-05	owner's ruling 2026-10-05
jewish	adj	3	crossref	pending	2026-10-05	referenced by judaism-n
chart	n	3	crossref	pending	2026-10-05	referenced by map-n; referenced by table-n
diagram	n	3	crossref	pending	2026-10-05	referenced by map-n
gentleman	n	3	crossref	pending	2026-10-05	referenced by man-n
grade	n	3	crossref	pending	2026-10-05	referenced by mark-n; referenced by score-n
guy	n	3	crossref	pending	2026-10-05	referenced by man-n
machinery	n	3	family	pending	2026-10-05	referenced by machine-n
man	interj	3	crossref	pending	2026-10-05	referenced by man-n
managerial	adj	3	family	pending	2026-10-05	referenced by manager-n
manhood	n	3	family	pending	2026-10-05	referenced by man-n
mankind	n	3	crossref	pending	2026-10-05	referenced by man-n
manly	adj	3	family	pending	2026-10-05	referenced by man-n
mannerism	n	3	family	pending	2026-10-05	referenced by manner-n
map	v	3	family	pending	2026-10-05	referenced by map-n
marked	adj	3	family	pending	2026-10-05	referenced by mark-n
marker	n	3	family	pending	2026-10-05	referenced by mark-n
market	v	3	family	pending	2026-10-05	referenced by market-n
marketing	n	3	family	pending	2026-10-05	referenced by market-n; referenced by sale-n
marketplace	n	3	family	pending	2026-10-05	referenced by market-n
mass	adj	3	crossref	pending	2026-10-05	referenced by mass-n
massive	adj	3	family	pending	2026-10-05	referenced by mass-n
material	adj	3	family	pending	2026-10-05	referenced by material-n
materialistic	adj	3	family	pending	2026-10-05	referenced by material-n
pile	n	3	crossref	pending	2026-10-05	referenced by mass-n; referenced by mountain-n
spot	n	3	crossref	pending	2026-10-05	referenced by mark-n; referenced by place-n
supermarket	n	3	crossref	pending	2026-10-05	referenced by market-n
well mannered	adj	3	family	pending	2026-10-05	referenced by manner-n
equal	n	3	crossref	pending	2026-10-05	referenced by match-n
matching	adj	3	family	pending	2026-10-05	referenced by match-n
mealtime	n	3	family	pending	2026-10-05	referenced by meal-n
meaningless	adj	3	family	pending	2026-10-05	referenced by meaning-n
measurable	adj	3	family	pending	2026-10-05	referenced by measure-n
meaty	adj	3	family	pending	2026-10-05	referenced by meat-n
medicinal	adj	3	family	pending	2026-10-05	referenced by medicine-n
membership	n	3	family	pending	2026-10-05	referenced by member-n
memorable	adj	3	family	pending	2026-10-05	referenced by memory-n
mismatch	n	3	family	pending	2026-10-05	referenced by match-n
last minute	adj	3	family	pending	2026-10-05	referenced by minute-n
medal	n	3	crossref	pending	2026-10-05	referenced by metal-n
message	v	3	family	pending	2026-10-05	referenced by message-n
messenger	n	3	family	pending	2026-10-05	referenced by message-n
metallic	adj	3	family	pending	2026-10-05	referenced by metal-n
metalwork	n	3	family	pending	2026-10-05	referenced by metal-n
methodical	adj	3	family	pending	2026-10-05	referenced by method-n
methodology	n	3	family	pending	2026-10-05	referenced by method-n
midday	n	3	crossref	pending	2026-10-05	referenced by midnight-n; referenced by noon-n
middle	adj	3	family	pending	2026-10-05	referenced by middle-n
middle aged	adj	3	family	pending	2026-10-05	referenced by middle-n
milk	v	3	family	pending	2026-10-05	referenced by milk-n
milkshake	n	3	family	pending	2026-10-05	referenced by milk-n
milky	adj	3	family	pending	2026-10-05	referenced by milk-n
mindful	adj	3	family	pending	2026-10-05	referenced by mind-n
mindless	adj	3	family	pending	2026-10-05	referenced by mind-n
ministerial	adj	3	family	pending	2026-10-05	referenced by minister-n
ministry	n	3	family	pending	2026-10-05	referenced by minister-n
mirror	v	3	family	pending	2026-10-05	referenced by mirror-n
open minded	adj	3	family	pending	2026-10-05	referenced by mind-n
prime minister	n	3	crossref	pending	2026-10-05	referenced by minister-n
secretary	n	3	crossref	pending	2026-10-05	referenced by minister-n
technique	n	3	crossref	pending	2026-10-05	referenced by method-n; referenced by process-n
shiny	n	3	closure	duplicate	2026-10-05	used in metal-n senses[0].definition; pos guessed (no morphological signal), check before claiming; pos guessed; real word is shiny-adj, drafted 2026-10-06
instant	n	3	crossref	pending	2026-10-05	referenced by moment-n
mistaken	adj	3	family	pending	2026-10-05	referenced by mistake-n
mistakenly	adv	3	family	pending	2026-10-05	referenced by mistake-n
mom	n	3	family	pending	2026-10-05	referenced by mother-n
momentarily	adv	3	family	pending	2026-10-05	referenced by moment-n
momentary	adj	3	family	pending	2026-10-05	referenced by moment-n
monthly	adv	3	family	pending	2026-10-05	referenced by month-n
moody	adj	3	family	pending	2026-10-05	referenced by mood-n
moonlight	n	3	family	pending	2026-10-05	referenced by moon-n
moonlit	adj	3	family	pending	2026-10-05	referenced by moon-n
mother in law	n	3	family	pending	2026-10-05	referenced by mother-n
motherhood	n	3	family	pending	2026-10-05	referenced by mother-n
motherly	adj	3	family	pending	2026-10-05	referenced by mother-n
mountaineer	n	3	family	pending	2026-10-05	referenced by mountain-n
mountaineering	n	3	family	pending	2026-10-05	referenced by mountain-n
mountainous	adj	3	family	pending	2026-10-05	referenced by mountain-n
mouth	v	3	family	pending	2026-10-05	referenced by mouth-n
mouthful	n	3	family	pending	2026-10-05	referenced by mouth-n
mouthwash	n	3	family	pending	2026-10-05	referenced by mouth-n
mum	n	3	family	pending	2026-10-05	referenced by mother-n
rat	n	3	crossref	pending	2026-10-05	referenced by mouse-n
january	n	3	closure	done	2026-10-05	used in month-n senses[0].definition; pos guessed (no morphological signal), check before claiming
june	n	3	closure	done	2026-10-05	used in month-n senses[0].definition; pos guessed (no morphological signal), check before claiming
rocky	n	3	closure	duplicate	2026-10-05	used in mountain-n senses[0].definition; pos guessed (no morphological signal), check before claiming; pos guessed; real word is rocky-adj, drafted 2026-10-06
homicide	n	3	crossref	pending	2026-10-05	referenced by murder-n
manslaughter	n	3	crossref	pending	2026-10-05	referenced by murder-n
motorboat	n	3	family	pending	2026-10-05	referenced by motor-n
motorist	n	3	family	pending	2026-10-05	referenced by motor-n
muddy	adj	3	family	pending	2026-10-05	referenced by mud-n
murderer	n	3	family	pending	2026-10-05	referenced by murder-n
murderous	adj	3	family	pending	2026-10-05	referenced by murder-n
muscle	v	3	family	pending	2026-10-05	referenced by muscle-n
musical	n	3	family	pending	2026-10-05	referenced by music-n
history	n	3	closure	done	2026-10-05	used in museum-n senses[0].definition; pos guessed (no morphological signal), check before claiming
celebrity	n	3	crossref	pending	2026-10-06	referenced by name-n; referenced by personality-n; referenced by star-n
environment	n	3	crossref	pending	2026-10-06	referenced by nature-n
nameless	adj	3	family	pending	2026-10-06	referenced by name-n
namely	adv	3	family	pending	2026-10-06	referenced by name-n
nationalism	n	3	family	pending	2026-10-06	referenced by nation-n
nationality	n	3	crossref	pending	2026-10-06	referenced by nation-n
nationwide	adj	3	family	pending	2026-10-06	referenced by nation-n
neckline	n	3	family	pending	2026-10-06	referenced by neck-n
necktie	n	3	family	pending	2026-10-06	referenced by neck-n
needless	adj	3	family	pending	2026-10-06	referenced by need-n
needlessly	adv	3	family	pending	2026-10-06	referenced by need-n
needy	adj	3	family	pending	2026-10-06	referenced by need-n
neighboring	adj	3	family	pending	2026-10-06	referenced by neighbor-n
neighborly	adj	3	family	pending	2026-10-06	referenced by neighbor-n
nerve racking	adj	3	family	pending	2026-10-06	referenced by nerve-n
nervously	adv	3	family	pending	2026-10-06	referenced by nerve-n
nervousness	n	3	family	pending	2026-10-06	referenced by nerve-n
network	v	3	family	pending	2026-10-06	referenced by network-n
networking	n	3	family	pending	2026-10-06	referenced by network-n
nickname	n	3	crossref	pending	2026-10-06	referenced by name-n
nightly	adj	3	family	pending	2026-10-06	referenced by night-n
noiseless	adj	3	family	pending	2026-10-06	referenced by noise-n
noisily	adv	3	family	pending	2026-10-06	referenced by noise-n
overnight	adv	3	family	pending	2026-10-06	referenced by night-n
quiet	n	3	crossref	pending	2026-10-06	referenced by noise-n
supernatural	adj	3	family	pending	2026-10-06	referenced by nature-n
surname	n	3	crossref	pending	2026-10-06	referenced by name-n
tonight	adv	3	family	pending	2026-10-06	referenced by night-n
unnatural	adj	3	family	pending	2026-10-06	referenced by nature-n
bone-dry	adj	3	crossref	pending	2026-10-06	
bone dry	adj	3	family	pending	2026-10-06	referenced by bone-n
bid	n	3	crossref	pending	2026-10-06	referenced by offer-n
bolt	n	3	crossref	pending	2026-10-06	referenced by nut-n
footnote	n	3	family	pending	2026-10-06	referenced by note-n
memo	n	3	crossref	pending	2026-10-06	referenced by note-n
nose	v	3	family	pending	2026-10-06	referenced by nose-n
nosebleed	n	3	family	pending	2026-10-06	referenced by nose-n
nostril	n	3	family	pending	2026-10-06	referenced by nose-n
nosy	adj	3	family	pending	2026-10-06	referenced by nose-n
notebook	n	3	crossref	pending	2026-10-06	referenced by note-n
noted	adj	3	family	pending	2026-10-06	referenced by note-n
novelist	n	3	family	pending	2026-10-06	referenced by novel-n
number	v	3	family	pending	2026-10-06	referenced by number-n
numeral	n	3	family	pending	2026-10-06	referenced by number-n
numerical	adj	3	family	pending	2026-10-06	referenced by number-n
numerous	adj	3	family	pending	2026-10-06	referenced by number-n
nurse	v	3	family	pending	2026-10-06	referenced by nurse-n
nursery	n	3	family	pending	2026-10-06	referenced by nurse-n
nursing	n	3	family	pending	2026-10-06	referenced by nurse-n
nuts	adj	3	family	pending	2026-10-06	referenced by nut-n
nutshell	n	3	family	pending	2026-10-06	referenced by nut-n
nutty	adj	3	family	pending	2026-10-06	referenced by nut-n
object	v	3	family	pending	2026-10-06	referenced by object-n
objection	n	3	family	pending	2026-10-06	referenced by object-n; referenced by protest-n
oceanic	adj	3	family	pending	2026-10-06	referenced by ocean-n
offering	n	3	family	pending	2026-10-06	referenced by offer-n
officially	adv	3	family	pending	2026-10-06	referenced by office-n; referenced by official-n
peanut	n	3	family	pending	2026-10-06	referenced by nut-n
proposal	n	3	crossref	pending	2026-10-06	referenced by offer-n; referenced by suggestion-n
screw	n	3	crossref	pending	2026-10-06	referenced by nut-n
walnut	n	3	family	pending	2026-10-06	referenced by nut-n
annoy	v	3	crossref	pending	2026-10-06	referenced by bug-v
butter up	phrv	3	crossref	pending	2026-10-06	referenced by butter-v
capitalization	n	3	family	pending	2026-10-06	referenced by capitalize-v
december	n	3	crossref	pending	2026-10-06	referenced by january-n
exploit	v	3	crossref	pending	2026-10-06	referenced by capitalize-v
february	n	3	crossref	pending	2026-10-06	referenced by january-n
historian	n	3	family	pending	2026-10-06	referenced by history-n
historical	adj	3	family	pending	2026-10-06	referenced by history-n
july	n	3	crossref	pending	2026-10-06	referenced by june-n
prehistoric	adj	3	family	pending	2026-10-06	referenced by history-n
command	n	3	crossref	pending	2026-10-06	referenced by order-n
deck	n	3	crossref	pending	2026-10-06	referenced by pack-n
mess	n	3	crossref	pending	2026-10-06	referenced by order-n
oil	v	3	family	pending	2026-10-06	referenced by oil-n
oily	adj	3	family	pending	2026-10-06	referenced by oil-n
operational	adj	3	family	pending	2026-10-06	referenced by operation-n
opinionated	adj	3	family	pending	2026-10-06	referenced by opinion-n
opportunist	n	3	family	pending	2026-10-06	referenced by opportunity-n
opportunistic	adj	3	family	pending	2026-10-06	referenced by opportunity-n
organism	n	3	family	pending	2026-10-06	referenced by organ-n
organist	n	3	family	pending	2026-10-06	referenced by organ-n
outside	adj	3	family	pending	2026-10-06	referenced by outside-n
outsider	n	3	family	pending	2026-10-06	referenced by outside-n
ovenproof	adj	3	family	pending	2026-10-06	referenced by oven-n
page	v	3	family	pending	2026-10-06	referenced by page-n
pager	n	3	family	pending	2026-10-06	referenced by page-n
petroleum	n	3	crossref	pending	2026-10-06	referenced by oil-n
sequence	n	3	crossref	pending	2026-10-06	referenced by order-n
essay	n	3	crossref	pending	2026-10-06	referenced by paper-n
jeans	n	3	crossref	pending	2026-10-06	referenced by pants-n
nuisance	n	3	crossref	pending	2026-10-06	referenced by pain-n
pain	v	3	family	pending	2026-10-06	referenced by pain-n
painless	adj	3	family	pending	2026-10-06	referenced by pain-n
paintbrush	n	3	family	pending	2026-10-06	referenced by paint-n
pair	v	3	family	pending	2026-10-06	referenced by pair-n
paper	v	3	family	pending	2026-10-06	referenced by paper-n
paperback	n	3	family	pending	2026-10-06	referenced by paper-n
paperwork	n	3	family	pending	2026-10-06	referenced by paper-n
parental	adj	3	family	pending	2026-10-06	referenced by parent-n
parenthood	n	3	family	pending	2026-10-06	referenced by parent-n
parenting	n	3	family	pending	2026-10-06	referenced by parent-n
parliamentarian	n	3	family	pending	2026-10-06	referenced by parliament-n
parliamentary	adj	3	family	pending	2026-10-06	referenced by parliament-n
part	v	3	family	pending	2026-10-06	referenced by part-n
partial	adj	3	family	pending	2026-10-06	referenced by part-n
parting	n	3	family	pending	2026-10-06	referenced by part-n
section	n	3	crossref	done	2026-10-06	referenced by paragraph-n
shorts	n	3	crossref	pending	2026-10-06	referenced by pants-n
underpants	n	3	crossref	pending	2026-10-06	referenced by pants-n
sections	n	3	closure	duplicate	2026-10-06	used in part-n senses[0].definition; pos guessed (no morphological signal), check before claiming; plural of section; lemma claimed 2026-10-07
footpath	n	3	family	pending	2026-10-06	referenced by path-n
impatience	n	3	crossref	pending	2026-10-06	referenced by patience-n
partner	v	3	family	pending	2026-10-06	referenced by partner-n
partnership	n	3	family	pending	2026-10-06	referenced by partner-n
party	v	3	family	pending	2026-10-06	referenced by party-n
partygoer	n	3	family	pending	2026-10-06	referenced by party-n
passionate	adj	3	family	pending	2026-10-06	referenced by passion-n
passionately	adv	3	family	pending	2026-10-06	referenced by passion-n
past	adv	3	family	pending	2026-10-06	referenced by past-n
patiently	adv	3	family	pending	2026-10-06	referenced by patience-n
pattern	v	3	family	pending	2026-10-06	referenced by pattern-n
secret	n	3	crossref	pending	2026-10-06	referenced by password-n
solitaire	n	3	crossref	pending	2026-10-06	referenced by patience-n
trail	n	3	crossref	pending	2026-10-06	referenced by path-n
peaceful	adj	3	family	pending	2026-10-06	referenced by peace-n
peacefully	adv	3	family	pending	2026-10-06	referenced by peace-n
perfume	v	3	family	pending	2026-10-06	referenced by perfume-n
perfumed	adj	3	family	pending	2026-10-06	referenced by perfume-n
period	interj	3	crossref	pending	2026-10-06	referenced by period-n
periodic	adj	3	family	pending	2026-10-06	referenced by period-n
pet	adj	3	crossref	pending	2026-10-06	referenced by pet-n
pet	v	3	family	pending	2026-10-06	referenced by pet-n
photograph	v	3	family	pending	2026-10-06	referenced by photograph-n
photographer	n	3	family	pending	2026-10-06	referenced by photograph-n
photography	n	3	family	pending	2026-10-06	referenced by photograph-n
piglet	n	3	family	pending	2026-10-06	referenced by pig-n
repayment	n	3	family	pending	2026-10-06	referenced by payment-n
drama	n	3	crossref	pending	2026-10-06	referenced by play-n
pilot	adj	3	crossref	pending	2026-10-06	referenced by pilot-n
pilot	v	3	family	pending	2026-10-06	referenced by pilot-n
pipe	v	3	family	pending	2026-10-06	referenced by pipe-n
pipeline	n	3	family	pending	2026-10-06	referenced by pipe-n
pitiful	adj	3	family	pending	2026-10-06	referenced by pity-n
pity	v	3	family	pending	2026-10-06	referenced by pity-n
plastic	adj	3	family	pending	2026-10-06	referenced by plastic-n
replace	v	3	family	pending	2026-10-06	referenced by place-n
impossibility	n	3	family	pending	2026-10-06	referenced by possibility-n
location	n	3	crossref	pending	2026-10-06	referenced by position-n; referenced by situation-n
pickpocket	n	3	family	pending	2026-10-06	referenced by pocket-n
pleasurable	adj	3	family	pending	2026-10-06	referenced by pleasure-n
pocket	v	3	family	pending	2026-10-06	referenced by pocket-n
pointed	adj	3	family	pending	2026-10-06	referenced by point-n
pointer	n	3	family	pending	2026-10-06	referenced by point-n
pointless	adj	3	family	pending	2026-10-06	referenced by point-n
poison	v	3	family	pending	2026-10-06	referenced by poison-n
poisoning	n	3	family	pending	2026-10-06	referenced by poison-n
politically	adv	3	family	pending	2026-10-06	referenced by politics-n
position	v	3	family	pending	2026-10-06	referenced by position-n
positional	adj	3	family	pending	2026-10-06	referenced by position-n
potential	n	3	crossref	pending	2026-10-06	referenced by possibility-n; referenced by promise-n
puddle	n	3	crossref	pending	2026-10-06	referenced by pool-n
starboard	n	3	crossref	pending	2026-10-06	referenced by port-n
pins	n	3	closure	duplicate	2026-10-06	used in plug-n senses[0].definition; pos guessed (no morphological signal), check before claiming; plural of pin; lemma claimed 2026-10-07
chip	n	3	crossref	pending	2026-10-06	referenced by potato-n
empower	v	3	family	pending	2026-10-06	referenced by power-n
postage	n	3	family	pending	2026-10-06	referenced by post-n
postal	adj	3	family	pending	2026-10-06	referenced by post-n
pot	v	3	family	pending	2026-10-06	referenced by pot-n
pottery	n	3	family	pending	2026-10-06	referenced by pot-n; referenced by clay-n
powder	v	3	family	pending	2026-10-06	referenced by powder-n
powdered	adj	3	family	pending	2026-10-06	referenced by powder-n
powdery	adj	3	family	pending	2026-10-06	referenced by powder-n
power	v	3	family	pending	2026-10-06	referenced by power-n
powerless	adj	3	family	pending	2026-10-06	referenced by power-n
practitioner	n	3	family	pending	2026-10-06	referenced by practice-n
presentation	n	3	family	pending	2026-10-06	referenced by present-n
preside	v	3	family	pending	2026-10-06	referenced by president-n
presidency	n	3	family	pending	2026-10-06	referenced by president-n
presidential	adj	3	family	pending	2026-10-06	referenced by president-n
price	v	3	family	pending	2026-10-06	referenced by price-n
priceless	adj	3	family	pending	2026-10-06	referenced by price-n
pricey	adj	3	family	pending	2026-10-06	referenced by price-n
pride	v	3	family	pending	2026-10-06	referenced by pride-n
teapot	n	3	family	pending	2026-10-06	referenced by pot-n
cheesy	adj	3	family	pending	2026-10-06	referenced by cheese-n
prize	adj	3	crossref	pending	2026-10-07	referenced by prize-n
award	n	3	crossref	pending	2026-10-07	referenced by prize-n
by product	n	3	family	pending	2026-10-07	referenced by product-n
captive	n	3	crossref	pending	2026-10-07	referenced by prisoner-n
imprison	v	3	family	pending	2026-10-07	referenced by prison-n
imprisonment	n	3	family	pending	2026-10-07	referenced by prison-n
monk	n	3	crossref	pending	2026-10-07	referenced by priest-n
nonprofit	adj	3	family	pending	2026-10-07	referenced by profit-n
priestess	n	3	family	pending	2026-10-07	referenced by priest-n
priesthood	n	3	family	pending	2026-10-07	referenced by priest-n
priestly	adj	3	family	pending	2026-10-07	referenced by priest-n
prize	v	3	family	pending	2026-10-07	referenced by prize-n
prize winning	adj	3	family	pending	2026-10-07	referenced by prize-n
prizewinner	n	3	family	pending	2026-10-07	referenced by prize-n
problematic	adj	3	family	pending	2026-10-07	referenced by problem-n
procedure	n	3	crossref	pending	2026-10-07	referenced by process-n
process	v	3	family	pending	2026-10-07	referenced by process-n
processing	n	3	family	pending	2026-10-07	referenced by process-n
processor	n	3	family	pending	2026-10-07	referenced by process-n
productive	adj	3	family	pending	2026-10-07	referenced by product-n
professional	n	3	family	pending	2026-10-07	referenced by profession-n
professionally	adv	3	family	pending	2026-10-07	referenced by profession-n
profit	v	3	family	pending	2026-10-07	referenced by profit-n
profitably	adv	3	family	pending	2026-10-07	referenced by profit-n
program	v	3	family	pending	2026-10-07	referenced by program-n; referenced by code-v
programmer	n	3	family	pending	2026-10-07	referenced by program-n
programming	n	3	family	pending	2026-10-07	referenced by program-n
progress	v	3	family	pending	2026-10-07	referenced by progress-n
progression	n	3	family	pending	2026-10-07	referenced by progress-n
progressive	adj	3	family	pending	2026-10-07	referenced by progress-n
puzzle	n	3	crossref	pending	2026-10-07	referenced by problem-n
scheme	n	3	crossref	pending	2026-10-07	referenced by program-n
education	n	3	closure	done	2026-10-07	used in profession-n senses[0].definition; pos guessed (no morphological signal), check before claiming
instructions	n	3	closure	duplicate	2026-10-07	used in program-n senses[0].definition; pos guessed (no morphological signal), check before claiming; plural of instruction; lemma claimed 2026-10-07
churchgoer	n	3	family	pending	2026-10-07	referenced by church-n
churchyard	n	3	family	pending	2026-10-07	referenced by church-n
complaint	n	3	crossref	pending	2026-10-07	referenced by protest-n
determination	n	3	crossref	pending	2026-10-07	referenced by purpose-n
guarantee	n	3	crossref	pending	2026-10-07	referenced by promise-n
oath	n	3	crossref	pending	2026-10-07	referenced by promise-n
penalty	n	3	crossref	pending	2026-10-07	referenced by punishment-n
princess	n	3	crossref	pending	2026-10-07	referenced by queen-n
protector	n	3	family	pending	2026-10-07	referenced by protection-n
protester	n	3	family	pending	2026-10-07	referenced by protest-n
publicity	n	3	family	pending	2026-10-07	referenced by public-n
publicly	adv	3	family	pending	2026-10-07	referenced by public-n
punishing	adj	3	family	pending	2026-10-07	referenced by punishment-n
purpose built	adj	3	family	pending	2026-10-07	referenced by purpose-n
purposeful	adj	3	family	pending	2026-10-07	referenced by purpose-n
purposely	adv	3	family	pending	2026-10-07	referenced by purpose-n
purse	v	3	family	pending	2026-10-07	referenced by purse-n
quarterfinal	n	3	family	pending	2026-10-07	referenced by quarter-n
quarterly	adj	3	family	pending	2026-10-07	referenced by quarter-n
quarterly	adv	3	family	pending	2026-10-07	referenced by quarter-n
queenly	adj	3	family	pending	2026-10-07	referenced by queen-n
questioning	adj	3	family	pending	2026-10-07	referenced by question-n
third	n	3	crossref	pending	2026-10-07	referenced by quarter-n
trait	n	3	crossref	pending	2026-10-07	referenced by quality-n
pin	n	3	closure	done	2026-10-07	lemma of pins (used in plug-n)
brooch	n	3	crossref	pending	2026-10-07	referenced by pin-n
cash in	phrv	3	crossref	pending	2026-10-07	referenced by cash-v
educate	v	3	family	pending	2026-10-07	referenced by education-n
educated	adj	3	family	pending	2026-10-07	referenced by education-n
educational	adj	3	family	pending	2026-10-07	referenced by education-n
educator	n	3	family	pending	2026-10-07	referenced by education-n
encode	v	3	crossref	pending	2026-10-07	referenced by code-v
instructive	adj	3	family	pending	2026-10-07	referenced by instruction-n
instructor	n	3	family	pending	2026-10-07	referenced by instruction-n
label	v	3	crossref	pending	2026-10-07	referenced by code-v
pin	v	3	family	pending	2026-10-07	referenced by pin-n
schooling	n	3	crossref	pending	2026-10-07	referenced by education-n; referenced by school-n
section	v	3	family	pending	2026-10-07	referenced by section-n
sectional	adj	3	family	pending	2026-10-07	referenced by section-n
first-rate	adj	3	crossref	pending	2026-10-07	split out of rate-n phrases 2026-10-07
grounds	n	3	crossref	pending	2026-10-07	referenced by reason-n
logic	n	3	crossref	pending	2026-10-07	referenced by reason-n
pace	n	3	crossref	pending	2026-10-07	referenced by rate-n; referenced by speed-n
radio	v	3	family	pending	2026-10-07	referenced by radio-n
railing	n	3	crossref	pending	2026-10-07	referenced by rail-n
railroad	n	3	family	pending	2026-10-07	referenced by rail-n
rainfall	n	3	family	pending	2026-10-07	referenced by rain-n
range	v	3	family	pending	2026-10-07	referenced by range-n
rate	v	3	family	pending	2026-10-07	referenced by rate-n
rating	n	3	family	pending	2026-10-07	referenced by rate-n
readership	n	3	family	pending	2026-10-07	referenced by reader-n
relations	n	3	crossref	pending	2026-10-07	referenced by relationship-n
variety	n	3	crossref	pending	2026-10-07	referenced by range-n
seaside	n	3	crossref	pending	2026-10-07	referenced by coast-n; referenced by sea-n
cafeteria	n	3	crossref	pending	2026-10-07	referenced by restaurant-n
delegate	n	3	crossref	pending	2026-10-07	referenced by representative-n
disrepair	n	3	family	pending	2026-10-07	referenced by repair-n
disrespect	n	3	crossref	pending	2026-10-07	referenced by respect-n
maintenance	n	3	crossref	pending	2026-10-07	referenced by repair-n
relieve	v	3	family	pending	2026-10-07	referenced by relief-n
religiously	adv	3	family	pending	2026-10-07	referenced by religion-n
rental	n	3	family	pending	2026-10-07	referenced by rent-n
renter	n	3	family	pending	2026-10-07	referenced by rent-n
report card	n	3	crossref	pending	2026-10-07	referenced by report-n
representative	adj	3	family	pending	2026-10-07	referenced by representative-n
communal	adj	3	family	pending	2026-10-07	referenced by community-n
contrast	n	3	crossref	pending	2026-10-07	referenced by comparison-n
left	n	3	crossref	pending	2026-10-07	referenced by right-n
rhythmic	adj	3	family	pending	2026-10-07	referenced by rhythm-n
rhythmically	adv	3	family	pending	2026-10-07	referenced by rhythm-n
rightful	adj	3	family	pending	2026-10-07	referenced by right-n
rightly	adv	3	family	pending	2026-10-07	referenced by right-n
risky	adj	3	family	pending	2026-10-07	referenced by risk-n
roadside	n	3	family	pending	2026-10-07	referenced by road-n
roomy	adj	3	family	pending	2026-10-07	referenced by room-n
root	v	3	family	pending	2026-10-07	referenced by root-n
wrong	n	3	crossref	pending	2026-10-07	referenced by right-n
auction	n	3	crossref	pending	2026-10-07	referenced by sale-n
condom	n	3	crossref	pending	2026-10-07	referenced by rubber-n
cord	n	3	crossref	pending	2026-10-07	referenced by rope-n; used in string-n senses[0].definition; pos guessed (no morphological signal), check before claiming
en route	adv	3	crossref	pending	2026-10-07	referenced by route-n
eraser	n	3	crossref	pending	2026-10-07	referenced by rubber-n
mat	n	3	crossref	pending	2026-10-07	referenced by rug-n
norm	n	3	crossref	pending	2026-10-07	referenced by rule-n
principle	n	3	crossref	pending	2026-10-07	referenced by rule-n
purchase	n	3	crossref	pending	2026-10-07	referenced by sale-n
rope	v	3	family	pending	2026-10-07	referenced by rope-n
route	v	3	family	pending	2026-10-07	referenced by route-n
rubber band	n	3	crossref	pending	2026-10-07	referenced by rubber-n
rubbery	adj	3	family	pending	2026-10-07	referenced by rubber-n
ruined	adj	3	family	pending	2026-10-07	referenced by ruin-n
ruinous	adj	3	family	pending	2026-10-07	referenced by ruin-n
sailboat	n	3	family	pending	2026-10-07	referenced by sail-n
salaried	adj	3	family	pending	2026-10-07	referenced by salary-n
salesman	n	3	family	pending	2026-10-07	referenced by sale-n
salt	v	3	family	pending	2026-10-07	referenced by salt-n
salted	adj	3	family	pending	2026-10-07	referenced by salt-n
unsafe	adj	3	family	pending	2026-10-07	referenced by safety-n
unsalted	adj	3	family	pending	2026-10-07	referenced by salt-n
wig	n	3	crossref	pending	2026-10-07	referenced by rug-n
prepare	n	3	closure	duplicate	2026-10-07	used in scene-n phrases[1].definition; pos guessed (no morphological signal), check before claiming; verb, not noun: scene-n uses 'prepare' as a verb; queued prepare|v (2026-10-07)
agenda	n	3	crossref	pending	2026-10-07	referenced by schedule-n
dissatisfaction	n	3	crossref	pending	2026-10-07	referenced by satisfaction-n
full scale	adj	3	family	pending	2026-10-07	referenced by scale-n
fuss	n	3	crossref	pending	2026-10-07	referenced by scene-n
hunt	n	3	crossref	pending	2026-10-07	referenced by search-n
ketchup	n	3	crossref	pending	2026-10-07	referenced by sauce-n
large scale	adj	3	family	pending	2026-10-07	referenced by scale-n
monitor	n	3	crossref	pending	2026-10-07	referenced by screen-n
partition	n	3	crossref	pending	2026-10-07	referenced by screen-n
preschool	n	3	family	pending	2026-10-07	referenced by school-n
quest	n	3	crossref	pending	2026-10-07	referenced by search-n
sand	v	3	family	pending	2026-10-07	referenced by sand-n
saucy	adj	3	family	pending	2026-10-07	referenced by sauce-n
scale	v	3	family	pending	2026-10-07	referenced by scale-n
scenery	n	3	crossref	pending	2026-10-07	referenced by scene-n
scheduled	adj	3	family	pending	2026-10-07	referenced by schedule-n
schoolchild	n	3	family	pending	2026-10-07	referenced by school-n
schoolteacher	n	3	family	pending	2026-10-07	referenced by school-n
scientifically	adv	3	family	pending	2026-10-07	referenced by science-n
scientist	n	3	family	pending	2026-10-07	referenced by science-n
scoreboard	n	3	family	pending	2026-10-07	referenced by score-n
screen	v	3	family	pending	2026-10-07	referenced by screen-n
screening	n	3	family	pending	2026-10-07	referenced by screen-n
screenshot	n	3	family	pending	2026-10-07	referenced by screen-n
searcher	n	3	family	pending	2026-10-07	referenced by search-n
searching	adj	3	family	pending	2026-10-07	referenced by search-n
seashore	n	3	family	pending	2026-10-07	referenced by sea-n
seaweed	n	3	family	pending	2026-10-07	referenced by sea-n
site	n	3	crossref	pending	2026-10-07	referenced by scene-n
small scale	adj	3	family	pending	2026-10-07	referenced by scale-n
prepare	v	2	closure	done	2026-10-07	used in scene-n phrases[1].definition; row prepare|n was a pos guess
air conditioned	adj	3	crossref	pending	2026-10-07	referenced by condition-v
carpeting	n	3	family	pending	2026-10-07	referenced by carpet-v
characterization	n	3	family	pending	2026-10-07	referenced by characterize-v
clash	v	3	crossref	pending	2026-10-07	referenced by conflict-v
club together	phrv	3	crossref	pending	2026-10-07	referenced by club-v
coinage	n	3	family	pending	2026-10-07	referenced by coin-v
computerization	n	3	family	pending	2026-10-07	referenced by computerize-v
computerized	adj	3	family	pending	2026-10-07	referenced by computerize-v
conditioning	n	3	family	pending	2026-10-07	referenced by condition-v
confidant	n	3	family	pending	2026-10-07	referenced by confide-v
contradict	v	3	crossref	pending	2026-10-07	referenced by conflict-v
determine	v	3	crossref	pending	2026-10-07	referenced by condition-v
digitize	v	3	crossref	pending	2026-10-07	referenced by computerize-v
mint	v	3	crossref	pending	2026-10-07	referenced by coin-v
preparation	n	3	family	pending	2026-10-07	referenced by prepare-v
preparatory	adj	3	family	pending	2026-10-07	referenced by prepare-v
prepared	adj	3	crossref	pending	2026-10-07	referenced by prepare-v
invent	adj	3	closure	duplicate	2026-10-07	used in coin-v senses[0].definition; closure row for coin-v; the word is invent-v
bestseller	n	3	family	pending	2026-10-07	referenced by seller-n
clause	n	3	crossref	pending	2026-10-07	referenced by sentence-n
insecurity	n	3	crossref	pending	2026-10-07	referenced by security-n
pit	n	3	crossref	pending	2026-10-07	referenced by seed-n; referenced by stone-n
season	v	3	family	pending	2026-10-07	referenced by season-n
seasonal	adj	3	family	pending	2026-10-07	referenced by season-n
seating	n	3	family	pending	2026-10-07	referenced by seat-n
secure	v	3	family	pending	2026-10-07	referenced by security-n
seed	v	3	family	pending	2026-10-07	referenced by seed-n
seedless	adj	3	family	pending	2026-10-07	referenced by seed-n
seedling	n	3	family	pending	2026-10-07	referenced by seed-n
senseless	adj	3	family	pending	2026-10-07	referenced by sense-n
series	n	3	crossref	pending	2026-10-07	referenced by season-n; referenced by string-n
servant	n	3	family	pending	2026-10-07	referenced by service-n
serve	n	3	crossref	pending	2026-10-07	referenced by service-n
service	v	3	family	pending	2026-10-07	referenced by service-n
sexual	adj	3	family	pending	2026-10-07	referenced by sex-n
sexuality	n	3	family	pending	2026-10-07	referenced by sex-n
sexy	adj	3	family	pending	2026-10-07	referenced by sex-n
shade	v	3	family	pending	2026-10-07	referenced by shade-n
shady	adj	3	family	pending	2026-10-07	referenced by shade-n
vendor	n	3	crossref	pending	2026-10-07	referenced by seller-n
blouse	n	3	crossref	pending	2026-10-07	referenced by shirt-n
disgrace	n	3	crossref	pending	2026-10-07	referenced by shame-n
embarrassment	n	3	crossref	pending	2026-10-07	referenced by shame-n
shadow	v	3	family	pending	2026-10-07	referenced by shadow-n
shadowy	adj	3	family	pending	2026-10-07	referenced by shadow-n
shame	v	3	family	pending	2026-10-07	referenced by shame-n
shameful	adj	3	family	pending	2026-10-07	referenced by shame-n
shameless	adj	3	family	pending	2026-10-07	referenced by shame-n
shapeless	adj	3	family	pending	2026-10-07	referenced by shape-n
sheepish	adj	3	family	pending	2026-10-07	referenced by sheep-n
shell	v	3	family	pending	2026-10-07	referenced by shell-n
ship	v	3	family	pending	2026-10-07	referenced by ship-n
shipment	n	3	family	pending	2026-10-07	referenced by ship-n
shipping	n	3	family	pending	2026-10-07	referenced by ship-n
t shirt	n	3	crossref	pending	2026-10-07	referenced by shirt-n
underneath	n	3	closure	duplicate	2026-10-07	used in shoe-n senses[0].definition; pos guessed (no morphological signal), check before claiming; shoe-n uses the adverb; drafted as underneath-adv and underneath-prep
ashore	adv	3	family	pending	2026-10-08	referenced by shore-n
aside	adv	3	crossref	pending	2026-10-08	referenced by side-n
basin	n	3	crossref	pending	2026-10-08	referenced by sink-n
gesture	n	3	crossref	pending	2026-10-08	referenced by sign-n
offshore	adj	3	family	pending	2026-10-08	referenced by shore-n
shopkeeper	n	3	family	pending	2026-10-08	referenced by shop-n
shoreline	n	3	family	pending	2026-10-08	referenced by shore-n
shoulder	v	3	family	pending	2026-10-08	referenced by shoulder-n
showery	adj	3	family	pending	2026-10-08	referenced by shower-n
showy	adj	3	family	pending	2026-10-08	referenced by show-n
side	v	3	family	pending	2026-10-08	referenced by side-n
sightseeing	n	3	crossref	pending	2026-10-08	referenced by sight-n
sign language	n	3	crossref	pending	2026-10-08	referenced by sign-n
signpost	n	3	family	pending	2026-10-08	referenced by sign-n
silence	v	3	family	pending	2026-10-08	referenced by silence-n
silently	adv	3	family	pending	2026-10-08	referenced by silence-n
silky	adj	3	family	pending	2026-10-08	referenced by silk-n
sister in law	n	3	family	pending	2026-10-08	referenced by sister-n
sisterhood	n	3	family	pending	2026-10-08	referenced by sister-n
sisterly	adj	3	family	pending	2026-10-08	referenced by sister-n
grin	n	3	crossref	pending	2026-10-08	referenced by smile-n
odor	n	3	crossref	pending	2026-10-08	referenced by smell-n
situated	adj	3	family	pending	2026-10-08	referenced by situation-n
sizable	adj	3	family	pending	2026-10-08	referenced by size-n
size	v	3	family	pending	2026-10-08	referenced by size-n
skillful	adj	3	family	pending	2026-10-08	referenced by skill-n
skillfully	adv	3	family	pending	2026-10-08	referenced by skill-n
skin	v	3	family	pending	2026-10-08	referenced by skin-n
skinny	adj	3	family	pending	2026-10-08	referenced by skin-n
skirt	v	3	family	pending	2026-10-08	referenced by skirt-n
skyline	n	3	family	pending	2026-10-08	referenced by sky-n
sleepless	adj	3	family	pending	2026-10-08	referenced by sleep-n
snack	v	3	family	pending	2026-10-08	referenced by snack-n
association	n	3	crossref	pending	2026-10-08	referenced by society-n
couch	n	3	crossref	pending	2026-10-08	referenced by sofa-n
snake	v	3	family	pending	2026-10-08	referenced by snake-n
snowball	n	3	family	pending	2026-10-08	referenced by snow-n
snowflake	n	3	family	pending	2026-10-08	referenced by snow-n
snowman	n	3	family	pending	2026-10-08	referenced by snow-n
snowstorm	n	3	family	pending	2026-10-08	referenced by snow-n
soap	v	3	family	pending	2026-10-08	referenced by soap-n
soapy	adj	3	family	pending	2026-10-08	referenced by soap-n
socialize	v	3	family	pending	2026-10-08	referenced by society-n
sociology	n	3	family	pending	2026-10-08	referenced by society-n
soil	v	3	family	pending	2026-10-08	referenced by soil-n
soldier on	phrv	3	crossref	pending	2026-10-08	referenced by soldier-n
son in law	n	3	family	pending	2026-10-08	referenced by son-n
stocking	n	3	crossref	pending	2026-10-08	referenced by sock-n
head-to-head	adj	3	crossref	pending	2026-10-08	
ghost	n	3	crossref	pending	2026-10-08	referenced by spirit-n
liquor	n	3	crossref	pending	2026-10-08	referenced by spirit-n
loudspeaker	n	3	crossref	pending	2026-10-08	referenced by speaker-n
misspell	v	3	family	pending	2026-10-08	referenced by spelling-n
sort out	phrv	3	crossref	pending	2026-10-08	referenced by sort-n
sort	v	3	family	pending	2026-10-08	referenced by sort-n
soulful	adj	3	family	pending	2026-10-08	referenced by soul-n
soulless	adj	3	family	pending	2026-10-08	referenced by soul-n
soulmate	n	3	family	pending	2026-10-08	referenced by soul-n
soundproof	adj	3	family	pending	2026-10-08	referenced by sound-n
soundtrack	n	3	family	pending	2026-10-08	referenced by sound-n
soupy	adj	3	family	pending	2026-10-08	referenced by soup-n
space	v	3	family	pending	2026-10-08	referenced by space-n
spacecraft	n	3	family	pending	2026-10-08	referenced by space-n
spaceship	n	3	family	pending	2026-10-08	referenced by space-n
spark	v	3	family	pending	2026-10-08	referenced by spark-n
speechless	adj	3	family	pending	2026-10-08	referenced by speech-n
speed	v	3	family	pending	2026-10-08	referenced by speed-n
speeding	n	3	family	pending	2026-10-08	referenced by speed-n
speedy	adj	3	family	pending	2026-10-08	referenced by speed-n
spirited	adj	3	family	pending	2026-10-08	referenced by spirit-n
spoon	v	3	family	pending	2026-10-08	referenced by spoon-n
spoonful	n	3	crossref	pending	2026-10-08	referenced by spoon-n
tablespoon	n	3	family	pending	2026-10-08	referenced by spoon-n; referenced by table-n
teaspoon	n	3	family	pending	2026-10-08	referenced by spoon-n
sound	adj	2	crossref	pending	2026-10-08	healthy, sensible (safe and sound); named in sound-n usage note
announcement	n	3	crossref	pending	2026-10-08	referenced by statement-n
backstage	adv	3	family	pending	2026-10-08	referenced by stage-n
bedspread	n	3	crossref	pending	2026-10-08	referenced by spread-n
channel	n	3	crossref	pending	2026-10-08	referenced by station-n
overstatement	n	3	family	pending	2026-10-08	referenced by statement-n
phase	n	3	crossref	pending	2026-10-08	referenced by stage-n
rectangle	n	3	crossref	pending	2026-10-08	referenced by square-n
remark	n	3	crossref	pending	2026-10-08	referenced by statement-n
sporting	adj	3	family	pending	2026-10-08	referenced by sport-n
sportsman	n	3	family	pending	2026-10-08	referenced by sport-n
sportswoman	n	3	family	pending	2026-10-08	referenced by sport-n
sporty	adj	3	family	pending	2026-10-08	referenced by sport-n
spring	v	3	family	pending	2026-10-08	referenced by spring-n
springtime	n	3	family	pending	2026-10-08	referenced by spring-n
springy	adj	3	family	pending	2026-10-08	referenced by spring-n
square	v	3	family	pending	2026-10-08	referenced by square-n
squarely	adv	3	family	pending	2026-10-08	referenced by square-n
staff	v	3	family	pending	2026-10-08	referenced by staff-n
staffing	n	3	family	pending	2026-10-08	referenced by staff-n
stage	v	3	family	pending	2026-10-08	referenced by stage-n
stair	n	3	family	pending	2026-10-08	referenced by stairs-n
staircase	n	3	crossref	pending	2026-10-08	referenced by stairs-n
standardize	v	3	family	pending	2026-10-08	referenced by standard-n
star	v	3	family	pending	2026-10-08	referenced by star-n
stardom	n	3	family	pending	2026-10-08	referenced by star-n
starry	adj	3	family	pending	2026-10-08	referenced by star-n
statesman	n	3	family	pending	2026-10-08	referenced by state-n
station	v	3	family	pending	2026-10-08	referenced by station-n
superstar	n	3	family	pending	2026-10-08	referenced by star-n
understatement	n	3	family	pending	2026-10-08	referenced by statement-n
famous	adj	1	closure	done	2026-10-08	wanted in star-n definition (2026-10-08); core word
underneath	adv	3	closure	done	2026-10-08	used in shoe-n senses[0].definition (adverb use)
challenge	v	3	crossref	pending	2026-10-08	referenced by contest-v
contract out	phrv	3	crossref	pending	2026-10-08	referenced by contract-v
contraction	n	3	family	pending	2026-10-08	referenced by contract-v
crack down	phrv	3	crossref	pending	2026-10-08	referenced by crack-v
crack up	phrv	3	crossref	pending	2026-10-08	referenced by crack-v
crowd out	phrv	3	crossref	pending	2026-10-08	referenced by crowd-v
debit	v	3	crossref	pending	2026-10-08	referenced by credit-v
fame	n	3	family	pending	2026-10-08	referenced by famous-adj
famously	adv	3	family	pending	2026-10-08	referenced by famous-adj
infamous	adj	3	crossref	pending	2026-10-08	referenced by famous-adj
inventive	adj	3	family	pending	2026-10-08	referenced by invent-v
inventor	n	3	family	pending	2026-10-08	referenced by invent-v
snap	v	3	crossref	pending	2026-10-08	referenced by crack-v
well known	adj	3	crossref	pending	2026-10-08	referenced by famous-adj
belly	n	3	crossref	pending	2026-10-08	referenced by stomach-n
cane	n	3	crossref	pending	2026-10-08	referenced by stick-n
foreigner	n	3	crossref	pending	2026-10-08	referenced by stranger-n
gem	n	3	crossref	pending	2026-10-08	referenced by stone-n
steamy	adj	3	family	pending	2026-10-08	referenced by steam-n
step	v	3	family	pending	2026-10-08	referenced by step-n
stomach	v	3	family	pending	2026-10-08	referenced by stomach-n
stomachache	n	3	family	pending	2026-10-08	referenced by stomach-n
stone	v	3	family	pending	2026-10-08	referenced by stone-n
stony	adj	3	family	pending	2026-10-08	referenced by stone-n
storeroom	n	3	crossref	pending	2026-10-08	referenced by store-n
storm	v	3	family	pending	2026-10-08	referenced by storm-n
stormy	adj	3	family	pending	2026-10-08	referenced by storm-n
storyteller	n	3	family	pending	2026-10-08	referenced by story-n
strategic	adj	3	family	pending	2026-10-08	referenced by strategy-n
strategically	adv	3	family	pending	2026-10-08	referenced by strategy-n
tactic	n	3	crossref	pending	2026-10-08	referenced by strategy-n
tale	n	3	crossref	pending	2026-10-08	referenced by story-n
thunderstorm	n	3	crossref	pending	2026-10-08	referenced by storm-n
tummy	n	3	crossref	pending	2026-10-08	referenced by stomach-n
creek	n	3	crossref	pending	2026-10-08	referenced by stream-n
pupil	n	3	crossref	pending	2026-10-08	referenced by student-n
strain	n	3	crossref	pending	2026-10-08	referenced by stress-n
stream	v	3	family	pending	2026-10-08	referenced by stream-n
stressed	adj	3	family	pending	2026-10-08	referenced by stress-n
stressful	adj	3	family	pending	2026-10-08	referenced by stress-n
striker	n	3	family	pending	2026-10-08	referenced by strike-n
striking	adj	3	family	pending	2026-10-08	referenced by strike-n
string	v	3	family	pending	2026-10-08	referenced by string-n
structural	adj	3	family	pending	2026-10-08	referenced by structure-n
structure	v	3	family	pending	2026-10-08	referenced by structure-n
stuff	v	3	family	pending	2026-10-08	referenced by stuff-n
stuffing	n	3	family	pending	2026-10-08	referenced by stuff-n
stuffy	adj	3	family	pending	2026-10-08	referenced by stuff-n
tension	n	3	crossref	pending	2026-10-08	referenced by stress-n
hint	n	3	crossref	pending	2026-10-08	referenced by suggestion-n; referenced by suspicion-n
style	v	3	family	pending	2026-10-08	referenced by style-n
stylist	n	3	family	pending	2026-10-08	referenced by style-n
subject	adj	3	family	pending	2026-10-08	referenced by subject-n
subject	v	3	family	pending	2026-10-08	referenced by subject-n
successfully	adv	3	family	pending	2026-10-08	referenced by success-n
sugary	adj	3	family	pending	2026-10-08	referenced by sugar-n
sunny	adj	3	family	pending	2026-10-08	referenced by sun-n
sunshine	n	3	crossref	pending	2026-10-08	referenced by sun-n
theme	n	3	crossref	pending	2026-10-08	referenced by subject-n
trace	n	3	crossref	pending	2026-10-08	referenced by suggestion-n; referenced by suspicion-n
approval	adj	3	closure	pending	2026-10-08	used in support-n senses[0].definition
hips	n	3	closure	duplicate	2026-10-08	used in pants-n senses[0].definition; pos guessed (no morphological signal), check before claiming; plural of hip-n, already queued
distrust	n	3	crossref	pending	2026-10-09	referenced by suspicion-n
perspiration	n	3	crossref	pending	2026-10-09	referenced by sweat-n
surface	v	3	family	pending	2026-10-09	referenced by surface-n
surgical	adj	3	family	pending	2026-10-09	referenced by surgery-n
sweatpants	n	3	family	pending	2026-10-09	referenced by sweat-n
sweatshirt	n	3	family	pending	2026-10-09	referenced by sweat-n
sweaty	adj	3	family	pending	2026-10-09	referenced by sweat-n
symbolic	adj	3	family	pending	2026-10-09	referenced by symbol-n
symbolize	v	3	family	pending	2026-10-09	referenced by symbol-n
systematic	adj	3	family	pending	2026-10-09	referenced by system-n
tail	v	3	family	pending	2026-10-09	referenced by tail-n
